pair_id,condition,subject,confidence,bn_context,banglish_context,bn_question,banglish_question,bn_correct_answer,banglish_correct_answer,bn_wrong_answer,banglish_wrong_answer,hallucination_type_guess,source_original_pair_id,reviewer_status,reviewer_notes
pilot_000000,has_context,law,low,১৭৭৪ সালের সনদে কলকাতায় সুপ্রিম কোর্ট অব জুডিকেচার প্রতিষ্ঠিত হয়।,1774 shaler sonode kolokatayo suprimo korto obo judikecharo protishthito hoi.,প্রদত্ত প্রসঙ্গ অনুযায়ী বাংলাদেশের বিচারব্যবস্থার ঐতিহাসিক বিকাশ সম্পর্কে কী বলা হয়েছে?,prodotto prosongo anujayi bangladesher bicharobjobostharo oitihasiko bikasho somporke kii bola hoise?,১৭৭৪ সালের সনদে কলকাতায় সুপ্রিম কোর্ট অব জুডিকেচার প্রতিষ্ঠিত হয়।,1774 shaler sonode kolokatayo suprimo korto obo judikecharo protishthito hoi.,১৭৭৫ সালের সনদে কলকাতায় সুপ্রিম কোর্ট অব জুডিকেচার প্রতিষ্ঠিত হয়।,1775 shaler sonode kolokatayo suprimo korto obo judikecharo protishthito hoi.,numeric,bnp_000021,,
pilot_000001,has_context,law,low,"ধারা ৩০ অনুযায়ী, পরিষদ গঠন বা প্রশাসক নিয়োগের পর পূর্ববর্তী দায়িত্বশীল ব্যক্তি পরিষদের নগদ অর্থ, পরিসম্পদ, দলিল, রেজিস্টার ও সিলমোহর নতুন দায়িত্বপ্রাপ্ত ব্যক্তির কাছে হস্তান্তর করবেন।","dhara 30 onujayi, porishodo gothono ba proshasoko niyogero poro purboborti dayitboshilo bjokti porishodero nogodo ortho, porisompodo, dolilo, rejistaro o silomohoro notuno dayitboprapto bjoktiro kase hostantoro korobeno.","প্রদত্ত প্রসঙ্গ অনুযায়ী স্থানীয় সরকার (ইউনিয়ন পরিষদ) আইন, ২০০৯-এর ধারা ৩০ সম্পর্কে কী বলা হয়েছে?","prodotto prosongo anujayi sthaniyo sorkar (iuniyono porishodo) ain, 2009-er dhara 30 somporke kii bola hoyeche?","ধারা ৩০ অনুযায়ী, পরিষদ গঠন বা প্রশাসক নিয়োগের পর পূর্ববর্তী দায়িত্বশীল ব্যক্তি পরিষদের নগদ অর্থ, পরিসম্পদ, দলিল, রেজিস্টার ও সিলমোহর নতুন দায়িত্বপ্রাপ্ত ব্যক্তির কাছে হস্তান্তর করবেন।","dhara 30 anujayi, porishodo gothono ba proshasoko niyogero poro purboborti dayitboshilo bjokti porishodero nogodo orth, porisompodo, dolilo, rejistaro o silomohoro notuno dayitboprapto bjoktiro kase hostantoro korobeno.","ধারা ৩১ অনুযায়ী, পরিষদ গঠন বা প্রশাসক নিয়োগের পর পূর্ববর্তী দায়িত্বশীল ব্যক্তি পরিষদের নগদ অর্থ, পরিসম্পদ, দলিল, রেজিস্টার ও সিলমোহর নতুন দায়িত্বপ্রাপ্ত ব্যক্তির কাছে হস্তান্তর করবেন।","dhara 31 onujayi, porishodo gothono ba proshasoko niyogero poro purboborti dayitboshilo bjokti porishodero nogodo orth, porisompodo, dolilo, rejistaro o silomohoro notuno dayitboprapto bjoktiro kase hostantoro korobeno.",numeric,bnp_000070,,
pilot_000002,has_context,reading_comprehension,low,নৌবাহিনী প্রধান বাংলাদেশ নৌবাহিনীর অধিনায়ক এবং সর্বোচ্চ পদধারী কর্মকর্তা। এই পদকে সংক্ষেপে সিএনএস ও বলা হয়। বর্তমানে বাংলাদেশ নৌবাহিনীর প্রধান হন চার তারকা অ্যাডমিরাল পদমর্যাদার একজন কর্মকর্তা। নৌবাহিনীর বর্তমান প্রধান হচ্ছেন অ্যাডমিরাল নিজামউদ্দিন আহমেদ যিনি ২৭ জানুয়ারি ২০১৬ দায়িত্ব গ্রহণ করেন।[1][2],noubahini prodhano bangladesh noubahiniro odhinayoko ebng sorbochcho pododhari kormokorta. ei podoke songkshepe sienoeso o bola hoi. bortomane bangladesh noubahiniro prodhano hono charo taroka ojadomiralo podomorjadaro ekojono kormokorta. noubahiniro bortomano prodhano hochchheno ojadomiralo nijamouddino ahomedo jini 27 januyari 2016 dayitbo grohono koren.[1][2],বাংলাদেশ নৌবাহিনীর বর্তমান (২০১৮) নৌসেনা প্রধানের নাম কী ?,bangladesh noubahiniro bortomano (2018) nousena prodhanero naam kii ?,নিজামউদ্দিন আহমেদ,nijamouddino ahomedo,অ্যাডমিরাল আহমেদ,ojadomiralo ahomedo,relational,bnp_000083,,
pilot_000003,no_context,mathematics,low,,,কোন মাসে 30 দিন থাকলে ওই মাসে কোন একটি বার সর্বোচ্চ কতবার আসতে পারে?,kon mase 30 dine thakole oi mase kon ekti baro sorbochcho kotobaro asote pare?,5,5,7,7,fabricated,bnp_000098,,
pilot_000004,no_context,grammar,low,,,কোনটি উপসর্গ?,konta uposorgo?,অতি,oti,গমন,gomono,fabricated,bnp_000147,,
pilot_000005,has_context,history,low,"১৯৯৬ সালের ২২ মার্চ সেগুনবাগিচার একটি সাবেকী ভবন ভাড়া নিয়ে যথাযথ সংস্কার শেষে দ্বার উদ্‌ঘাটন হয় মুক্তিযুদ্ধ জাদুঘরের। আটজন ট্রাস্টির উদ্যোগে ইতিহাসের স্মারক সংগ্রহ, সংরক্ষণ ও উপস্থাপনের এই প্রয়াস গোড়া থেকেই ব্যাপক মানুষের সমর্থন ও সহায়তায় ধন্য হয়েছে। বর্তমানে জাদুঘরের সংগ্রহভাণ্ডারে জমা হয়েছে ১৫,০০০-এরও বেশি স্মারক।","1996 shaler 22 marcho segunobagicharo ekta sabeki bhobono bhara niye jothajotho songskaro sheshe dbaro ud‌ghatono hoi muktijuddho jadughorero. atojono trastiro udjoge itihasero smaroko songgroho, songrokshono o uposthaponero ei proyaso gora thekei bjapoko manushero somorthono o sohayotayo dhonjo hoise. bortomane jadughorero songgrohobhandare joma hoise 15,000-eroo beshi smaroko.",মুক্তিযুদ্ধ জাদুঘর প্রথমে কোথায় ভাড়া বাড়িতে চালু হয়?,muktizuddho jadughoro prothome kothay bhara barite chalu hoi?,সেগুনবাগিচার একটি সাবেকী ভবনে,segunobagicharo ekta sabeki bhobone,সেগুনবাগিচার একটি সাবেকী ভবণে,segunobagicharo ekta sabeki bhobone,relational,bnp_000148,,
pilot_000006,has_context,reading_comprehension,low,"রোনালদো পর্তুগাল জাতীয় দলের হয়ে খেলেন, যাদের হয়ে ২০০৩ সালের আগস্ট মাসে কাজাকিস্তানের বিরুদ্ধে তার অভিষেক ঘটে। তিনি জাতীয় দলের হয়ে ১০০ এর অধিক ম্যাচ খেলেছেন এবং তিনি পর্তুগালের হয়ে সর্বোচ্চ গোলের অধিকারী। তিনি পর্তুগালের হয়ে প্রধান ৫টি টুর্নামেন্ট; ২০০৪ উয়েফা ইউরো, ২০০৬ ফিফা বিশ্বকাপ, ২০০৮ উয়েফা ইউরো, ২০১০ ফিফা বিশ্বকাপ এবং ২০১২ উয়েফা ইউরোতে অংশগ্রহণ করেছেন। ২০০৪ সালের উয়েফা ইউরোর প্রথম খেলায়, গ্রিসের বিরুদ্ধে তিনি তার প্রথম আন্তর্জাতিক গোল করেন। ২০০৮ সালের জুলাই মাসে পর্তুগালের অধিনায়ক হন এবং ২০১২ সালের উয়েফা ইউরোতে অধিনায়ক হিসেবে দলকে সেমি-ফাইনালে নিয়ে যান এবং প্রতিযোগিতায় সর্বোচ্চ গোল করেন।","ronalodo portugalo jatiyo dolero hoye kheleno, jadero hoye 2003 saler agosto mase kajakistanero biruddhe tar obhisheko ghote. tini jatiyo dolero hoye 100 er odhiko mjacho khelechheno ebng tini portugalero hoye sorbochcho golero odhikari. tini portugalero hoye prodhano 5ti turnamento; 2004 uyefa iuro, 2006 fifa bishbokapo, 2008 uyefa iuro, 2010 fifa bishbokapo ebong 2012 uyefa iurote ongshogrohono korechheno. 2004 shaler uyefa iuroro prthom khelayo, grisero biruddhe tini tar prthom antorjatiko golo korn. 2008 shaler julai mase portugalero odhinayoko hono ebng 2012 shaler uyefa iurote odhinayoko hisebe doloke semi-fainale niye jano ebng protijogitayo sorbochcho golo korn.",ক্রিস্তিয়ানো রোনালদো কোন সাল থেকে পর্তুগাল জাতীয় দলের হয়ে খেলা শুরু করেন ?,kristiyano ronalodo kon shal theke portugalo jatio dolero hoye khela shuru koren ?,২০০৩ সালের আগস্ট মাসে,2003 shaler agosto mase,২০০৪ সালের আগস্ট মাসে,2004 saler agosto mase,numeric,bnp_000159,,
pilot_000007,no_context,science,low,,,ক্যান্সার চিকিৎসার কোন পদ্ধতিতে তেজস্ক্রিয় রশ্মি প্রয়োগ করা হয়?,kjansaro chikitosaro kon poddhotite tejoskriyo roshmi proyogo kora hoi?,রেডিওথেরাপি,rediotherapi,ক্লোরোফিল,klorofilo,fabricated,bnp_000167,,
pilot_000008,has_context,reading_comprehension,low,"দেশের প্রথম প্রধানমন্ত্রী ছিলেন ভারতের অন্তর্বর্তীকালীন সরকারের অর্থমন্ত্রী লিয়াকত আলি খান । এযাবৎ কোনো প্রধানমন্ত্রী তার কার্যকাল সম্পূর্ণ করতে পারেনি। দীর্ঘ মেয়াদি প্রধানমন্ত্রীরা হলেন বেনজীর ভুট্টো , নওয়াজ শরীফ ও ইউসুফ রেজা গিলানি।","deshero prthom prodhanmntri chhileno bharoter ontorbortikalino sorokarero orthomontri liyakoto ali khano . ejaboto kono prodhanmontri tar karjokalo sompurno korte pareni. dirgho meyadi prodhanomontrira holeno benojiro bhutto , nooyajo shorifo o iusufo reja gilani.",স্বাধীন পাকিস্তানের প্রথম প্রধানমন্ত্রী কে ?,sbadhino pakistanero prothom prodhanmontri ke ?,লিয়াকত আলি খান,liyakoto ali khano,মেয়াদি আলি খান,meyadi ali khano,relational,bnp_000480,,
pilot_000009,no_context,idiom_meaning,low,,,"""গুড়ে বালি"" এর ভাবার্থ কী?","""gure bali"" er bhabartho kii?",আশায় নৈরাশ্য,ashayo noirashjo,নিজ দেশে গুণীর কদর নেই,nijo deshe guniro kodoro nei,fabricated,bnp_000560,,
pilot_000010,has_context,history,low,দক্ষিণ এশীয় আঞ্চলিক সহযোগিতা সংস্থা (সার্ক) ১৯৮৫ সালের ৮ই ডিসেম্বর বাংলাদেশের রাজধানী ঢাকায় প্রতিষ্ঠিত হয়।,dokshino eshiyo ancholiko sohojogita songstha (sarko) 1985 saler 8i disemboro bangladesher rajdhani dhakayo protishthito hoy.,সার্ক কবে ও কোথায় প্রতিষ্ঠিত হয়?,sarko kobe o kothay protishthito hoy?,১৯৮৫ সালের ৮ই ডিসেম্বর বাংলাদেশের রাজধানী ঢাকায়।,1985 saler 8i disemboro bangladesher rajdhani dhakayo.,১৯৮৩ সালের ৮ই ডিসেম্বর নেপালের কাঠমান্ডুতে।,1983 shaler 8i disemboro nepalero kathomandute.,numeric,bnp_000617,,
pilot_000011,has_context,reading_comprehension,low,"১৯৫৮ সালে, একটি বছর সাদ্দাম পর বাথ পার্টি যোগদান করেন, সেনা অফিসারদের সাধারণ আব্দ আল করিম কাসেমের নেতৃত্বে ইরাকে দ্বিতীয় ফয়সাল ১৪ জুলাই বিপ্লবে ধ্বংস করে দিলেন.","1958 sale, ekta bosor saddamo poro batho parti jogodano koren, sena ofisarodero sadharono abdo alo korimo kasemero netritbe irake dbitiyo foyosalo 14 julai biplobe dhbongso kore dileno.",সাদ্দাম হোসেন আবদুল মাজিদ আল তিকরিতি কোন রাজনৈতিক দলের নেতা ছিলেন ?,saddamo hoseno abodulo majido alo tikoriti kon rajonoitiko dolero neta chhileno ?,বাথ পার্টি,batho parti,বাথ ফয়সাল,batho foyosalo,relational,bnp_000665,,
pilot_000012,has_context,history,low,"তিনি ১৯৯৭ - ১৯৯৮ সালের জন্য ভারতের খেলাধুলার সর্বোচ্চ পুরস্কার রাজীব গান্ধী খেলরত্ন পুরস্কার এবং ১৯৯৯ সালে পদ্মশ্রী পুরস্কার অর্জন করেন। ২০০৮ খ্রিষ্টাব্দে তাঁকে ভারতের দ্বিতীয় সর্বোচ্চ পুরস্কার পদ্মভূষণ প্রদান করা হয়। ২০১০ খ্রিষ্টাব্দে আইসিসির পক্ষ থেকে শচীনকে বর্ষসেরা ক্রিকেটার হিসেবে স্যার গারফিল্ড সোবার্স ট্রফি প্রদান করে।[18] ২০১২ খ্রিষ্টাব্দে তিনি রাজ্যসভার সদস্য মনোনীত হন।[19] শচীন প্রথম ভারতীয় খেলোয়াড়, যাকে ভারতীয় বিমানবাহিনী মর্যাদাসূচক ক্যাপ্টেন পদ প্রদান করে।","tini 1997 - 1998 saler jonno bharoter kheladhularo sorbochcho puroskaro rajibo gandhi khelorotno puroskaro ebng 1999 sale podmoshri puroskaro orjono korn. 2008 khrishtabde take indian dbitiyo sorbochcho puroskaro podmobhushono prodano kora hoy. 2010 khrishtabde aisisiro poksho theke shochinoke borshosera kriketaro hisebe sjaro garofildo sobarso trofi prodano kore.[18] 2012 khrishtabde tini rajjosobharo sodosjo mononito hono.[19] shochino prothom bharotiyo kheloyaro, jake bharotiyo bimanobahini morjadasuchoko kjapteno podo prodano kore.",শচীন তেন্ডুলকার কত সালে পদ্মভূষণ পুরস্কার পান ?,shochino tendulokaro koto sale podmobhushono puroskaro pano ?,২০০৮ সালে তিনি পদ্মভূষণ লাভ করেন।,2008 sale tini podmobhushono labho koren.,২০০৭ সালে তিনি পদ্মভূষণ লাভ করেন।,2007 shale tini podmobhushono labho koren.,numeric,bnp_000762,,
pilot_000013,has_context,history,low,"স্টডার্টের ১৮৯৭/৯৮ সালের অস্ট্রেলিয়া সফরের পাঁচটি টেস্টের মধ্যে চারটিতে ওয়েনরাইট খেলেছিলেন, কিন্তু সফরের কিছুদিনের মধ্যেই তিনি বুঝতে পারেন যে তার অফ স্পিনে টার্ন কমে যাচ্ছে। বোলারের চেয়ে ব্যাটসম্যান হিসেবে ওয়েনরাইট বেশি ভালো ছিলেন। তাঁর সেরা ইনিংসগুলোর মধ্যে অন্যতম ছিল ১৯০০ সালে কেন্টের বিপক্ষে ম্যাচ জেতানো ১১৬ রানের ইনিংসটি।","stodartero 1897/98 shaler ostreliya soforero pachoti testero modhye charotite oyenoraito khelechhileno, kintu soforero kichhudinero modhjei tini bujhote pareno je tar ofo spine tarno kome jachchhe. bolarero cheye bjatosomjano hisebe oyenoraito beshi bhalo chhileno. taro sera iningsoguloro modhye onjotomo chilo 1900 sale kentero bipokshe mjacho jetano 116 ranero iningsoti.",১৮৯৭/৯৮ সালের অস্ট্রেলিয়া সফরে কোন অধিনায়কের নেতৃত্বে ইংল্যান্ড দল যায়?,1897/98 shaler ostreliya sofore kon odhinayokero netritbe ingljando dolo jayo?,স্টডার্টের নেতৃত্বে,stodartero netritbe,স্টডার্টের নেতৃত্ভে,stodartero netritbhe,relational,bnp_000774,,
pilot_000014,has_context,law,low,নিরীক্ষা কার্য যথাযথভাবে পরিচালনার জন্য তিনি যেরূপ আবশ্যক বলিয়া বিবেচনা করিবেন সেইরূপ কোন তথ্য তাহার সম্মুখে উপস্থাপন কিংবা লিখিতভাবে সরবরাহ করিবার জন্য চেয়ারম্যানকে অনুরোধ করিতে পারিবেন।,niriksha karjo jothajothobhabe porichalonaro jnno tini jerupo aboshjoko boliya bibechona koribeno seirupo kon tothjo taharo sommukhe uposthapono kingba likhitobhabe soroboraho koribaro jonno cheyaromjanoke onurodho korite paribeno.,"প্রদত্ত প্রসঙ্গ অনুযায়ী স্থানীয় সরকার (ইউনিয়ন পরিষদ) আইন, ২০০৯-এর ধারা ৬০ সম্পর্কে কী বলা হয়েছে?","prodotto prosngo onujayi sthaniyo shorkar (iuniyono porishodo) ain, 2009-er dhara 60 somporke kii bola hoise?",নিরীক্ষা কার্য যথাযথভাবে পরিচালনার জন্য তিনি যেরূপ আবশ্যক বলিয়া বিবেচনা করিবেন সেইরূপ কোন তথ্য তাহার সম্মুখে উপস্থাপন কিংবা লিখিতভাবে সরবরাহ করিবার জন্য চেয়ারম্যানকে অনুরোধ করিতে পারিবেন।,niriksha karjo jothajothobhabe porichalonaro jonno tini jerupo aboshjoko boliya bibechona koribeno seirupo kon tothjo taharo sommukhe uposthapono kingba likhitobhabe soroboraho koribaro jonno cheyaromjanoke onurodho korite paribeno.,নিরীক্ষা কার্য যথাযথভাবে পরিচালনার জন্য তিনি যেরূপ আবশ্যক বলিয়া বিবেচনা করিবেন সেইরূপ কোন তথ্য তাহার সম্মুখে উপস্থাপন কিংবা লিখিতভাবে সরবরাহ করিবার জন্য সদস্যকে অনুরোধ করিতে পারিবেন।,niriksha karjo jothajothobhabe porichalonaro jnno tini jerupo aboshjoko boliya bibechona koribeno seirupo kon tothjo taharo sommukhe uposthapono kingba likhitobhabe soroboraho koribaro jnno sodosjoke onurodho korite paribeno.,relational,bnp_000914,,
pilot_000015,has_context,reading_comprehension,low,"আঞ্জেল ডোলা আকোফা আগুইগাহ (জন্ম ৪ ডিসেম্বর ১৯৫৫) একজন টোগোলোজ প্রত্নতাত্ত্বিক এবং রাজনীতিবিদ। তিনি টোগো-র প্রথম নারী প্রত্নতাত্ত্বিক ছিলেন এবং ২০১৭ সালে তাকে ""টোগোর জীবন্ত মানব সম্পদ"" সম্মানে ভূষিত করা হয়।","anjelo dola akofa aguigaho (jonmo 4 disemboro 1955) ekojono togolojo protnotattbiko ebng rajonitibido. tini togo-ro prothom nari protnotattbiko chhileno ebng 2017 shale take ""togoro jibonto manobo sompodo"" sommane bhushito kora hoi.",আঞ্জেল আগুইগাহ কবে জন্মগ্রহণ করেন?,anjelo aguigaho kobe jonmogrohono koren?,আঞ্জেল ডোলা আকোফা আগুইগাহ (জন্ম ৪ ডিসেম্বর ১৯৫৫) একজন টোগোলোজ প্রত্নতাত্ত্বিক এবং রাজনীতিবিদ।,anjelo dola akofa aguigaho (jonmo 4 disemboro 1955) ekojono togolojo protnotattbiko ebng rajonitibido.,৪ ডিসেম্বর ২০১৭,4 disemboro 2017,numeric,bnp_000931,,
pilot_000016,has_context,history,low,২০২৩-বর্তমান: ইংল্যান্ডের বিপক্ষে তৃতীয় ওডিআই ম্যাচে তিনি এক দিনের আন্তর্জাতিক ক্রিকেটে প্রথম বাংলাদেশী বোলার এবং সামগ্রিকভাবে ১৪তম বোলার হিসেবে ৩০০ উইকেট শিকারি হন। ১৮ই মার্চ আয়ারল্যান্ডের বিপক্ষে প্রথম ওডিআইয়ে ৯৩ রান করেন এবং সনাথ জয়াসুরিয়া ও শহীদ আফ্রিদির পর তৃতীয় ক্রিকেটার হিসেবে ৭০০০ রান ও ৩০০ উইকেট শিকারি হন।,2023-bortomano: ingljandero bipokshe tritiyo odiai mjache tini eko dinero antorjatiko krikete prthom bangladeshi bolaro ebng samogrikobhabe 14tomo bolaro hisebe 300 uiketo shikari hono. 18i marcho ayaroljandero bipokshe prothom odiaiye 93 rano koren ebong sonatho joyasuriya o shohido afridiro poro tritiyo kriketaro hisebe 7000 rano o 300 uiketo shikari hono.,সাকিব ছাড়া আর কোন দুই ক্রিকেটার ৭০০০ রান ও ৩০০ উইকেটের মাইলফলক স্পর্শ করেছেন?,sakibo chhara aro kon dui kriketaro 7000 rano o 300 uiketero mailofoloko sporsho korechheno?,সনাথ জয়াসুরিয়া ও শহীদ আফ্রিদি,sonatho joyasuriya o shohido afridi,সনাথ জয়াসুরিয়া ও শহীদ আফ্রিদী,sonatho joyasuriya o shohido afridi,relational,bnp_001061,,
pilot_000017,has_context,reading_comprehension,low,"৯ মে, ১৯৮৭ সালে চলচ্চিত্র অভিনেত্রী মিমি রজার্সকে বিয়ে করেন তিনি। পরবর্তীতে ৪ ফেব্রুয়ারি, ১৯৯০ সালে তাদের মধ্যে বিবাহ-বিচ্ছেদ ঘটে।[11] ডেজ অব থান্ডার চলচ্চিত্রের সেটে ক্রুজের সাথে নিকোল কিডম্যানের প্রথম দেখা হয়। তারা ১৯৯০ সালের ২৪ ডিসেম্বর বিয়ে করেন। এ সংসারে ইসাবেলা জেন (জন্মঃ ডিসেম্বর, ১৯৯২) এবং কনর এন্টনী (জন্মঃ জানুয়ারি, ১৯৯৫) নামের দুই সন্তান রয়েছে।[11]২০০১ সালে তাদের বিচ্ছেদ হয়ে যায়। ভ্যানিলা স্কাই চলচ্চিত্রে অভিনয়ের সময় অভিনেত্রী পেনেলোপি ক্রুজের সাথে প্রেমের সম্পর্কে আবদ্ধ হন। তিন বছরের সম্পর্কটি ২০০৪ সালে ভেঙ্গে যায়।[12]","9 me, 1987 shale cholochchitro obhinetri mimi rojarsoke biye korn tini. porobortite 4 februyari, 1990 sale tader moddhe bibaho-bichchhedo ghote.[11] dejo obo thandaro cholochchitrero sete krujero sathe nikolo kidomjanero prothom dekha hoy. tara 1990 shaler 24 disemboro biye korn. e songsare isabela jeno (jonmoh disemboro, 1992) ebong konoro entoni (jonmoh januyari, 1995) namero dui sontano royeche.[11]2001 shale tader bichchhedo hoye jayo. bhjanila skai cholochchitre obhinoyero somoyo obhinetri penelopi krujero sathe premero somporke aboddho hono. tino bochhorero somporkoti 2004 sale bhengge jayo.[12]",টম ক্রুজের প্রথম স্ত্রীর নাম কী ?,tomo krujero prothom striro naam kii ?,মিমি রজার্স,mimi rojarso,মিমি এন্টনী,mimi entoni,relational,bnp_001072,,
pilot_000018,no_context,vocabulary,low,,,"""ঢিল দিয়ে ঢিল টানা"" এর শাব্দিক অর্থ কী?","""dhilo diye dhilo tana"" er shabdiko ortho ki?",পাথর দিয়ে পাথর ছুড়ে মারা,pathoro diye pathoro chhure mara,পোড়া বা জ্বলনের অনুভূতি,pora ba jbolonero onubhuti,fabricated,bnp_001077,,
pilot_000019,has_context,reading_comprehension,low,"আশির দশকের প্রারম্ভে ব্যান্ডটি ভেঙে যাবার পর সদস্যরা বিভিন্ন কর্মজীবনে মনোনিবেশ দেয়। গৌতম চট্টোপাধ্যায় কলকাতায় চলচ্চিত্র নিয়ে ব্যস্ত হয়ে পড়েন, বিশ্বনাথ চট্টোপাধ্যায় পাড়ি জমান সান ফ্রান্সিসকোতে, প্রদীপ চট্টোপাধ্যায় তার প্রকৌশলী জীবনে মনোযোগ দেন, রঞ্জন ঘোষাল বেঙ্গালুরুতে বিঞ্জাপন আর থিয়েটারে যুক্ত হয়ে পড়েন, এব্রাহাম মজুমদার জার্মানিতে মিউজিক স্কুল চালু করেন, তাপস দাস কলকাতায় চলচ্চিত্র ও প্রামাণ্যচিত্র নিয়ে কাজ শুরু করেন আর তপেশ বন্দ্যোপাধ্যায় যোগ দেন তার কর্মজীবনে।[6]","ashiro doshokero prarombhe bjandoti bhenge jabaro poro sodosjora bibhinno kormojibone mononibesho deyo. goutomo chottopadhjayo kolokatayo cholochchitro niye bjosto hoye poreno, bishbonatho chottopadhjayo pari jomano sano fransisokote, prodipo chottopadhjayo tar prokousholi jibone monojogo deno, ronjono ghoshalo benggalurute binjapono aro thiyetare jukto hoye poreno, ebrahamo mojumodaro jarmanite miujiko skulo chalu koren, taposo daso kolokatayo cholochchitro o pramanjochitro niye kajo shuru koren aro topesho bondjopadhjayo jogo deno tar kormojibone.[6]",মহীনের ঘোড়াগুলি ব্যান্ডটি কবে ভেঙে যায় ?,mohinero ghoraguli bjandoti kobe bhenge jayo ?,আশির দশকের প্রারম্ভে,ashiro doshokero prarombhe,আশির দশকের কর্মজীবনে,ashiro doshokero kormojibone,relational,bnp_001112,,
pilot_000020,has_context,reading_comprehension,low,খাদিজা বিনতে খুওয়াইলিদ (Arabic: خديجة بنت خويلد‎) হলেন ইসলাম গ্রহণকারী প্রথম ব্যক্তি এবং এই মহাবিশ্বের সর্বশেষ নবী মুহাম্মদ (স.) এর প্রথম স্ত্রী।[1] তার কুনিয়া উম্মু হিন্দ এবং উপাধি তাহিরা। ইসলামের গ্রহণের আগেই পবিত্র চরিত্রের জন্য তাহিরা উপাধি লাভ করেন; যার অর্থ পবিত্র।[2],khadija binote khuoyailido (arabic: خديجة بنت خويلد‎) holeno isolamo grohonokari prothom bjokti ebong ei mohabishbero sorboshesho nobi muhammodo (so.) er prothom stri.[1] tar kuniya ummu hindo ebng upadhi tahira. isolamero grohonero agei pobitro choritrero jnno tahira upadhi labho koren; jaro orth pobitro.[2],নবী মুহাম্মদের প্রথম স্ত্রীর নাম কী ?,nobi muhammodero prothom striro nam ki ?,খাদিজা বিনতে খুওয়াইলিদ,khadija binote khuoyailido,খাদিজা বিনতে মহাবিশ্বের,khadija binote mohabishbero,relational,bnp_001258,,
pilot_000021,has_context,reading_comprehension,low,"“ভাগোয়া বা গেরুয়া রঙ ত্যাগ ও বৈরাগ্যের প্রতীক। আমাদের নেতৃবৃন্দকে পার্থিব লাভের প্রতি উদাসীন ও আপন আপন কাজে যত্নবান হইতে হইবে। মধ্যস্থলে সাদা আমাদের আত্মনিয়ন্ত্রণ ও স্বভাবের পথপ্রদর্শক সত্যপথ আলোর প্রতীক। সবুজ মৃত্তিকা তথা সকল প্রাণের প্রাণ উদ্ভিজ্জ জগতের সহিত আমাদের সম্বন্ধটি ব্যক্ত করিতেছে। সাদা অংশের কেন্দ্রস্থলে অশোকচক্র ধর্ম অনুশাসনের প্রতীক। সত্য ও ধর্ম এই পতাকাতলে কর্মরত সকলের নিয়ন্ত্রণনীতি হইবে। এতদ্ভিন্ন, চক্রটি গতিরও প্রতীক। স্থবিরতায় আসে মৃত্যু। জীবন গতিরই মধ্যে। পরিবর্তনকে বাধাদান ভারতের আর উচিত হইবে না, তাহাকে সম্মুখে অগ্রসর হইতে হইবেই। এই চক্রটি শান্তিপূর্ণ পরিবর্তনের গতিশীলতার প্রতীক।[10]”","“bhagoya ba geruya rongo tjago o boiragjero protiko. amadero netribrindoke parthibo labhero proti udasino o apono apono kaje jotnobano hoite hoibe. modhjosthole sada amadero atmoniyontrono o sbobhabero pothoprodorshoko sotjopotho aloro protiko. sobujo mrittika totha sokolo pranero prano udbhijjo jogotero sohito amadero sombondhoti bjokto koritechhe. sada ongshero kendrosthole oshokochokro dhormo onushasonero protiko. sotjo o dhormo ei potakatole kormoroto sokolero niyontrononiti hoibe. etodbhinno, chokroti gotiroo protiko. sthobirotayo ase mritju. jibono gotiroi moddhe. poribortonoke badhadano bharoter aro uchito hoibe na, tahake sommukhe ogrosoro hoite hoibei. ei chokroti shantipurno poribortonero gotishilotaro protiko.[10]”",ভারতীয় জাতীয় পতাকার গেরুয়া রংটি কিসের প্রতীক ?,bharotiyo jatio potakaro geruya rongti kisero protiko ?,ত্যাগ ও বৈরাগ্যের,tjago o boiragjero,ত্যাগ ও অনুশাসনের,tjago o onushasonero,relational,bnp_001365,,
pilot_000022,has_context,others,low,কুমিল্লা মডার্ণ হাই স্কুল ১৯৯৩ সালে প্রতিষ্ঠিত। ব্যবহৃত তথ্যসূত্রে বিদ্যালয়টির শিক্ষার্থীসংখ্যা প্রায় ৪৫০০ বলে উল্লেখ আছে।,kumilla modarno hai skulo 1993 sale protishthito. bjobohrito tothjosutre bidjaloyotiro shiksharthisongkhja prayo 4500 bole ullekho asche.,কুমিল্লা মডার্ণ হাই স্কুলের বর্তমান শিক্ষার্থীর সংখ্যা কত ?,kumilla modarno hai skulero bortomano shiksharthiro songkhya koto ?,প্রায় ৪৫০০ জন।,prayo 4500 jon.,প্রায় ৪০০০ জন।,prayo 4000 jon.,numeric,bnp_001389,,
pilot_000023,has_context,reading_comprehension,low,"ডেম আন্দ্রেয়া মারি জেনকিন্স  (জন্ম ১৬ জুন ১৯৭৪) একজন ব্রিটিশ রাজনীতিবিদ যিনি ২০১৯ সাল থেকে ইউরোপীয় গবেষণা গ্রুপ (ERG) এর ডেপুটি চেয়ারওম্যান হিসেবে দায়িত্ব পালন করছেন।
তিনি শ্যাডো চ্যান্সেলর এড বলকে পরাজিত করে ২০১৫ সালের সাধারণ নির্বাচনে ওয়েস্ট ইয়র্কশায়ারের মর্লে এবং আউটউডের জন্য রক্ষণশীল সংসদ সদস্য হিসেবে প্রথম নির্বাচিত হন। তিনি ইউরোসেপ্টিক সংগঠন লিভ মানে ছুটির একজন উকিল ছিলেন। ব্রেক্সিট পরিচালনার কারণে কনজারভেটিভ পার্টির নেতৃত্বের সময় তিনি থেরেসা মে- এর কঠোর সমালোচক ছিলেন। জেনকিন্স জুলাই থেকে অক্টোবর ২০২২ পর্যন্ত দক্ষতার জন্য সংসদীয় আন্ডার সেক্রেটারি হিসাবে দায়িত্ব পালন করেছিলেন, য","demo andreya mari jenokinso  (jonmo 16 juno 1974) ekojono britisho rajonitibido jini 2019 sal theke iuropiyo gobeshona grupo (erg) er deputi cheyaroomjano hisebe dayitbo palono korochheno.
tini shjado chjanseloro edo boloke porajito kore 2015 shaler sadharono nirbachone oyesto iyorkoshayarero morle ebong autoudero jonno rokshonoshilo songsodo sodosjo hisebe prthom nirbachito hono. tini iuroseptiko songgothono libho mane chhutiro ekojono ukilo chhileno. breksito porichalonaro karone konojarobhetibho partiro netritbero somoyo tini theresa me- er kothoro somalochoko chhileno. jenokinso julai theke oktoboro 2022 porjonto dokshotaro jnno songsodiyo andaro sekretari hisabe dayitbo palono korechhileno, jo",আন্দ্রেয়া জেনকিন্স কবে জন্মগ্রহণ করেন?,andreya jenokinso kobe jonmogrohono koren?,ডেম আন্দ্রেয়া মারি জেনকিন্স (জন্ম ১৬ জুন ১৯৭৪) একজন ব্রিটিশ রাজনীতিবিদ যিনি ২০১৯ সাল থেকে ইউরোপীয় গবেষণা গ্রুপ (ERG) এর ডেপুটি চেয়ারওম্যান হিসেবে দায়িত্ব পালন করছেন।,demo andreya mari jenokinso (jonmo 16 juno 1974) ekojono britisho rajonitibido jini 2019 sal theke iuropiyo gobeshona grupo (erg) er deputi cheyaroomjano hisebe dayitbo palono korochheno.,১৬ জুন ২০১৯,16 juno 2019,numeric,bnp_001391,,
pilot_000024,no_context,history,low,,,‘উত্থান’ শব্দের সন্ধি বিচ্ছেদ কী?,‘utthano’ shobder sondhi bichchhedo ki?,উৎ + স্থান,uto + sthano,উৎ + স্থাণ,uto + sthano,fabricated,bnp_001417,,
pilot_000025,has_context,history,low,১৯৭১ সালের ২৫ মার্চ রাতে অপারেশন সার্চলাইট সংঘটিত হবার সময় শেখ মুজিবুর রহমানকে পাকিস্তানি বাহিনী গ্রেফতার করার আগ মুহূর্তে ২৬ মার্চের প্রথম প্রহরে শেখ মুজিব ইপিআর এর একটি ছোট ট্রান্সমিটারের মাধ্যমে বাংলাদেশের স্বাধীনতা ঘোষণা করেন। এরপর ২৭ মার্চ চট্টগ্রামের কালুরঘাট বেতারকেন্দ্র হতে মেজর জিয়াউর রহমান আনুষ্ঠানিকভাবে শেখ মুজিবের পক্ষ হতে বাংলাদেশের স্বাধীনতা ঘোষণা দেন।,1971 saler 25 marcho rate opareshono sarcholaito songghotito hobaro somoyo shekho mujiburo rohomanoke pakistani bahini grefotaro koraro ago muhurte 26 marchero prothom prohore shekho mujibo ipiaro er ekti chhoto transomitarero madhjome bangladesher shadhinota ghoshona koren. eroporo 27 marcho chottogramero kaluroghato betarokendro hote mejoro jiyauro rohomano anushthanikobhabe shekho mujibero poksho hote bangladesher shadhinota ghoshona deno.,শেখ মুজিবের পক্ষে বাংলাদেশের স্বাধীনতার আনুষ্ঠানিক ঘোষণা কে দেন?,shekho mujibero pokshe bangladesher sbadhinotaro anushthaniko ghoshona ke deno?,মেজর জিয়াউর রহমান,mejoro jiyauro rohomano,মেজর জিয়াউর রহমাণ,mejoro jiyauro rohomano,relational,bnp_001483,,
pilot_000026,no_context,mathematics,low,,,ফুলদানিতে ৯০ টি লাল পাতাবাহার এবং ৩ টি হলুদ পাতাবাহার ছিল। সেঁজুতি তার ফুলের বাগান থেকে কিছু লাল পাতাবাহার কেটে ফেলল। ফুলদানিতে এখন ১৫০ টি লাল পাতাবাহার রয়েছে। সে কয়টি লাল পাতাবাহার কেটেছিল?,fulodanite 90 ti lalo patabaharo ebng 3 ti holudo patabaharo silo. sejuti tar fulero bagano theke kichhu lalo patabaharo kete felolo. fulodanite akhn 150 ta lalo patabaharo roeche. se koyti lalo patabaharo ketechhilo?,60,60,72,72,fabricated,bnp_001542,,
pilot_000027,has_context,reading_comprehension,low,"তারা (Sanskrit: तारा, tārā; Tib. སྒྲོལ་མ, Drolma) বা আর্যতারা হলেন মহাযান বৌদ্ধধর্মের একজন নারী বোধিসত্ত্ব, যিনি বজ্রযান বৌদ্ধধর্মে একজন নারী বুদ্ধের মর্যাদা পান। তিব্বতি বৌদ্ধধর্মে তাঁকে জেতসুন দোলমা (তিব্বতি ভাষা:rje btsun sgrol ma) বলা হয়। তিনি ""নির্বাণ-জননী"" হিসেবে পরিচিত। তারা কাজ ও কীর্তির গুণাবলির সাফল্যের প্রতিনিধি। জাপানে তিনি ""তারা বোসাতসু"" (多羅菩薩) নামে পরিচিত। চীনা বৌদ্ধধর্মে তিনি দৌলাও পূসা নামে (多羅菩薩) স্বল্প-পরিচিত।[1]","tara (sanskrit: तारा, tārā; tib. སྒྲོལ་མ, drolma) ba arjotara holeno mohajano bouddhodhormero ekojono nari bodhisottbo, jini bojrojano bouddhodhorme ekojono nari buddhero morjada pano. tibboti bouddhodhorme take jetosuno doloma (tibboti bhasha:rje btsun sgrol ma) bola hoy. tini ""nirbano-jononi"" hisebe porichito. tara kajo o kirtiro gunaboliro safoljero protinidhi. japane tini ""tara bosatosu"" (多羅菩薩) name porichito. china bouddhodhorme tini doulao pusa name (多羅菩薩) sbolpo-porichito.[1]","চীনা বৌদ্ধধর্মে ""তারা বা আর্যতারা"" নামক নারী বোধিসত্ত্ব কি নামে পরিচিত ?","china bouddhodhorme ""tara ba arjotara"" namoko nari bodhisottbo kii name porichito ?",দৌলাও পূসা,doulao pusa,btsun পূসা,btsun pusa,relational,bnp_001587,,
pilot_000028,has_context,history,low,নবান্ন হল পশ্চিমবঙ্গের হাওড়া শহরের একটি সরকারি ভবন। পশ্চিমবঙ্গের রাজ্য সচিবালয় ও প্রধান প্রশাসনিক দপ্তর মহাকরণ ভবনের সংস্কারের জন্য বর্তমানে এই ভবনটি অস্থায়ীভাবে পশ্চিমবঙ্গ রাজ্য সচিবালয় হিসেবে ব্যবহৃত হচ্ছে।[1] ২০১৩ সালের ৫ অক্টোবর এখানে সচিবালয় চালু করেন রাজ্যের মুখ্যমন্ত্রী মমতা বন্দ্যোপাধ্যায়।[2][3],nobanno holo poshchimobonggero haora shohorero ekti sorokari bhobono. poshchimobonggero rajjo sochibaloyo o prodhano proshasoniko doptoro mohakorono bhobonero songskarero jnno bortomane ei bhobonoti osthayibhabe poshchimobonggo rajjo sochibaloyo hisebe bjobohrito hochchhe.[1] 2013 saler 5 oktoboro ekhane sochibaloyo chalu korn rajjero mukhjomontri momota bondjopadhjayo.[2][3],পশ্চিমবঙ্গের সরকারি ভবন নবান্ন কত সালে চালু হয় ?,poshchimobonggero sorokari bhobono nobanno koto shale chalu hoy ?,নবান্ন ২০১৩ সালের ৫ অক্টোবর চালু হয়।,nobanno 2013 shaler 5 oktoboro chalu hoi.,নবান্ন ২০১২ সালের ১৫ অক্টোবর চালু হয়।,nobanno 2012 shaler 15 oktoboro chalu hoy.,numeric,bnp_001655,,
pilot_000029,has_context,history,low,প্রথম শহীদ স্মৃতিস্তম্ভ রাজশাহী নামে খ্যাত স্তম্ভটি ১৯৫২ সালের ২১ ফেব্রুয়ারি সন্ধ্যায় রাজশাহী কলেজ মুসলিম হোস্টেলের এফ ব্লকের সামনে ইট-কাদা দিয়ে নির্মাণ করা হয়। এই স্মৃতিস্তম্ভটি ২২ ফেব্রুয়ারি পুলিশ প্রশাসন দ্বারা ভেঙে ফেলা হয়।,prothom shohido smritistombho rajoshahi name khjato stombhoti 1952 saler 21 februyari sondhjayo rajoshahi kolejo musolimo hostelero efo blokero samone ito-kada diye nirmano kora hoy. ei smritistombhoti 22 februyari pulisho proshasono dbara bhenge fela hoy.,প্রথম শহীদ স্মৃতিস্তম্ভ কবে নির্মিত হয়?,prothom shohido smritistombho kobe nirmito hoy?,১৯৫২ সালের ২১ ফেব্রুয়ারি সন্ধ্যায়,1952 shaler 21 februyari sondhjayo,১৯৫৪ সালের ২১ ফেব্রুয়ারি সন্ধ্যায়,1954 shaler 21 februyari sondhjayo,numeric,bnp_001709,,
pilot_000030,has_context,reading_comprehension,low,দেবিকা রাণী নোবেল পুরস্কার বিজয়ী রবীন্দ্রনাথ ঠাকুরের আত্মীয় ছিলেন। দেবিকারানীর মা লীলা চৌধুরীর মাতামহী  সৌদামিনী  দেবী (গঙ্গোপাধ্যায়) ছিলেন  রবীন্দ্রনাথ ঠাকুরের  বড়দিদি।,debika rani nobelo puroskaro bijoyi robindronatho thakurero atmiyo chhileno. debikaraniro ma lila choudhuriro matamohi  soudamini  debi (gonggopadhjayo) chhileno  robindronatho thakurero  borodidi.,দেবিকা রাণী চৌধুরীর মায়ের নাম কী ?,debika rani choudhuriro mayero naam kii ?,লীলা চৌধুরী,lila choudhuri,লীলা দেবিকা,lila debika,relational,bnp_001819,,
pilot_000031,has_context,reading_comprehension,low,"খ্রিষ্টীয় চতুর্থ ও পঞ্চম শতাব্দীতে গুপ্ত রাজবংশের শাসনকালে উত্তর ভারত পুনরায় ঐক্যবদ্ধ হয়। হিন্দু নবজাগরণের সুবর্ণযুগ নামে পরিচিত এই সময়কালেই হিন্দু সংস্কৃতি, বিজ্ঞান ও রাজনৈতিক প্রশাসন এক নতুন উচ্চতায় প্রতিষ্ঠিত হয়। গুপ্ত রাজবংশের সর্বাপেক্ষা উল্লেখযোগ্য সম্রাট ছিলেন প্রথম চন্দ্রগুপ্ত, সমুদ্রগুপ্ত ও দ্বিতীয় চন্দ্রগুপ্ত। প্রাপ্ত আদি পুরাণ গ্রন্থগুলি এই সময়েই রচিত বলে অনুমিত হয়। মধ্য এশিয়ার হুনদের আক্রমণে এই সাম্রাজ্যের পতন ঘটেছিল। ষষ্ঠ শতাব্দীতে গুপ্ত সাম্রাজ্যের পতনের পর ভারতে একাধিক আঞ্চলিক রাজন্যশক্তির উদ্ভব ঘটে। সাম্রাজ্য বিভাজনের পর গুপ্তবংশের একটি অপ্রধান শাখা মগধ শাসন করতে থাকে। পরে বর্ধন রাজা হর্ষ তাদের ক্ষমতাচ্যুত করে সপ্তম শতাব্দীর প্রথমভাগে নিজস্ব সাম্রাজ্য স্থাপনে সমর্থ হন।","khrishtiyo choturtho o ponchomo shotabdite gupto rajobongshero shasonokale uttor india punorayo oikjoboddho hoi. hindu nobojagoronero subornojugo name porichito ei somoyokalei hindu songskriti, biggan o rajonoitiko proshasono eko notuno uchchotayo protishthito hoi. gupto rajobongshero sorbapeksha ullekhojogjo somrato chhileno prthom chondrogupto, somudrogupto o dbitiyo chondrogupto. prapto adi purano gronthoguli ei somoyei rochito bole onumito hoy. modhjo eshiyaro hunodero akromone ei samrajjero potono ghotechhilo. shoshtho shotabdite gupto samrajjero potonero poro bharote ekadhiko ancholiko rajonjoshoktiro udbhobo ghote. samrajjo bibhajonero poro guptobongshero ekta oprodhano shakha mogodho shasono korte thak. pore bordhono raja horsho tader kshomotachjuto kore soptomo shotabdiro prothomobhage nijosbo samrajjo sthapone somortho hono.",গুপ্ত সাম্রাজ্যের পতন কবে হয় ?,gupto samrajjero potono kobe hoi ?,ষষ্ঠ শতাব্দী,shoshtho shotabdi,ষষ্ঠ অপ্রধান,shoshtho oprodhano,relational,bnp_001864,,
pilot_000032,no_context,mathematics,low,,,জয়ন্ত ২০ টি তরমুজ এবং ৪ টি শাল গাছ চাষ করে। তরুণ ৩০ টি তরমুজ চাষ করে। তারা মোট কত তরমুজ চাষ করেছে?,joyonto 20 ti toromujo ebong 4 ti shalo gachho chasho kore. toruno 30 ti toromujo chasho kore. tara mott koto toromujo chasho korechhe?,50,50,25,25,fabricated,bnp_001902,,
pilot_000033,no_context,science,low,,,সাঁওতালি ভাষায় সফটওয়্যারের উদ্ভাবক কে?,saotali bhashayo sofotooyjarero udbhaboko ke?,মাইকেল সরেন ও ফিরোজ আহমেদ,maikelo soreno o firojo ahomedo,বিশপ লুকাস ওয়াটজেনরোদে,bishopo lukaso oyatojenorode,fabricated,bnp_001949,,
pilot_000034,no_context,mathematics,low,,,দাদার কাছে ১০ টি বই আছে আমার কাছে ২০ টী বৈ আছে মোট কতো গুলো  বই আছে ?,dadaro kache 10 ta boi asche amaro kache 20 ti boi ache mott koto gulo  boi ache ?,30,30,3,3,fabricated,bnp_002065,,
pilot_000035,has_context,others,low,শি জিনপিং ১৯৫৩ সালের ১৫ জুন বেইজিংয়ে জন্মগ্রহণ করেন। তাঁর পিতা ছিলেন চীনা বিপ্লবী ও সাবেক উপপ্রধানমন্ত্রী শি জোংশুন।,shi jinoping 1953 shaler 15 juno beijingye jonmogrohono korn. taro pita chhileno china biplobi o sabeko upoprodhanomontri shi jongshuno.,চীনের রাষ্ট্রপতি শি জিনপিং-এর বাবার নাম কী ?,chinero rashtropoti shi jinoping-er babaro nam kii ?,শি জোংশুন।,shi jongshuno.,শি লিকুন।,shi likuno.,relational,bnp_002069,,
pilot_000036,has_context,law,low,এই হ্রদের জন্য তাদের মূল ভূখণ্ডের ৪০ ভাগ ভূমি হারাতে হয়।,ei hrodero jonno tader mulo bhukhondero 40 bhago bhumi harate hoi.,"প্রদত্ত প্রসঙ্গ অনুযায়ী পার্বত্য চট্টগ্রাম শান্তিচুক্তি, ১৯৯৭ সম্পর্কে কী তথ্য দেওয়া হয়েছে?","prodotto prosongo anujayi parbotjo chottogramo shantichukti, 1997 somporke ki tothjo deoya hoise?",এই হ্রদের জন্য তাদের মূল ভূখণ্ডের ৪০ ভাগ ভূমি হারাতে হয়।,ei hrodero jonno tader mulo bhukhondero 40 bhago bhumi harate hoi.,এই হ্রদের জন্য তাদের মূল ভূখণ্ডের ৪১ ভাগ ভূমি হারাতে হয়।,ei hrodero jonno tader mulo bhukhondero 41 bhago bhumi harate hoy.,numeric,bnp_002079,,
pilot_000037,has_context,law,low,"[(১) যদি কোন চেয়ারম্যান বা চেয়ারম্যানের দায়িত্বপ্রাপ্ত কোন সদস্য বা প্রশাসক ধারা ৩০ অনুযায়ী নির্ধারিত পদ্ধতিতে নির্দিষ্ট সময়ের মধ্যে দায়িত্ব হস্তান্তর করিতে ব্যর্থ হন, তাহা হইলে তাহার বিধি দ্বারা নির্ধারিত পদ্ধতিতে তাহার উপর অনধিক ৫০ (পঞ্চাশ) হাজার টাকা জরিমানা আরোপিত হইবে|]।","[(1) jodi kon cheyaromjano ba cheyaromjanero dayitboprapto kon sodosjo ba proshasoko dhara 30 anujayi nirdharito poddhotite nirdishto somoyero modhye dayitbo hostantoro korite bjortho hono, taha hoile taharo bidhi dbara nirdharito poddhotite taharo uporo onodhiko 50 (ponchasho) hajaro taka jorimana aropito hoibe|].","প্রদত্ত প্রসঙ্গ অনুযায়ী স্থানীয় সরকার (ইউনিয়ন পরিষদ) আইন, ২০০৯-এর ধারা ৩১ সম্পর্কে কী বলা হয়েছে?","prodotto prosngo anujayi sthaniyo shorkar (iuniyono porishodo) ain, 2009-er dhara 31 somporke ki bola hoise?","[(১) যদি কোন চেয়ারম্যান বা চেয়ারম্যানের দায়িত্বপ্রাপ্ত কোন সদস্য বা প্রশাসক ধারা ৩০ অনুযায়ী নির্ধারিত পদ্ধতিতে নির্দিষ্ট সময়ের মধ্যে দায়িত্ব হস্তান্তর করিতে ব্যর্থ হন, তাহা হইলে তাহার বিধি দ্বারা নির্ধারিত পদ্ধতিতে তাহার উপর অনধিক ৫০ (পঞ্চাশ) হাজার টাকা জরিমানা আরোপিত হইবে|]।","[(1) jodi kon cheyaromjano ba cheyaromjanero dayitboprapto kon sodosjo ba proshasoko dhara 30 anujayi nirdharito poddhotite nirdishto somoyero moddhe dayitbo hostantoro korite bjortho hono, taha hoile taharo bidhi dbara nirdharito poddhotite taharo uporo onodhiko 50 (ponchasho) hajaro taka jorimana aropito hoibe|].","[(১) যদি কোন চেয়ারম্যান বা চেয়ারম্যানের দায়িত্বপ্রাপ্ত কোন সদস্য বা প্রশাসক ধারা ৩১ অনুযায়ী নির্ধারিত পদ্ধতিতে নির্দিষ্ট সময়ের মধ্যে দায়িত্ব হস্তান্তর করিতে ব্যর্থ হন, তাহা হইলে তাহার বিধি দ্বারা নির্ধারিত পদ্ধতিতে তাহার উপর অনধিক ৫০ (পঞ্চাশ) হাজার টাকা জরিমানা আরোপিত হইবে|]।","[(1) jodi kon cheyaromjano ba cheyaromjanero dayitboprapto kon sodosjo ba proshasoko dhara 31 anujayi nirdharito poddhotite nirdishto somoyero modhye dayitbo hostantoro korite bjortho hono, taha hoile taharo bidhi dbara nirdharito poddhotite taharo uporo onodhiko 50 (ponchasho) hajaro taka jorimana aropito hoibe|].",numeric,bnp_002112,,
pilot_000038,has_context,reading_comprehension,low,"আঠারো শতাব্দীতে ইন্সতিতুসিওন লিব্রে দে এন্সেনিয়াঞ্জার শিক্ষাবিদ এবং শিক্ষার্থী, কেমব্রিজ বিশ্ববিদ্যালয় এবং অক্সফোর্ড বিশ্ববিদ্যালয়ের স্নাতকদের দ্বারা মাদ্রিদে ফুটবল খেলা প্রচারের মাধ্যমে রিয়াল মাদ্রিদ প্রতিষ্ঠার ভিত্তি গড়ে উঠে। ১৮৯৭ সালে, তারা (সোসিয়েদাদ) স্কাই ফুটবল নামে একটি সংঘ প্রতিষ্ঠিত করেন, যেটি লা সোসিয়েদাদ (সমাজ) নামেই অধিক পরিচিত। এটি সেসময়ের মাদ্রিদভিত্তিক খেলাধুলার একমাত্র সংঘ ছিল, যেটি প্রতি রবিবার সকালে মনক্লোয়া</i>য় খেলত। ১৯০০ সালে, এই সংঘের কয়েকজনের মধ্যে দ্বন্দ্বের সৃষ্টি হওয়ার ফলে তারা স্কাই ফুটবল হতে বিভক্ত হয়ে গিয়ে নুয়েভা সোসিয়েদাদ দে ফুটবল (ফুটবলের নতুন সমাজ) নামে নতুন একটি ক্লাব গঠন করে। বিভক্ত হয়ে যাওয়া ব্যক্তিদের মধ্যে একজন ছিলেন হুলিয়ান পালাকিওস, যিনি রিয়াল মাদ্রিদের প্রথম সভাপতির দায়িত্ব পালন করেছেন। এছাড়াও বিভক্ত হয়ে যাওয়া ব্যক্তিদের মধ্যে ছিলেন দুই ভাই হুয়ান পাদ্রোস এবং কার্লোস পাদ্রোস, যারা পরবর্তীতে রিয়াল মাদ্রিদের সভাপতিত্বের দায়িত্ব পালন করেছেন। ১৯০১ সালে, এই নতুন ক্লাবের নাম পরিবর্তন করে মাদ্রিদ ফুটবল ক্লাব রাখা হয়। পরবর্তীতে, ১৯০২ সালে পুনর্গঠনের পর স্কাই ফুটবল সংঘটি নাম পরিবর্তন করে নিউ ফুট-বল ক্লাব রাখে।[24][25][26] ১৯০৬ সালের ৬ই মার্চ তারিখে, হুয়ান পাদ্রোসের সভাপতিত্বে একটি নতুন বোর্ড নির্বাচিত হওয়ার পর, মাদ্রিদ ফুটবল ক্লাব আনুষ্ঠানিকভাবে প্রতিষ্ঠা লাভ করে।[3]","atharo shotabdite insotitusiono libre de enseniyanjaro shikshabido ebong shiksharthi, kemobrijo bishbobidjaloyo ebng oksofordo bishbobidjaloyero snatokodero dbara madride futobolo khela procharero madhjome riyalo madrido protishtharo bhitti gore uthe. 1897 shale, tara (sosiyedado) skai futobolo name ekta songgho protishthito korn, jeti la sosiyedado (somajo) namei odhiko porichito. eti sesomoyero madridobhittiko kheladhularo ekomatro songgho chilo, jeti proti robibaro sokale monokloya</i>yo kheloto. 1900 shale, ei songghero koyekojonero modhye dbondbero srishti hooyaro fole tara skai futobolo hote bibhokto hoye giye nuyebha sosiyedado de futobolo (futobolero notuno somajo) name notuno ekta klabo gothono kore. bibhokto hoye jaoya bjoktidero moddhe ekojono chhileno huliyano palakioso, jini riyalo madridero prthom sobhapotiro dayitbo palono korechheno. echharao bibhokto hoye jaoya bjoktidero modhye chhileno dui bhai huyano padroso ebong karloso padroso, jara porobortite riyalo madridero sobhapotitbero dayitbo palono korechheno. 1901 shale, ei notuno klabero naam poribortono kore madrido futobolo klabo rakha hoi. porobortite, 1902 sale punorgothonero poro skai futobolo songghoti nam poribortono kore niu futo-bolo klabo rakhe.[24][25][26] 1906 shaler 6i marcho tarikhe, huyano padrosero sobhapotitbe ekti notuno bordo nirbachito hooyaro poro, madrido futobolo klabo anushthanikobhabe protishtha labho kore.[3]","অনুচ্ছেদ অনুযায়ী, “১৯০০ সংঘের কয়েকজনের মধ্যে দ্বন্দ্বের” প্রসঙ্গে কী তথ্য দেওয়া হয়েছে?","onuchchhedo anujayi, “1900 songghero koyekojonero moddhe dbondbero” prosongge ki tothjo deoya hoise?","১৯০০ সালে, এই সংঘের কয়েকজনের মধ্যে দ্বন্দ্বের সৃষ্টি হওয়ার ফলে তারা স্কাই ফুটবল হতে বিভক্ত হয়ে গিয়ে নুয়েভা সোসিয়েদাদ দে ফুটবল (ফুটবলের নতুন সমাজ) নামে নতুন একটি ক্লাব গঠন করে।","1900 shale, ei songghero koyekojonero moddhe dbondbero srishti hooyaro fole tara skai futobolo hote bibhokto hoye giye nuyebha sosiyedado de futobolo (futobolero notuno somajo) name notuno ekta klabo gothono kore.","১৯০১ সালে, এই সংঘের কয়েকজনের মধ্যে দ্বন্দ্বের সৃষ্টি হওয়ার ফলে তারা স্কাই ফুটবল হতে বিভক্ত হয়ে গিয়ে নুয়েভা সোসিয়েদাদ দে ফুটবল (ফুটবলের নতুন সমাজ) নামে নতুন একটি ক্লাব গঠন করে।","1901 shale, ei songghero koyekojonero moddhe dbondbero srishti hooyaro fole tara skai futobolo hote bibhokto hoye giye nuyebha sosiyedado de futobolo (futobolero notuno somajo) name notuno ekti klabo gothono kore.",numeric,bnp_002148,,
pilot_000039,has_context,history,low,"প্রথম টেস্ট: ইংল্যান্ড বনাম অস্ট্রেলিয়া (২৮-৩১ ডিসেম্বর), প্রদর্শনী গ্রাউন্ড, ব্রিসবেন। অস্ট্রেলিয়ার অধিনায়ক মার্গারেট পেডেন টস জিতে ব্যাট করার সিদ্ধান্ত নেন। ইংল্যান্ডের অলরাউন্ডার মার্টল ম্যাকল্যাগান মাত্র ১০ রানের বিনিময়ে ৭টি উইকেট নিয়ে অস্ট্রেলিয়াকে ৪৭ রানে অলআউট করে দেন। ইংল্যান্ড ৯ উইকেটে জয়ী হয়।","prthom testo: ingljando bonamo ostreliya (28-31 disemboro), prodorshoni graundo, brisobeno. ostreliyaro odhinayoko margareto pedeno toso jite bjato koraro siddhanto neno. ingljandero oloraundaro martolo mjakoljagano matro 10 ranero binimoye 7ti uiketo niye ostreliyake 47 rane oloauto kore deno. ingljando 9 uikete joyi hoy.",প্রথম টেস্ট কোথায় অনুষ্ঠিত হয়?,prothom testo kothay onushthito hoi?,"প্রদর্শনী গ্রাউন্ড, ব্রিসবেন, অস্ট্রেলিয়া","prodorshoni graundo, brisobeno, ostreliya","প্রদর্শনী গ্রাউন্ড, ব্রিসবেন, অস্ট্রেলীয়া","prodorshoni graundo, brisobeno, ostreliya",relational,bnp_002176,,
pilot_000040,no_context,mathematics,low,,,১লা মার্চ সূর্য অস্ত যায় সন্ধ্যা ৬টায়। প্রতিদিন সূর্য অস্ত যাওয়ার ১.২ মিনিট পরে। এটি সন্ধ্যা ৬:১০ এ এবং ১লা মার্চের ৪০ দিন পরে৷ সূর্য অস্ত যেতে কত মিনিট?,1la marcho surjo osto jayo sondhja 6tayo. protidino surjo osto jaoyaro 1.2 minito pore. eti sondhja 6:10 e ebong 1la marchero 40 dine pore. surjo osto jete koto minito?,৩৮,38,৩৬,36,fabricated,bnp_002202,,
pilot_000041,has_context,history,low,"চট্টগ্রাম বিশ্ববিদ্যালয় (সংক্ষেপে চবি) চট্টগ্রামে অবস্থিত বাংলাদেশের একটি সরকারি বহু-অনুষদভিত্তিক গবেষণা বিশ্ববিদ্যালয়। এটি ১৯৬৬ সালে চট্টগ্রাম জেলার হাটহাজারী উপজেলায় স্থাপিত হয়।[1] এটি দেশের তৃতীয় এবং ক্যাম্পাস আয়তনের দিক থেকে দেশের সর্ববৃহৎ বিশ্ববিদ্যালয়।[2] এখানে প্রায় ২২,০০০ শিক্ষার্থী এবং ৬৮৭ জন শিক্ষক রয়েছেন৷[3]","chottogramo bishbobidjaloyo (songkshepe chobi) chottograme obosthito bangladesher ekta sorokari bohu-onushodobhittiko gobeshona bishbobidjaloyo. eti 1966 shale chottogramo jelaro hatohajari upojelayo sthapito hoi.[1] eti deshero tritiyo ebong kjampaso ayotonero diko theke deshero sorbobrihoto bishbobidjaloyo.[2] ekhane prayo 22,000 shiksharthi ebong 687 jon shikshoko royechheno.[3]",চট্টগ্রাম বিশ্ববিদ্যালয় কবে প্রতিষ্ঠিত হন ?,chottogramo bishbobidjaloyo kobe protishthito hono ?,১৯৬৬ সালে,1966 shale,১৯৭০ সালে,1970 shale,numeric,bnp_002223,,
pilot_000042,has_context,law,low,পেশা ও বৃত্তির স্বাধীনতা: আইনের দ্বারা আরোপিত যুক্তিসঙ্গত বাধা-নিষেধ সাপেক্ষে প্রত্যেক নাগরিকের যে কোন আইনসঙ্গত পেশা বা বৃত্তি গ্রহণের এবং যে কোন আইনসঙ্গত কারবার বা ব্যবসা পরিচালনার অধিকার থাকবে।,pesha o brittiro shadinota: ainero dbara aropito juktisonggoto badha-nishedho sapekshe protjeko nagorikero je kon ainosonggoto pesha ba britti grohonero ebong je kon ainosonggoto karobaro ba bjobosa porichalonaro odhikaro thakobe.,প্রদত্ত প্রসঙ্গ অনুযায়ী বাংলাদেশের সংবিধানে বর্ণিত মৌলিক অধিকার সম্পর্কে কী তথ্য দেওয়া হয়েছে?,prodotto prosngo onujayi bangladesher songbidhane bornito mouliko odhikaro somporke kii tothjo deoya hoyeche?,পেশা ও বৃত্তির স্বাধীনতা: আইনের দ্বারা আরোপিত যুক্তিসঙ্গত বাধা-নিষেধ সাপেক্ষে প্রত্যেক নাগরিকের যে কোন আইনসঙ্গত পেশা বা বৃত্তি গ্রহণের এবং যে কোন আইনসঙ্গত কারবার বা ব্যবসা পরিচালনার অধিকার থাকবে।,pesha o brittiro shadhinota: ainero dbara aropito juktisonggoto badha-nishedho sapekshe protjeko nagorikero je kon ainosonggoto pesha ba britti grohonero ebong je kon ainosonggoto karobaro ba bjobosa porichalonaro odhikaro thakobe.,পেশা ও বৃত্তির স্বাধীনতা: আইনের দ্বারা আরোপিত যুক্তিসঙ্গত বাধা-নিষেধ সাপেক্ষে প্রত্যেক নাগরিকের যে কোন আইনসঙ্গত পেশা বা বৃত্তি গ্রহণের এবং যে কোন আইনসঙ্গত কারবার বা ব্যবসা পরিচালনার অধিকার থাকবে না।,pesha o brittiro shadhinota: ainero dbara aropito juktisonggoto badha-nishedho sapekshe protjeko nagorikero je kon ainosonggoto pesha ba britti grohonero ebng je kon ainosonggoto karobaro ba bjobosa porichalonaro odhikaro thakobe na.,relational,bnp_002309,,
pilot_000043,has_context,law,low,"এতে দাবি করা হয় যে, পার্বত্য এলাকার ১৩টি পৃথক জাতিগোষ্ঠীর সমন্বয়ে জুম্ম জাতি গঠিত।","ete dabi kora hoi je, parbotjo elakaro 13ti prithoko jatigoshthiro somonboye jummo jati gothito.","প্রদত্ত প্রসঙ্গ অনুযায়ী পার্বত্য চট্টগ্রাম শান্তিচুক্তি, ১৯৯৭ সম্পর্কে কী তথ্য দেওয়া হয়েছে?","prodotto prosngo onujayi parbotjo chottogramo shantichukti, 1997 somporke kii tothjo deoya hoise?","এতে দাবি করা হয় যে, পার্বত্য এলাকার ১৩টি পৃথক জাতিগোষ্ঠীর সমন্বয়ে জুম্ম জাতি গঠিত।","ete dabi kora hoy je, parbotjo elakaro 13ti prithoko jatigoshthiro somonboye jummo jati gothito.","এতে দাবি করা হয় যে, পার্বত্য এলাকার ১৪টি পৃথক জাতিগোষ্ঠীর সমন্বয়ে জুম্ম জাতি গঠিত।","ete dabi kora hoi je, parbotjo elakaro 14ta prithoko jatigoshthiro somonboye jummo jati gothito.",numeric,bnp_002314,,
pilot_000044,has_context,history,low,মোহাম্মদী একটি বাংলা মাসিক পত্রিকা। ১৯০৩ সালের আগস্ট মাসে মোহাম্মদ আকরম খাঁর সম্পাদনায়  কলকাতা থেকে এটি প্রকাশিত হয়।,mohammodi ekti bangla masiko potrika. 1903 shaler agosto mase mohammodo akoromo kharo sompadonayo  kolokata theke eti prokashito hoi.,মোহাম্মদী পত্রিকাটি প্রথমে কার সম্পাদনায় প্রকাশিত হয়?,mohammodi potrikati prothome karo sompadonayo prokashito hoy?,মোহাম্মদ আকরম খাঁর সম্পাদনায়,mohammodo akoromo kharo sompadonayo,মুজিবুর রহমান খাঁর সম্পাদনায়,mujiburo rohomano kharo sompadonayo,relational,bnp_002347,,
pilot_000045,has_context,law,low,বাংলাদেশ সংবিধানের ৯৪ নং অনুচ্ছেদের বিধান অনুযায়ী রাষ্ট্রের সর্বোচ্চ আদালত হবে সুপ্রিম কোর্ট যা দুটি ভাগে বিভক্ত।,bangladesh songbidhanero 94 nong onuchchhedero bidhano anujayi rashtrero sorbochcho adaloto hbe suprimo korto ja duti bhage bibhokto.,প্রদত্ত প্রসঙ্গ অনুযায়ী বাংলাদেশের আদালতের এখতিয়ার সম্পর্কে কী তথ্য দেওয়া হয়েছে?,prodotto prosngo onujayi bangladesher adalotero ekhotiyaro somporke kii tothjo deoya hoise?,বাংলাদেশ সংবিধানের ৯৪ নং অনুচ্ছেদের বিধান অনুযায়ী রাষ্ট্রের সর্বোচ্চ আদালত হবে সুপ্রিম কোর্ট যা দুটি ভাগে বিভক্ত।,bangladesh songbidhanero 94 nong onuchchhedero bidhano anujayi rashtrero sorbochcho adaloto hobe suprimo korto ja duti bhage bibhokto.,বাংলাদেশ সংবিধানের ৯৫ নং অনুচ্ছেদের বিধান অনুযায়ী রাষ্ট্রের সর্বোচ্চ আদালত হবে সুপ্রিম কোর্ট যা দুটি ভাগে বিভক্ত।,bangladesh songbidhanero 95 nong onuchchhedero bidhano onujayi rashtrero sorbochcho adaloto hobe suprimo korto ja duti bhage bibhokto.,numeric,bnp_002414,,
pilot_000046,has_context,reading_comprehension,low,"হরিনাথ দেববর্মা (জন্ম ৩০ জুন ১৯৩৩) হলেন একজন টিপরা - ত্রিপুরার একজন ভারতীয় রাজনীতিবিদ, কর্মী এবং রাষ্ট্রনায়ক। হরিনাথ দেববর্মা ১৯৬৭ সালে শ্যামা চরণ ত্রিপুরার সাথে ত্রিপুরা উপজাতি যুব সমিতি (টিইউজেএস)  প্রতিষ্ঠা করেন। পরে তিনি ১৯৯৭ সালে ত্রিপুরা আদিবাসী জনতা ফ্রন্ট প্রতিষ্ঠা করেন।
হরিনাথ দেববর্মা  এছাড়াও ত্রিপুরার চারিলাম নির্বাচনী এলাকা থেকে বিধানসভার সদস্য এবং টিটিএএডিসি-এর প্রাক্তন CEM (1990) ছিলেন।  2019 সালে, তিনি বাংলায় রাজমালার একটি সংশোধিত সংস্করণ রচনা করেন এবং পরে ২০২০ সালের ফেব্রুয়ারিতে অনুবাদিত ইংরেজি 'A Brief History of Rajmala'  প্রকাশ করেন।","horinatho deboborma (jonmo 30 juno 1933) holeno ekojono tipora - tripuraro ekojono bharotiyo rajonitibido, kormi ebng rashtronayoko. horinatho deboborma 1967 sale shjama chorono tripuraro sathe tripura upojati jubo somiti (tiiujeeso)  protishtha koren. pore tini 1997 sale tripura adibasi jonota fronto protishtha koren.
horinatho deboborma  echharao tripuraro charilamo nirbachoni elaka theke bidhanosobharo sodosjo ebng titieedisi-er praktono cem (1990) chhileno.  2019 shale, tini banglayo rajomalaro ekta songshodhito songskorono rochona koren ebng pore 2020 saler februyarite onubadito ingreji 'a brief history of rajmala'  prokasho korn.",হরিনাথ দেববর্মা কবে জন্মগ্রহণ করেন?,horinatho deboborma kobe jonmogrohono koren?,"হরিনাথ দেববর্মা (জন্ম ৩০ জুন ১৯৩৩) হলেন একজন টিপরা - ত্রিপুরার একজন ভারতীয় রাজনীতিবিদ, কর্মী এবং রাষ্ট্রনায়ক।","horinatho deboborma (jonmo 30 juno 1933) holeno ekojono tipora - tripuraro ekojono bharotiyo rajonitibido, kormi ebng rashtronayoko.",৩০ জুন ১৯৬৭,30 juno 1967,numeric,bnp_002441,,
pilot_000047,has_context,reading_comprehension,low,"পিটক শব্দটি পালি এর অর্থ - ঝুড়ি, পাত্র, বাক্স ইত্যাদি, অর্থ যেখানে কোনো কিছু সংরক্ষন করা হয়।[1] এটি থেরবাদী বৌদ্ধদের মূল ধর্মীয় গ্রন্থ। খ্রীষ্ট পূর্ব ৩য় শতকে সম্রাট অশোকের রাজত্বকালে ত্রিপিটক পূর্ণাঙ্গ গ্রন্থ হিসাবে স্বিকৃত হয়। এই গ্রন্থের গ্রন্থনের কাজ শুরু হয়েছিল গৌতম বুদ্ধ এর পরিনির্বানের তিন মাস পর অর্থাৎ খ্রিষ্ট পূর্ব ৫৪৩ অব্ধে এবং সমাপ্তি ঘটে খ্রিষ্ট পূর্ব প্রায় ২৩৬ অব্ধে। প্রায় তিনশ বছরে তিনটি সঙ্ঘায়নের মধ্যে এর গ্রন্থায়নের কাজ শেষ হয়।[2]","pitoko shobdoti pali er ortho - jhuri, patro, bakso itjadi, ortho jekhane kono kichhu songrokshono kora hoy.[1] eti therobadi bouddhodero mulo dhormiyo grontho. khrishto purbo 3yo shotoke somrato oshokero rajotbokale tripitoko purnanggo grontho hisabe sbikrito hoi. ei gronthero gronthonero kajo shuru hoyechhilo goutomo buddho er porinirbanero tino mas poro orthato khrishto purbo 543 obdhe ebng somapti ghote khrishto purbo prayo 236 obdhe. prayo tinosho bochhore tinoti songghayonero modhye er gronthayonero kajo shesho hoi.[2]",পিটক শব্দের অর্থ কী ?,pitoko shobder ortho kii ?,"ঝুড়ি, পাত্র, বাক্স ইত্যাদি","jhuri, patro, bakso itjadi","ঝুড়ি, পাত্র, বাক্স খ্রিষ্ট","jhuri, patro, bakso khrishto",relational,bnp_002512,,
pilot_000048,no_context,idiom_meaning,low,,,"""ঢাকের বাঁয়া"" এর ভাবার্থ কী?","""dhakero baya"" er bhabartho kii?",সঙ্গে থাকে কিন্তু কাজে আসে না এমন। অনাবশ্যক সঙ্গী,songge thake kintu kaje ase na emono. onaboshjoko songgi,কালক্ষেপণ করা,kalokshepono kora,fabricated,bnp_002627,,
pilot_000049,no_context,mathematics,low,,,"গফুর  একজন ডুবুরি। সে সমুদ্রের তলদেশে গুপ্তধনের জন্য শিকার করতে পছন্দ করে, কিন্তু যখন সে রাখার মতো কিছু খুঁজে পায়, তখন তাকে অবশ্যই এটি জলের পৃষ্ঠে ফিরিয়ে নিয়ে যেতে হবে যাতে নৌকায় থাকা তার জাহাজের সঙ্গীকে তা দিতে পারে।পানির নিচে সাঁতার কাটার সময় তিনি একবারে মাত্র ৩টি বস্তু বহন করতে পারেন। যদি সে পানির নিচে ১৭টি বস্তু খুঁজে পায়, তাহলে ১৭টি বস্তু বহন করার জন্য তাকে জলের পৃষ্ঠে সবচেয়ে কম কতবার যেতে হবে?","gofuro  ekojono duburi. se somudrero tolodeshe guptodhonero jnno shikaro korte pochhondo kore, kintu jokhono she rakharo moto kichhu khuje payo, tokhono take oboshjoi eti jolero prishthe firiye niye jete hbe jate noukayo thaka tar jahajero songgike ta dite pare.paniro niche sataro kataro somoyo tini ekobare matro 3ti bostu bohono korte pareno. jodi she paniro niche 17ta bostu khuje payo, tahole 17ti bostu bohono koraro jnno take jolero prishthe sobocheye komo kotobaro jete hbe?",৬,6,১৫,15,fabricated,bnp_002628,,
pilot_000050,no_context,science,low,,,গবলিন হাঙর শ্রেণিবিন্যাসে কোন বর্গভুক্ত?,gobolino hangoro shrenibinjase kon borgobhukto?,লেমনিফরমস,lemoniforomoso,ডুলমন্ট ম্যাগনাম,dulomonto mjagonamo,fabricated,bnp_002637,,
pilot_000051,has_context,reading_comprehension,low,"ফাহিম আহমদ (জন্ম ১০ আগস্ট, ১৯৮৪) ২০০৬ টরন্টো সন্ত্রাসবাদ মামলায় দোষী সাব্যস্ত ১১ জনের মধ্যে একজন। তিনি এই গোষ্ঠীর একজন রিংলিডার বা মূল হোতা ছিলেন। গ্রেফতারের সময় তার বয়স ছিল ২১ বছর এবং তিনি বিবাহিত ও দুই সন্তানের জনক ছিলেন।","fahimo ahomodo (jonmo 10 agosto, 1984) 2006 toronto sontrasobado mamolayo doshi sabjosto 11 jonero moddhe ekojono. tini ei goshthiro ekojono ringlidaro ba mulo hota chhileno. grefotarero somoyo tar boyoso chilo 21 bochor ebong tini bibahito o dui sontanero jonoko chhileno.",ফাহিম আহমদ কবে জন্মগ্রহণ করেন?,fahimo ahomodo kobe jonmogrohono koren?,"ফাহিম আহমদ (জন্ম ১০ আগস্ট, ১৯৮৪) ২০০৬ টরন্টো সন্ত্রাসবাদ মামলায় দোষী সাব্যস্ত ১১ জনের মধ্যে একজন।","fahimo ahomodo (jonmo 10 agosto, 1984) 2006 toronto sontrasobado mamolayo doshi sabjosto 11 jonero moddhe ekojono.","১০ আগস্ট, ২০০৬","10 agosto, 2006",numeric,bnp_002689,,
pilot_000052,has_context,history,low,"১৬৮০ সালে পরবর্তী সুবাদার শায়েস্তা খাঁ পুনরায় এটির নির্মাণ কাজ শুরু করেন, কিন্তু সমাপ্ত করেননি। কারণ সেই সময় তাঁর কন্যা পরী বিবি ইন্তেকাল করেন (১৬৮৪ সালে)। ১৮৪৪ সালে এলাকাটি 'আওরঙ্গবাদ' নাম বদলে 'লালবাগ' নাম পায় এবং দুর্গটি পরিণত হয় লালবাগ দুর্গে।","1680 shale poroborti subadaro shayesta kha punorayo etiro nirmano kajo shuru korn, kintu somapto korenoni. karono sei somoyo taro konja pori bibi intekalo koren (1684 shale). 1844 shale elakati 'aoronggobado' naam bodole 'lalobago' naam payo ebng durgoti porinoto hoi lalobago durge.",শায়েস্তা খাঁ কোন বছর তার কন্যার মৃত্যুর কারণে নির্মাণ বন্ধ রাখেন?,shayesta kha kon bosor tar konjaro mritjuro karone nirmano bondho rakheno?,১৬৮৪ সালে,1684 shale,১৬৮৬ সালে,1686 shale,numeric,bnp_002737,,
pilot_000053,no_context,idiom_meaning,low,,,"""ওয়াদা"" এর ভাবার্থ কী?","""oyada"" er bhabartho kii?","অঙ্গীকার, প্রতিজ্ঞা, ভবিষ্যতে কিছু দেবার প্রতিশ্রুতি","onggikaro, protijna, bhobishjote kichhu debaro protishruti",প্রবল ইচ্ছা থাকলে কঠিন কাজও সম্পন্ন হয়,probolo ichchha thakole kothino kajoo somponno hoy,fabricated,bnp_002768,,
pilot_000054,has_context,law,low,"এই আইনে বিধান করা হয়েছিল যে, বন্যা, খরা, মহামারী প্রভৃতি প্রাকৃতিক দুর্যোগের কারণে জমিদারগণ রাজস্ব হ্রাসের জন্য কখনও কোন দাবি করতে পারবেন না এবং সরকার জমিদারি প্রকাশ্য নিলামে বিক্রয় করে বকেয়া রাজস্ব আদায় নিশ্চিত করবেন।","ei aine bidhano kora hoyechhilo je, bonja, khora, mohamari probhriti prakritiko durjogero karone jomidarogono rajosbo hrasero jnno kokhonoo kon dabi korte parobeno na ebng sorkar jomidari prokashjo nilame bikroyo kore bokeya rajosbo adayo nishchito korobeno.","প্রদত্ত প্রসঙ্গ অনুযায়ী রাজস্ব বিক্রয় আইন, ১৭৯৩ সম্পর্কে কী তথ্য দেওয়া হয়েছে?","prodotto prosngo onujayi rajosbo bikroyo ain, 1793 somporke ki tothjo deoya hoyeche?","এই আইনে বিধান করা হয়েছিল যে, বন্যা, খরা, মহামারী প্রভৃতি প্রাকৃতিক দুর্যোগের কারণে জমিদারগণ রাজস্ব হ্রাসের জন্য কখনও কোন দাবি করতে পারবেন না এবং সরকার জমিদারি প্রকাশ্য নিলামে বিক্রয় করে বকেয়া রাজস্ব আদায় নিশ্চিত করবেন।","ei aine bidhano kora hoyechhilo je, bonja, khora, mohamari probhriti prakritiko durjogero karone jomidarogono rajosbo hrasero jonno kokhonoo kon dabi korte parobeno na ebng sorkar jomidari prokashjo nilame bikroyo kore bokeya rajosbo adayo nishchito korobeno.","এই আইনে বিধান করা হয়েছিল যে, বন্যা, খরা, মহামারী প্রভৃতি প্রাকৃতিক দুর্যোগের কারণে রায়তগণ রাজস্ব হ্রাসের জন্য কখনও কোন দাবি করতে পারবেন না এবং সরকার জমিদারি প্রকাশ্য নিলামে বিক্রয় করে বকেয়া রাজস্ব আদায় নিশ্চিত করবেন।","ei aine bidhano kora hoyechhilo je, bonja, khora, mohamari probhriti prakritiko durjogero karone rayotogono rajosbo hrasero jonno kokhonoo kon dabi korte parobeno na ebong sorkar jomidari prokashjo nilame bikroyo kore bokeya rajosbo adayo nishchito korobeno.",relational,bnp_002829,,
pilot_000055,no_context,grammar,low,,,রূপতত্ত্বের আলোচ্য বিষয় নয় কোনটি?,rupotottbero alochjo bishoyo noyo konti?,সন্ধি/ণত্ববিধি,sondhi/notbobidhi,সমাস,somaso,fabricated,bnp_002937,,
pilot_000056,has_context,reading_comprehension,low,"পবিত্র রাভা (জন্ম: ৩১ জানুয়ারি ১৯৭৬) একজন ভারতীয় চলচ্চিত্র অভিনেতা। তিনি বাংলা, হিন্দি, অসমীয়া ও ইংরেজি ভাষার চলচ্চিত্রে অভিনয় করেছেন৷ ২০১১ সালে থিয়েটার পরিচালক হিসাবে উল্লেখযোগ্য প্রতিভার জন্য তিনি “ওস্তাদ বিসমিল্লাহ খান যুব পুরস্কার” লাভ করেন।
তিনি ২০০৫ সালে মণি শংকর পরিচালিত তেংগো চার্লে চলচ্চিত্রে অজয় দেবগন, ববি দেওল, সঞ্জয় দত্ত, সুনীল শেট্টি, তানিশা মুখার্জী, নন্দনা সেন এবং সুদেশ বেরি প্রমুখের সাথে খলচরিত্রে অভিনয় করেন৷ একইভাবে, তিনি মণি শংকর পরিচালিত হিন্দি চলচ্চিত্র মুখবীর-এও (২০০৮) অভিনয় করেন। তিনি ২০১৪ সালে মাংতে চুংনেইজাং মেরি কমের বাস্তব জীবনের উপর নির্মিত চলচ্চিত্রে অচঙের ","pobitro rabha (jonmo: 31 januyari 1976) ekojono bharotiyo cholochchitro obhineta. tini bangla, hindi, osomiya o ingreji bhasharo cholochchitre obhinoyo korechheno. 2011 sale thiyetaro porichaloko hisabe ullekhojogjo protibharo jnno tini “ostado bisomillaho khano jubo puroskaro” labho koren.
tini 2005 sale moni shongkoro porichalito tenggo charle cholochchitre ojoyo debogono, bobi deolo, sonjoyo dotto, sunilo shetti, tanisha mukharji, nondona seno ebong sudesho beri promukhero sathe kholochoritre obhinoyo korn. ekoibhabe, tini moni shongkoro porichalito hindi cholochchitro mukhobiro-eo (2008) obhinoyo korn. tini 2014 shale mangte chungneijang meri komero bastobo jibonero uporo nirmito cholochchitre ochongero ",পবিত্র রাভা কবে জন্মগ্রহণ করেন?,pobitro rabha kobe jonmogrohono koren?,পবিত্র রাভা (জন্ম: ৩১ জানুয়ারি ১৯৭৬) একজন ভারতীয় চলচ্চিত্র অভিনেতা।,pobitro rabha (jonmo: 31 januyari 1976) ekojono bharotiyo cholochchitro obhineta.,৩১ জানুয়ারি ২০১১,31 januyari 2011,numeric,bnp_002955,,
pilot_000057,no_context,science,low,,,রাধা গোবিন্দ চন্দ্রের প্রকাশিত গ্রন্থের নাম কোনটি?,radha gobindo chondrero prokashito gronthero nam konta?,ধূমকেতু,dhumoketu,আলটেয়ার বেসিক (Altair BASIC),aloteyaro besiko (altair basic),fabricated,bnp_003008,,
pilot_000058,has_context,reading_comprehension,low,"ভারতের জাতীয় পতাকা হলো কেন্দ্রে চব্বিশটি দণ্ডযুক্ত নীল ""অশোকচক্র"" সহ গেরুয়া, সাদা ও সবুজ আনুভূমিক আয়তাকার ত্রিবর্ণরঞ্জিত পতাকা। ১৯৪৭ সালের ২২ জুলাই গণপরিষদের একটি অধিবেশনে এই পতাকার বর্তমান রূপটি ভারত অধিরাজ্যের সরকারি পতাকা হিসেবে গৃহীত হয়েছিল। পরবর্তীকালে এটি ভারতীয় প্রজাতন্ত্রের জাতীয় পতাকার মর্যাদা লাভ করে। ভারতে এই পতাকাটিকে সাধারণত ""ত্রিরঙ্গা পতাকা"" বা ""ত্রিবর্ণরঞ্জিত পতাকা"" বলা হয়। পিঙ্গালি ভেঙ্কাইয়া কৃত ভারতীয় জাতীয় কংগ্রেসের ""স্বরাজ"" পতাকার ভিত্তিতে এই পতাকাটির নকশা প্রস্তুত করা হয়েছিল।","indian jatio potaka holo kendre chobbishoti dondojukto nilo ""oshokochokro"" soho geruya, sada o sobujo anubhumiko ayotakaro tribornoronjito potaka. 1947 shaler 22 julai gonoporishodero ekta odhibeshone ei potakaro bortomano rupoti bharot odhirajjero sorokari potaka hisebe grihito hoyechhilo. porobortikale eti bharotiyo projatontrero jatiyo potakaro morjada labho kore. bharote ei potakatike sadharonoto ""trirongga potaka"" ba ""tribornoronjito potaka"" bola hoy. pinggali bhengkaiya krito bharotiyo jatiyo konggresero ""sborajo"" potakaro bhittite ei potakatiro nokosha prostuto kora hoyechhilo.",ভারতের জাতীয় পতাকার নকশা কে তৈরি করেন ?,indian jatio potakaro nokosha ke toiri korn ?,পিঙ্গালি ভেঙ্কাইয়া,pinggali bhengkaiya,পিঙ্গালি অধিরাজ্যের,pinggali odhirajjero,relational,bnp_003270,,
pilot_000059,has_context,history,low,"অক্টোবর, ২০১০ এ পাঁচ ওয়ানডে'র একটি সিরিজ খেলতে নিউজিল্যান্ড বাংলাদেশে আসে। ২১৩ রান করে সাকিব সিরিজের সর্বোচ্চ স্কোরার হন এবং ১১ উইকেট নিয়ে হন সর্বোচ্চ উইকেট শিকারী। বাংলাদেশ সিরিজ জেতে ৪-০তে।","oktoboro, 2010 e pacho oyanode'ro ekta sirijo khelote niujiljando bangladeshe ase. 213 rano kore sakibo sirijero sorbochcho skoraro hono ebong 11 uiketo niye hono sorbochcho uiketo shikari. bangladesh sirijo jete 4-0te.",২০১০ সালে নিউজিল্যান্ডের বিপক্ষে সিরিজে সাকিব কত উইকেট নিয়ে সর্বোচ্চ উইকেট শিকারী হন?,2010 sale niujiljandero bipokshe sirije sakibo koto uiketo niye sorbochcho uiketo shikari hono?,১১ উইকেট,11 uiketo,৮ উইকেট,8 uiketo,numeric,bnp_003298,,
pilot_000060,has_context,law,low,পরবর্তী সময়ে এর সঙ্গে যোগ হয় শান্তি বাহিনী নামে একটি সামরিক শাখা।,poroborti somoye er songge jogo hoi shanti bahini name ekta samoriko shakha.,"প্রদত্ত প্রসঙ্গ অনুযায়ী পার্বত্য চট্টগ্রাম শান্তিচুক্তি, ১৯৯৭ সম্পর্কে কী তথ্য দেওয়া হয়েছে?","prodotto prosngo anujayi parbotjo chottogramo shantichukti, 1997 somporke kii tothjo deoya hoyeche?",পরবর্তী সময়ে এর সঙ্গে যোগ হয় শান্তি বাহিনী নামে একটি সামরিক শাখা।,poroborti somoye er songge jogo hoi shanti bahini name ekta samoriko shakha.,পরবর্তী সময়ে এর সঙ্গে যোগ হয় পুলিশ বাহিনী নামে একটি সামরিক শাখা।,poroborti somoye er songge jogo hoy pulisho bahini name ekti samoriko shakha.,relational,bnp_003318,,
pilot_000061,has_context,law,low,বর্তমান জজ কোর্ট্ জামে মসজিদের পিছনে একতলা ভবন বিশিষ্ট মুক্তার বার এবং মুন্সেফি আদালতের দক্ষিণ পূর্ব কোনে সাব-রেজিস্টার অফিস অবস্থিত ছিল।,bortomano jojo kort jame mosojidero pichhone ekotola bhobono bishishto muktaro baro ebong munsefi adalotero dokshino purbo kone sabo-rejistaro ofiso obosthito chilo.,প্রদত্ত প্রসঙ্গ অনুযায়ী রাজবাড়ী জেলা বিচার বিভাগের ইতিহাস সম্পর্কে কী তথ্য দেওয়া হয়েছে?,prodotto prosngo onujayi rajobari jela bicharo bibhagero itihash somporke ki tothjo deoya hoise?,বর্তমান জজ কোর্ট্ জামে মসজিদের পিছনে একতলা ভবন বিশিষ্ট মুক্তার বার এবং মুন্সেফি আদালতের দক্ষিণ পূর্ব কোনে সাব-রেজিস্টার অফিস অবস্থিত ছিল।,bortomano jojo kort jame mosojidero pichhone ekotola bhobono bishishto muktaro baro ebong munsefi adalotero dokshino purbo kone sabo-rejistaro ofiso obosthito silo.,বর্তমান জজ কোর্ট্ জামে মসজিদের পিছনে একতলা ভবন বিশিষ্ট মুক্তার বার এবং মুন্সেফি আদালতের দক্ষিণ পূর্ব কোনে সাব-রেজিস্টার অফিস অবস্থিত ছিল না।,bortomano jojo kort jame mosojidero pichhone ekotola bhobono bishishto muktaro baro ebng munsefi adalotero dokshino purbo kone sabo-rejistaro ofiso obosthito chilo naa.,relational,bnp_003411,,
pilot_000062,has_context,history,low,১৯৭২ সালের এপ্রিল মাসে কলকাতা রবীন্দ্রসদন সম্মুখস্ত মাঠে আয়োজিত হয় প্রথম 'বাংলাদেশ-ভারত মৈত্রী মেলা'। সেখানে মুনীর চৌধুরীর বাণার্ড শ'য়ের 'নেভার ক্যান টেল' এর বাংলা রুপান্তর 'কেউ কিছু বলতে পারে না' নাটকটি ঢাকা বিশ্ববিদ্যালয় ছাত্রছাত্রীরা মঞ্চস্থ করে।,1972 saler eprilo mase kolokata robindrosodono sommukhosto mathe ayojito hoi prthom 'bangladesh-india moitri mela'. sekhane muniro choudhuriro banardo sho'yero 'nebharo kjano telo' er bangla rupantoro 'keu kichhu bolote pare na' natokoti dhaka bishbobidjaloyo chhatrochhatrira monchostho kore.,মৈত্রী মেলায় ঢাকা বিশ্ববিদ্যালয়ের ছাত্রছাত্রীরা কোন নাটক মঞ্চস্থ করে?,moitri melayo dhaka bishbobidjaloyero chhatrochhatrira kon natoko monchostho kore?,মুনীর চৌধুরীর 'কেউ কিছু বলতে পারে না',muniro choudhuriro 'keu kichhu bolote pare na',মুনীর চৌধুরীর 'কেউ কিছু বলতে পারে ণা',muniro choudhuriro 'keu kichhu bolote pare na',relational,bnp_003422,,
pilot_000063,has_context,history,low,"হিন্দুধর্ম বিশ্বের অন্যতম প্রাচীন ধর্ম তবে হিন্দু নামটি আধুনিকালের দেওয়া। এর প্রাচীন নাম হল সনাতন ধর্ম। আবার এই ধর্ম বৈদিক ধর্ম নামেও পরিচিত। এই ধর্ম বেদ এর উপর ভিত্তি করে গড়ে উঠেছিল। এ ধর্মত্ত্বের মূল কথা হল ঈশ্বরের অস্তিত্বেই সকল কিছুর অস্তিত্ব এবং সকল কিছুর মূলেই স্বয়ং ঈশ্বর। খ্রীস্টপূর্ব ৫৫০০-২৬০০ অব্দের দিকে যখন কিনা হাপ্পান যুগ ছিল ঠিক সেই সময়ই এ ধর্মের গোড়ার দিক। অনেকের মতে খ্রীস্টপূর্ব ১৫০০-৫০০ অব্দ। কিন্তু ইতিহাস বিশ্লেষকদের মতে আর্য (বা ) জাতিগোষ্ঠি ইউরোপের মধ্য দিয়ে ইরান হয়ে ভারতে প্রবেশ করে খ্রীস্টপূর্ব ৩০০০-২৫০০ অব্দের মধ্যে, তারাই ভারতে বেদ চর্চা করতে থাকে এবং তারা সমগ্র ভারতে তা ছড়িয়ে দেয়।","hindudhormo bishbero onjotomo prachino dhormo tobe hindu namoti adhunikalero deoya. er prachino naam holo sonatono dhormo. abaro ei dhormo boidiko dhormo nameo porichito. ei dhormo bedo er uporo bhitti kore gore uthechhilo. e dhormottbero mulo kotha holo ishborero ostitbei sokolo kichhuro ostitbo ebong sokolo kichhuro mulei sboyong ishboro. khristopurbo 5500-2600 obdero dike jokhono kina happano jugo silo thiko sei somoyoi e dhormero goraro diko. onekero mote khristopurbo 1500-500 obdo. kintu itihash bishleshokodero mote arjo (ba ) jatigoshthi iuropero modhjo diye irano hoye bharote probesho kore khristopurbo 3000-2500 obdero modhye, tarai bharote bedo chorcha korte thak ebong tara somogro bharote ta chhoriye deyo.",হিন্দুধর্মের প্রাচীন নাম কী ?,hindudhormero prachino nam ki ?,সনাতন ধর্ম,sonatono dhormo,আর্য ধর্ম,arjo dhormo,relational,bnp_003480,,
pilot_000064,has_context,reading_comprehension,low,"মৌমাছি বা মধুমক্ষিকা বা মধুকর (English: Bee) বোলতা এবং পিঁপড়ার সাথে ঘনিষ্ঠ সম্পর্কযুক্ত মধু সংগ্রহকারী পতঙ্গবিশেষ। মধু ও মোম উৎপাদন এবং ফুলের পরাগায়ণের জন্য প্রসিদ্ধ।[1] পৃথিবীতে ৯টি স্বীকৃত গোত্রের অধীনে প্রায় বিশ হাজার মৌমাছি প্রজাতি আছে,[2] যদিও এর বেশিরভাগেরই কোন বর্ণনা নেই এবং এর প্রকৃত সংখ্যা আরো বেশী হতে পারে। এন্টার্কটিকা ব্যতীত পৃথিবীর সকল মহাদেশে যেখানেই পতঙ্গ-পরাগায়িত সপুষ্পক উদ্ভিদ আছে, সেখানেই মৌমাছি আছে। বাংলাদেশে সচরাচর যে মৌমাছি দেখা যায় তার  বৈজ্ঞানিক নাম Apis cerana (এপিস সেরানা) এই অঞ্চলে আরো তিন প্রজাতির মৌমাছি দেখা যায় যথা  এপিস মেলিফেরা, এপিস ডরসাটা ও এপিস ফ্লোরিয়া। [3]","moumachhi ba modhumokshika ba modhukoro (english: bee) bolota ebng piporaro sathe ghonishtho somporkojukto modhu songgrohokari potonggobishesho. modhu o momo utopadono ebng fulero poragayonero jonno prosiddho.[1] prithibite 9ta sbikrito gotrero odhine prayo bisho hajaro moumachhi projati asche,[2] jodio er beshirobhageroi kon bornona nei ebng er prokrito songkha aro beshi hote pare. entarkotika bjotito prithibiro sokolo mohadeshe jekhanei potonggo-poragayito sopushpoko udbhido ache, sekhanei moumachhi asche. bangladeshe sochorachoro je moumachhi dekha jayo tar  boijnaniko nam apis cerana (episo serana) ei onchole aro tino projatiro moumachhi dekha jayo jotha  episo melifera, episo dorosata o episo floriya. [3]",মৌমাছির বৈজ্ঞানিক নাম কী ?,moumachhiro boijnaniko nam kii ?,Apis cerana,apis cerana,Apis অঞ্চলে,apis onchole,relational,bnp_003506,,
pilot_000065,has_context,history,low,১৬৬০ সালে তাকে মারাঠা শাসনকর্তা ছত্রপতি শিবাজি মহারাজের বিরুদ্ধে সংগ্রামে অংশ নিতে পাঠানো হয়েছিল। মির্জা আবু তালিবের পূর্বপুরুষ পারস্য থেকে আগত এবং মুঘল রাজপরিবারের সাথেও তার সম্পর্ক ছিল। মির্জার বাবা আবুল আসরাফ আসাফ বেগ ও শায়েস্তা খাঁনের দাদা মির্জা গিয়াস বেগ ইতিমাদুদ্দৌলা দু'জনেই মুঘল সাম্রাজ্যের উজির বা প্রধানমন্ত্রী হিসেবে দায়িত্ব পালন করেন। বাদশাহ শাহজাহান মির্জা আবু তালিব-কে শায়েস্তা খাঁ উপাধিতে ভূষিত করেন।,1660 shale take maratha shasonokorta chhotropoti shibaji moharajero biruddhe songgrame ongsho nite pathano hoyechhilo. mirja abu talibero purbopurusho parosjo theke agoto ebong mugholo rajoporibarero satheo tar somporko silo. mirjaro baba abulo asorafo asafo bego o shayesta khanero dada mirja giyaso bego itimaduddoula du'jonei mugholo samrajjero ujiro ba prodhanmontri hisebe dayitbo palono koren. badoshaho shahojahano mirja abu talibo-ke shayesta kha upadhite bhushito korn.,শায়েস্তা খানের পিতার নাম কী?,shayesta khanero pitaro naam kii?,আবুল আসরাফ আসাফ বেগ (আসাফ খান),abulo asorafo asafo bego (asafo khano),আবুল আসরাফ আসাফ বেগ (আসাফ খাণ),abulo asorafo asafo bego (asafo khano),relational,bnp_003542,,
pilot_000066,has_context,history,low,"বাংলা ভাষা আন্দোলন তথা রাষ্ট্রভাষা আন্দোলন ১৯৪৭ থেকে ১৯৫৬ পর্যন্ত পাকিস্তানের তৎকালীন প্রদেশ পূর্ববঙ্গে (১৯৫৬ সালের পর পূর্ব পাকিস্তান, বর্তমানে বাংলাদেশ) সংঘটিত একটি সাংস্কৃতিক ও রাজনৈতিক আন্দোলন। ১৯৪৭ সালে দ্বিজাতি তত্ত্বের ভিত্তিতে ব্রিটিশ শাসিত ভারত বিভাজিত হয়ে পাকিস্তান অধিরাজ্য ও ভারত অধিরাজ্যের উদ্ভব হয়।","bangla bhasha andolono totha rashtrobhasha andolono 1947 theke 1956 porjonto pakistanero totokalino prodesho purbobongge (1956 saler poro purbo pakistano, bortomane bangladesh) songghotito ekta sangskritiko o rajonoitiko andolono. 1947 sale dbijati tottbero bhittite britisho shasito india bibhajito hoye pakistano odhirajjo o india odhirajjero udbhobo hoi.",১৯৪৭ সালে ভারত বিভাজনের ফলে কোন দুটি রাষ্ট্রের উদ্ভব হয়?,1947 shale india bibhajonero fole kon duti rashtrero udbhobo hoy?,পাকিস্তান অধিরাজ্য ও ভারত অধিরাজ্য,pakistano odhirajjo o bharot odhirajjo,পাকিস্তান ও বাংলাদেশ,pakistano o bangladesh,relational,bnp_003570,,
pilot_000067,no_context,antonym,low,,,'অন্ত' শব্দের শুদ্ধ বিপরীত শব্দ কোনটি?,'onto' shobder shuddho biporito shobdo konta?,অনন্ত,ononto,নিরুপিত,nirupito,fabricated,bnp_003669,,
pilot_000068,no_context,science,low,,,বাংলাদেশে প্রায় কত প্রজাতির গেছো ব্যাঙ দেখা যায়?,bangladeshe prayo koto projatiro gechho bjango dekha jayo?,প্রায় ৭ প্রজাতি,prayo 7 projati,১৪টি প্রজাতি,14ta projati,fabricated,bnp_003743,,
pilot_000069,has_context,reading_comprehension,low,"আইভি ফে হুকস (জন্ম ১৭ নভেম্বর, ১৯৪১) একজন মার্কিন গণিতবিদ এবং প্রকৌশলী যিনি নাসা-তে (NASA) কাজ করেছেন। তিনি ১৯৬৫ সালে হিউস্টন বিশ্ববিদ্যালয় থেকে গণিত ও পদার্থবিজ্ঞানে স্নাতকোত্তর ডিগ্রি অর্জনের পর নাসায় যোগ দেন। তার প্রথম কাজ ছিল অ্যাপোলো প্রোগ্রাম-এ, যেখানে তিনি চাঁদের আলোকসজ্জার মডেলিং এবং লঞ্চ এস্কেপ সিস্টেমের ডাইনামিক্স নিয়ে কাজ করেছিলেন। পরবর্তীতে তিনি স্পেস শাটল-এর নকশা ও উন্নয়নে গুরুত্বপূর্ণ ভূমিকা পালন করেন। তিনি শাটল অর্বিটারের মূল নকশা দলে থাকা মাত্র দুজন নারী প্রকৌশলীর একজন ছিলেন।","aibhi fe hukoso (jonmo 17 nobhemboro, 1941) ekojono markino gonitobido ebong prokousholi jini nasa-te (nasa) kajo korechheno. tini 1965 shale hiustono bishbobidjaloyo theke ganit o podarthobijnane snatokottoro digri orjonero poro nasayo jogo deno. tar prthom kajo chilo ojapolo programo-e, jekhane tini chadero alokosojjaro modeling ebong loncho eskepo sistemero dainamikso niye kajo korechhileno. porobortite tini speso shatolo-er nokosha o unnoyone gurutbopurno bhumika palono korn. tini shatolo orbitarero mulo nokosha dole thaka matro dujono nari prokousholiro ekojono chhileno.",অনুচ্ছেদের ভিত্তিতে “তিনি শাটল অর্বিটারের মূল নকশা” বিষয়ে কোন বক্তব্যটি সঠিক?,onuchchhedero bhittite “tini shatolo orbitarero mulo nokosha” bishoye kon boktobjoti sothik?,তিনি শাটল অর্বিটারের মূল নকশা দলে থাকা মাত্র দুজন নারী প্রকৌশলীর একজন ছিলেন।,tini shatolo orbitarero mulo nokosha dole thaka matro dujono nari prokousholiro ekojono chhileno.,তিনি শাটল অর্বিটারের মূল নকশা দলে থাকা মাত্র দুজন নারী প্রকৌশলীর দুজন ছিলেন।,tini shatolo orbitarero mulo nokosha dole thaka matro dujono nari prokousholiro dujono chhileno.,relational,bnp_003818,,
pilot_000070,has_context,reading_comprehension,low,"নাইজেল মার্টিন ইভান্স  (জন্ম ১০ নভেম্বর ১৯৫৭) একজন ব্রিটিশ কনজারভেটিভ পার্টির রাজনীতিবিদ যিনি ১৯৯২ সাল থেকে ল্যাঙ্কাশায়ারের রিবল ভ্যালির সংসদ সদস্য (এমপি) হিসেবে দায়িত্ব পালন করছেন। তিনি ২০১৭ থেকে ২০১৯ সাল পর্যন্ত ১৯২২ কমিটির যুগ্ম নির্বাহী সম্পাদক ছিলেন। তিনি ২০১০ থেকে ২০১৩ সাল পর্যন্ত স্পিকারের তিনজন ডেপুটিদের মধ্যে অন্যতম ওয়েস অ্যান্ড মিনসের প্রথম ডেপুটি চেয়ারম্যান হিসেবে দায়িত্ব পালন করেন। তিনি ২০২০ সালে ওয়েজ অ্যান্ড মিনসের দ্বিতীয় ডেপুটি চেয়ারম্যান নির্বাচিত হন।
ইভান্স ইউরোপীয় ইউনিয়নের একজন শক্তিশালী সমালোচক এবং ২০১৬ সালের ইইউ গণভোটে ব্রেক্সিটকে সমর্থন করেছিলেন। তিনি তখন থেকে Le","naijelo martino ibhanso  (jonmo 10 nobhemboro 1957) ekojono britisho konojarobhetibho partiro rajonitibido jini 1992 sal theke ljangkashayarero ribolo bhjaliro songsodo sodosjo (emopi) hisebe dayitbo palono korochheno. tini 2017 theke 2019 shal porjonto 1922 komitiro jugmo nirbahi sompadoko chhileno. tini 2010 theke 2013 sal porjonto spikarero tinojono deputidero moddhe onjotomo oyeso ojando minosero prthom deputi cheyaromjano hisebe dayitbo palono korn. tini 2020 sale oyejo ojando minosero dbitiyo deputi cheyaromjano nirbachito hono.
ibhanso iuropiyo iuniyonero ekojono shoktishali somalochoko ebng 2016 saler iiu gonobhote breksitoke somorthono korechhileno. tini tokhono theke le",নাইজেল ইভান্স কবে জন্মগ্রহণ করেন?,naijelo ibhanso kobe jonmogrohono korn?,নাইজেল মার্টিন ইভান্স (জন্ম ১০ নভেম্বর ১৯৫৭) একজন ব্রিটিশ কনজারভেটিভ পার্টির রাজনীতিবিদ যিনি ১৯৯২ সাল থেকে ল্যাঙ্কাশায়ারের রিবল ভ্যালির সংসদ সদস্য (এমপি) হিসেবে দায়িত্ব পালন করছেন।,naijelo martino ibhanso (jonmo 10 nobhemboro 1957) ekojono britisho konojarobhetibho partiro rajonitibido jini 1992 shal theke ljangkashayarero ribolo bhjaliro songsodo sodosjo (emopi) hisebe dayitbo palono korochheno.,১০ নভেম্বর ১৯৯২,10 nobhemboro 1992,numeric,bnp_003827,,
pilot_000071,has_context,law,low,"ফলে রায়তরা নীলচাষ করতে অস্বীকার করে, কিন্তু নীলকরেরা তাদেরকে নীলচাষ অব্যাহত রাখতে বাধ্য করতে থাকে।","fole rayotora nilochasho korte osbikaro kore, kintu nilokorera taderoke nilochasho objahoto rakhote badhjo korte thak.",প্রদত্ত প্রসঙ্গ অনুযায়ী নীল কমিশন সম্পর্কে কী তথ্য দেওয়া হয়েছে?,prodotto prosongo anujayi nilo komishono somporke kii tothjo deoya hoise?,"ফলে রায়তরা নীলচাষ করতে অস্বীকার করে, কিন্তু নীলকরেরা তাদেরকে নীলচাষ অব্যাহত রাখতে বাধ্য করতে থাকে।","fole rayotora nilochasho korte osbikaro kore, kintu nilokorera taderoke nilochasho objahoto rakhote badhjo korte thak.","ফলে রায়তরা নীলচাষ করতে অস্বীকার করে, কিন্তু জমিদারেরা তাদেরকে নীলচাষ অব্যাহত রাখতে বাধ্য করতে থাকে।","fole rayotora nilochasho korte osbikaro kore, kintu jomidarera taderoke nilochasho objahoto rakhote badhjo korte thake.",relational,bnp_003944,,
pilot_000072,no_context,idiom_meaning,low,,,"""উঁচু ঘর"" এর ভাবার্থ কী?","""uchu ghoro"" er bhabartho kii?",ভাল বংশ; সচ্ছল পরিবার,bhalo bongsho; sochchholo poribaro,মৃত্যু,mritju,fabricated,bnp_003950,,
pilot_000073,no_context,grammar,low,,,“সংবাদ” শব্দের সন্ধিবিচ্ছেদ কী?,“songbado” shobder sondhibichchhedo ki?,সম্ + বাদ,som + bado,সঃ + বাদ,soh + bado,fabricated,bnp_003960,,
pilot_000074,has_context,law,low,"চলাফেরার স্বাধীনতা: জনস্বার্থে আইনের দ্বারা আরোপিত যুক্তিসঙ্গত বাধানিষেধ সাপেক্ষে বাংলাদেশের সর্বত্র অবাধ চলাফেরা, দেশের যে কোন স্থানে বসবাস ও বসতি স্থাপন এবং বাংলাদেশে ত্যাগ ও বাংলাদেশে পুনঃপ্রবেশ করবার অধিকার প্রত্যেক নাগরিকের থাকবে।","cholaferaro shadinota: jonosbarthe ainero dbara aropito juktisonggoto badhanishedho sapekshe bangladesher sorbotro obadho cholafera, deshero je kon sthane bosobaso o bosoti sthapono ebong bangladeshe tjago o bangladeshe punohprobesho korobaro odhikaro protjeko nagorikero thakobe.",প্রদত্ত প্রসঙ্গ অনুযায়ী বাংলাদেশের সংবিধানে বর্ণিত মৌলিক অধিকার সম্পর্কে কী তথ্য দেওয়া হয়েছে?,prodotto prosngo onujayi bangladesher songbidhane bornito mouliko odhikaro somporke ki tothjo deoya hoise?,"চলাফেরার স্বাধীনতা: জনস্বার্থে আইনের দ্বারা আরোপিত যুক্তিসঙ্গত বাধানিষেধ সাপেক্ষে বাংলাদেশের সর্বত্র অবাধ চলাফেরা, দেশের যে কোন স্থানে বসবাস ও বসতি স্থাপন এবং বাংলাদেশে ত্যাগ ও বাংলাদেশে পুনঃপ্রবেশ করবার অধিকার প্রত্যেক নাগরিকের থাকবে।","cholaferaro shadinota: jonosbarthe ainero dbara aropito juktisonggoto badhanishedho sapekshe bangladesher sorbotro obadho cholafera, deshero je kon sthane bosobaso o bosoti sthapono ebong bangladeshe tjago o bangladeshe punohprobesho korobaro odhikaro protjeko nagorikero thakobe.","চলাফেরার স্বাধীনতা: জনস্বার্থে আইনের দ্বারা আরোপিত যুক্তিসঙ্গত বাধানিষেধ সাপেক্ষে বাংলাদেশের সর্বত্র অবাধ চলাফেরা, দেশের যে কোন স্থানে বসবাস ও বসতি স্থাপন এবং বাংলাদেশে ত্যাগ ও বাংলাদেশে পুনঃপ্রবেশ করবার অধিকার প্রত্যেক নাগরিকের থাকবে না।","cholaferaro shadinota: jonosbarthe ainero dbara aropito juktisonggoto badhanishedho sapekshe bangladesher sorbotro obadho cholafera, deshero je kon sthane bosobaso o bosoti sthapono ebng bangladeshe tjago o bangladeshe punohprobesho korobaro odhikaro protjeko nagorikero thakobe naa.",relational,bnp_004039,,
pilot_000075,no_context,grammar,low,,,‘উদ্’ ও ‘তেজনা’ শব্দ দুটির সন্ধিতে কোন শব্দ গঠিত হয়?,‘ud’ o ‘tejona’ shobdo dutiro sondhite kon shobdo gothito hoi?,উত্তেজনা,uttejona,উদ্তেজনা,udtejona,fabricated,bnp_004052,,
pilot_000076,no_context,mathematics,low,,,একটি কুকুরকে পালতে ২.৫ ঘন্টা এবং একটি বিড়াল পালতে ০.৫ ঘন্টা সময় লাগে। ৫টি কুকুর এবং ৩টি বিড়াল পালন করতে কত মিনিট লাগে?,ekta kukuroke palote 2.5 ghonta ebong ekti biralo palote 0.5 ghonta somoyo lage. 5ti kukuro ebong 3ti biralo palono korte koto minito lage?,৮৪০,840,৮৩৪,834,fabricated,bnp_004055,,
pilot_000077,has_context,law,low,উচ্চকক্ষের কাজকর্মে গতির সঞ্চার করতে চেয়ারম্যান সদস্যদের উদ্দেশ্যে ১০টি পরামর্শ দেন।,uchchokokshero kajokorme gotiro soncharo korte cheyaromjano sodosjodero uddeshje 10ta poramorsho deno.,প্রদত্ত প্রসঙ্গ অনুযায়ী ভারতীয় রাষ্ট্রব্যবস্থায় রাজ্যসভার ভূমিকা সম্পর্কে কী তথ্য দেওয়া হয়েছে?,prodotto prosngo anujayi bharotiyo rashtrobjobosthayo rajjosobharo bhumika somporke ki tothjo deoya hoyeche?,উচ্চকক্ষের কাজকর্মে গতির সঞ্চার করতে চেয়ারম্যান সদস্যদের উদ্দেশ্যে ১০টি পরামর্শ দেন।,uchchokokshero kajokorme gotiro soncharo korte cheyaromjano sodosjodero uddeshje 10ti poramorsho deno.,উচ্চকক্ষের কাজকর্মে গতির সঞ্চার করতে চেয়ারম্যান সদস্যদের উদ্দেশ্যে ১১টি পরামর্শ দেন।,uchchokokshero kajokorme gotiro soncharo korte cheyaromjano sodosjodero uddeshje 11ti poramorsho deno.,numeric,bnp_004100,,
pilot_000078,has_context,law,low,"শুধু তা-ই নয়, তারা রায়তদেরকে উৎপাদিত নীলের ন্যায্যমূল্য থেকেও বঞ্চিত করতো।","shudhu ta-i noyo, tara rayotoderoke utopadito nilero njajjomuljo thekeo bonchito koroto.",প্রদত্ত প্রসঙ্গ অনুযায়ী নীল কমিশন সম্পর্কে কী তথ্য দেওয়া হয়েছে?,prodotto prosngo onujayi nilo komishono somporke kii tothjo deoya hoyeche?,"শুধু তা-ই নয়, তারা রায়তদেরকে উৎপাদিত নীলের ন্যায্যমূল্য থেকেও বঞ্চিত করতো।","shudhu ta-i noyo, tara rayotoderoke utopadito nilero njajjomuljo thekeo bonchito koroto.","শুধু তা-ই নয়, তারা নীলকরদেরকে উৎপাদিত নীলের ন্যায্যমূল্য থেকেও বঞ্চিত করতো।","shudhu ta-i noyo, tara nilokoroderoke utopadito nilero njajjomuljo thekeo bonchito koroto.",relational,bnp_004145,,
pilot_000079,has_context,reading_comprehension,low,"ছাত্র ও শিক্ষকই একটি শিক্ষা প্রতিষ্ঠানের প্রধান অঙ্গ। রেবতী রমণ দত্ত মনে করতেন উপযুক্ত শিক্ষক ছাড়া উপযুক্ত ছাত্র তৈরি করা যায় না । শিক্ষকের পান্ডিত্য ও গুণাবলী তাঁর শিক্ষাদানের মাধ্যমে ছাত্রদের মধ্যে সঞ্চারিত হয়ে থাকে । শিক্ষক নিয়োগের ক্ষেত্রে রেবতী রমণ এই বিষয়টির উপর অধিক গুরুত্ব আরোপ করতেন। কলেজের প্রথম অধ্যক্ষের পদে যিনি নিযুক্ত হয়েছিলেন তিনি প্রকৃতপক্ষে কাজে যোগদান করেননি । উপাধ্যক্ষের পদে নিযুক্ত হয়েছিলেন  মাখন লাল নাগ । অধ্যক্ষ মহোদয়ের কাজে যোগদানের অপারগতায় তিনিই অধ্যক্ষের পদে অধিষ্ঠিত হন। তাঁর সহকর্মীদের মধ্যে ছিলেন বাংলা সাহিত্যের অধ্যাপক গিরিজা শস্কর ধর এম.এ. (স্বর্ণ পদক প্রাপ্ত ছিলেন স্কলার),ইতিহাসের অধ্যাপক প্রমোদ কুমার মুখোপাধ্যায় ,এম,এ,(প্রথম শ্্েরণী ) ,দর্শনের অধ্যাপক শ্যামাপদ চট্টোপাধ্যায় ,এম,এ,(প্রথম শ্রেণী) ,অধ্যাপক সুশীল কুমার মুখোপাধ্যায় এম,এ (স্বর্ণ পদক প্রাপ্ত) ,ইংরেজির অধ্যাপক প্রকৃতিরঞ্চন বড়–য়া, আরবী ও ফার্সি বিভাগের অধ্যাপক মীর মোহাম্মদ ইব্রাহিম ,রাষ্ট্রবিজ্ঞানের অধ্যাপক হরিনারায়ণ চক্রবর্তী। কলিকাতা বিশ্ববিদ্যালয়ের কৃতি ছাত্র অধ্যক্ষ মাখন লাল নাগ অঙ্কশাস্ত্রে প্রথম শ্রেণীতে দ্বিতীয় স্থানের অধিকারী ছিলেন । গৌরবর্ণ ,সুদর্শন ,বুদ্ধিদীপ্ত যুবক মাখনলাল সহজেই রেবতী রমণের দৃষ্টি আকর্ষণ করলেন । এ রকম একজন আদর্শবান কর্মতৎপর ব্যক্তিকেই যেন রেবতী রমণ কলেজের অধ্যক্ষের পদে নিযুক্তির জন্য খুঁজছিলেন। অধ্যক্ষের পদে নিযুক্তি থেকে কলেজ থেকে অবসর গ্রহণ করার (১৯৬৪) পূর্ব পর্যন্ত অধ্যক্ষ মাখনলাল নাগ কলেজের উন্নতির জন্য যেরূপ নিষ্ঠা ও পরিশ্রম প্রদর্শন করেছেন তা একরূপ অতুলনীয়। কলেজে দীর্ঘ কর্মজীবনে তিনি সকল প্রকার কর্মকান্ডের কেন্দ্রবিন্দু ছিলেন। কর্মতৎপরতায় তাঁর যুগে তাঁর সমকক্ষ অধ্যক্ষ খুব কমই ছিল । অনেক সময়ে দেখা যেতো কোন অধ্যাপক ছুটিতে গেলে কিংবা পদত্যাগ করলে অন্তবর্তী সময়ে ছাত্রদের যাতে অসুবিধায় পড়তে না হয় মাখন বাবু সে বিষয়ে নিজেই ক্লাশ নিতেন। অঙ্কশাস্ত্র তিনি নিজেই পড়াতেন । সেই সূত্রে তিনি আই .এস.সি.তে পদার্থ বিজ্ঞানের ক্লাশ ও নিতেন । রাষ্ট্র বিজ্ঞানের অধ্যাপকের অনুপস্থিতিতে তিনি বেশ কিছুদিন বি.এ.ক্লাশে রাষ্ট্রবিজ্ঞানও পড়িয়েছিলেন । কোনও কারণে অধ্যাপকের অনুপস্থিতিতে ক্লাশে শিক্ষাদান যাতে ব্যাহত না হয় সেদিকে  অধ্যক্ষ মাখন লাল নাগের প্রখর দৃষ্টি ছিল । কলেজ প্রতিষ্ঠার সময়ে কলেজের অধীনস্থ ভূমির পরিমাণ খুব বেশি ছিল না ।  অধ্যক্ষ মাখন লাল নাগের ঐকান্তিক প্রচেষ্টায় কলেজের অধীনস্থ ভূমির পরিমাণ তিন চারগুণ বৃদ্ধি পায়। স্যার আশুতোষ কলেজ তাঁর প্রাণস্বরূপ ছিল। কলেজ ক্যা¤পাসের মধ্যেই তাঁর ভবন ছিল। সকাল বেলা চা জল খাবার খেয়ে তিনি কলেজ অফিসে চলে আসতেন , দুপুর পর্যন্ত তিনি এক নাগাড়ে কাজে ব্যাপৃত থাকতেন । দুপুরে বাসায় গিয়ে আহার করে খুব বেশিক্ষণ বিশ্রাম নিতেন না , অফিসে ফিরে এসে পুণরায় কাজে মনোনিবেশ করতেন । কলেজের রুটিন মাফিক কাজ কর্ম তাঁরই  তত্ত্বাবধানে সমাধা হতো । বলা বাহুল্য ,প্রবেশিকা পরীক্ষার সময় কাজের চাপ আরও বেড়ে যেতো । এক সময়ে উত্তরে কোয়েপাড়া থেকে দক্ষিণে ধলঘাট পর্যন্ত সমস্ত স্কুলের প্রবেশিকা পরীক্ষার কেন্দ্র ছিল স্যার আশুতোষ কলেজ । অনেক সময়ে কলেজের কাজ কর্ম শেষ করতে বিকেল গড়িয়ে সন্ধ্যা হয়ে যেতো , বিশ্রাম নেবার সময়টুকু পর্যন্ত তিনি পেতেন না । সারাদিন কলেজে অতিবাহিত করে বাসায় ফিরে ছেলেমেয়েদের পড়াশুনায় কিছুক্ষণ তদারক করতেন । মনে হয়, রাতের ঘুমটাই তাঁর বিশ্রামের সময় ছিল। কলেজ ছেড়ে তিনি কোথাও  বিশেষ যেতেন না । দু’চার বছর অšতর ঢাকার বিক্রমপুরে গিয়ে দেশের বাড়ি দেখে আসতেন । কলেজের জন্যই তিনি যেন আপন জীবন উৎসর্গ করতে কৃতসংকল্প ছিলেন।","chhatro o shikshokoi ekta shiksha protishthanero prodhano onggo. reboti romono dotto mone koroteno upojukto shikshoko chhara upojukto chhatro toiri kora jayo naa . shikshokero panditjo o gunaboli taro shikshadanero madhjome chhatrodero modhye soncharito hoye thake . shikshoko niyogero kshetre reboti romono ei bishoyotiro uporo odhiko gurutbo aropo koroteno. kolejero prothom odhjokshero pode jini nijukto hoyechhileno tini prokritopokshe kaje jogodano korenoni . upadhjokshero pode nijukto hoyechhileno  makhono lalo nago . odhjoksho mohodoyero kaje jogodanero oparogotayo tinii odhjokshero pode odhishthito hono. taro sohokormidero modhye chhileno bangla sahitjero odhjapoko girija shoskoro dhoro emo.e. (sborno podoko prapto chhileno skolaro),itihasero odhjapoko promodo kumaro mukhopadhjayo ,emo,e,(prthom shroni ) ,dorshonero odhjapoko shjamapodo chottopadhjayo ,emo,e,(prthom shreni) ,odhjapoko sushilo kumaro mukhopadhjayo emo,e (sborno podoko prapto) ,ingrejiro odhjapoko prokritironchono boro–ya, arobi o farsi bibhagero odhjapoko miro mohammodo ibrahimo ,rashtrobijnanero odhjapoko horinarayono chokroborti. kolikata bishbobidjaloyero kriti chhatro odhjoksho makhono lalo nago ongkoshastre prthom shrenite dbitiyo sthanero odhikari chhileno . gouroborno ,sudorshono ,buddhidipto juboko makhonolalo sohojei reboti romonero drishti akorshono koroleno . e rokomo ekojono adorshobano kormototoporo bjoktikei jeno reboti romono kolejero odhjokshero pode nijuktiro jnno khujochhileno. odhjokshero pode nijukti theke kolejo theke obosoro grohono koraro (1964) purbo porjonto odhjoksho makhonolalo nago kolejero unnotiro jnno jerupo nishtha o porishromo prodorshono korechheno ta ekorupo otuloniyo. koleje dirgho kormojibone tini sokolo prokaro kormokandero kendrobindu chhileno. kormototoporotayo taro juge taro somokoksho odhjoksho khubo komoi silo . oneko somoye dekha jeto kon odhjapoko chhutite gele kingba podotjago korole ontoborti somoye chhatrodero jate osubidhayo porote na hoy makhono babu se bishoye nijei klasho niteno. ongkoshastro tini nijei porateno . sei sutre tini ai .eso.si.te podartho bijnanero klasho o niteno . rashtro bijnanero odhjapokero onuposthitite tini besho kichhudino bi.e.klashe rashtrobijnanoo poriyechhileno . konoo karone odhjapokero onuposthitite klashe shikshadano jate bjahoto naa hoy sedike  odhjoksho makhono lalo nagero prokhoro drishti silo . kolejo protishtharo somoye kolejero odhinostho bhumiro porimano khubo beshi silo naa .  odhjoksho makhono lalo nagero oikantiko procheshtayo kolejero odhinostho bhumiro porimano tino charoguno briddhi payo. sjaro ashutosho kolejo taro pranosborupo silo. kolejo kja¤pasero modhjei taro bhobono chilo. sokalo bela cha jolo khabaro kheye tini kolejo ofise chole asoteno , dupuro porjonto tini eko nagare kaje bjaprito thakoteno . dupure basayo giye aharo kore khubo beshikshono bishramo niteno naa , ofise fire ese punorayo kaje mononibesho koroteno . kolejero rutino mafiko kajo kormo taroi  tottbabodhane somadha hoto . bola bahuljo ,probeshika poriksharo somoyo kajero chapo aro bere jeto . eko somoye uttore koyepara theke dokshine dhologhato porjonto somosto skulero probeshika poriksharo kendro silo sjaro ashutosho kolejo . oneko somoye kolejero kajo kormo shesho korte bikelo goriye sondhja hoye jeto , bishramo nebaro somoyotuku porjonto tini peteno na . saradino koleje otibahito kore basayo fire chhelemeyedero porashunayo kichhukshono todaroko koroteno . mone hoy, ratero ghumotai taro bishramero somoyo silo. kolejo chhere tini kothao  bishesho jeteno naa . du’charo bosor oštoro dhakaro bikromopure giye deshero bari dekhe asoteno . kolejero jonjoi tini jeno apono jibono utosorgo korte kritosongkolpo chhileno.",চট্টগ্রামের বোয়ালখালীতে অবস্থিত স্যার আশুতোষ সরকারি কলেজের প্রথম অধ্যক্ষ কে ছিলেন ?,chottogramero boyalokhalite obosthito sjaro ashutosho sorokari kolejero prthom odhjoksho ke chhileno ?,রেবতী রমণ,reboti romono,অফিসে রমণ,ofise romono,relational,bnp_004309,,
pilot_000080,has_context,reading_comprehension,low,"কেহকাশান বসু এমএসএম (জন্ম ৫ জুন ২০০০) হলেন একজন কানাডিয়ান পরিবেশ ও মানবাধিকার কর্মী। তিনি সংযুক্ত আরব আমিরাত থেকে আগত। বসু শান্তি, শিশু অধিকার, টেকসই উন্নয়নের জন্য শিক্ষা, পারমাণবিক নিরস্ত্রীকরণ, লিঙ্গ সমতা এবং জলবায়ু ন্যায়বিচারের পক্ষেও কাজ করেন। তিনি গ্রিন হোপ ফাউন্ডেশনের প্রতিষ্ঠাতা-সভাপতি, ওয়ার্ল্ড ফিউচার কাউন্সিলের সর্বকনিষ্ঠ কাউন্সিলর, পার্লামেন্ট অফ দ্য ওয়ার্ল্ড'স রিলিজিয়নসের সর্বকনিষ্ঠ ট্রাস্টি, কিডসরাইটস ইয়াংস্টারসের সদস্য এবং ২০১৬ সালের আন্তর্জাতিক শিশু শান্তি পুরস্কার বিজয়ী।","kehokashano bosu emoesoemo (jonmo 5 juno 2000) holeno ekojono kanadiyano poribesho o manobadhikaro kormi. tini songjukto arobo amirato theke agoto. bosu shanti, shishu odhikaro, tekosoi unnoyonero jonno shiksha, paromanobiko nirostrikorono, linggo somota ebng jolobayu njayobicharero poksheo kajo koren. tini grino hopo faundeshonero protishthata-sobhapoti, oyarldo fiucharo kaunsilero sorbokonishtho kaunsiloro, parlamento ofo djo oyarldo'so rilijiyonosero sorbokonishtho trasti, kidosoraitoso iyangstarosero sodosjo ebong 2016 shaler antorjatiko shishu shanti puroskaro bijoyi.",কেহকাশান বসু কবে জন্মগ্রহণ করেন?,kehokashano bosu kobe jonmogrohono koren?,কেহকাশান বসু এমএসএম (জন্ম ৫ জুন ২০০০) হলেন একজন কানাডিয়ান পরিবেশ ও মানবাধিকার কর্মী।,kehokashano bosu emoesoemo (jonmo 5 juno 2000) holeno ekojono kanadiyano poribesho o manobadhikaro kormi.,৫ জুন ২০১৬,5 juno 2016,numeric,bnp_004311,,
pilot_000081,has_context,history,low,ইনি আমীর নাসের পাশা ও তার স্ত্রী দিলবার খানুমের কন্যা ছিলেন।,ini amiro nasero pasha o tar stri dilobaro khanumero konja chhileno.,আবদুল্লাহর প্রথম স্ত্রী মুসবাহ বিনতে নাসের কার কন্যা ছিলেন?,abodullahoro prothom stri musobaho binote nasero karo konja chhileno?,আমীর নাসের পাশা ও তার স্ত্রী দিলবার খানুমের কন্যা,amiro nasero pasha o tar stri dilobaro khanumero konja,আমীর নাসের পাশা ও তার স্ত্রী নাহদা বিনতে উমানের কন্যা,amiro nasero pasha o tar stri nahoda binote umanero konja,relational,bnp_004537,,
pilot_000082,has_context,law,low,উক্তরূপ এলাকাকে সরকারি গেজেটে প্রজ্ঞাপনের মাধ্যমে সুনির্দিষ্ট করিয়া কোন ইউনিয়ন পরিষদে অন্তর্ভুক্ত করিতে পারিবে; বা।,uktorupo elakake sorokari gejete projnaponero madhjome sunirdishto koriya kon iuniyono porishode ontorbhukto korite paribe; ba.,"প্রদত্ত প্রসঙ্গ অনুযায়ী স্থানীয় সরকার (ইউনিয়ন পরিষদ) আইন, ২০০৯-এর ধারা ১৬ সম্পর্কে কী বলা হয়েছে?","prodotto prosongo anujayi sthaniyo sorkar (iuniyono porishodo) ain, 2009-er dhara 16 somporke kii bola hoyeche?",উক্তরূপ এলাকাকে সরকারি গেজেটে প্রজ্ঞাপনের মাধ্যমে সুনির্দিষ্ট করিয়া কোন ইউনিয়ন পরিষদে অন্তর্ভুক্ত করিতে পারিবে; বা।,uktorupo elakake sorokari gejete projnaponero madhjome sunirdishto koriya kon iuniyono porishode ontorbhukto korite paribe; ba.,উক্তরূপ এলাকাকে সরকারি গেজেটে প্রজ্ঞাপনের মাধ্যমে সুনির্দিষ্ট করিয়া কোন উপজেলা পরিষদে অন্তর্ভুক্ত করিতে পারিবে; বা।,uktorupo elakake sorokari gejete projnaponero madhjome sunirdishto koriya kon upojela porishode ontorbhukto korite paribe; ba.,relational,bnp_004538,,
pilot_000083,has_context,history,low,২০১০-এর ফেব্রুয়ারি-মার্চে দুই টেস্ট ও তিন ওয়ানডে খেলতে বাংলাদেশ সফরে আসে ইংল্যান্ড। টেস্ট ও ওয়ানডে- দুটোতেই বাংলাদেশের সর্বোচ্চ উইকেট শিকারী ছিলেন সাকিব (টেস্টে ৯ উইকেট ও ওয়ানডেতে ৫ উইকেট)।,2010-er februyari-marche dui testo o tino oyanode khelote bangladesh sofore ase ingljando. testo o oyanode- dutotei bangladesher sorbochcho uiketo shikari chhileno sakibo (teste 9 uiketo o oyanodete 5 uiketo).,২০১০ সালে ইংল্যান্ডের বাংলাদেশ সফরে টেস্টে সাকিব কত উইকেট নিয়ে সর্বোচ্চ উইকেট শিকারী হন?,2010 shale ingljandero bangladesh sofore teste sakibo koto uiketo niye sorbochcho uiketo shikari hono?,৯ উইকেট,9 uiketo,১০ উইকেট,10 uiketo,numeric,bnp_004674,,
pilot_000084,has_context,reading_comprehension,low,"মহাবংশ সংস্করণ এই সংস্করণে, বিজয় এর দিদা ছিল এক রাজকুমারী ।যার রাজ্য বঙ্গ এবং কলিঙ্গ রাজ্যের (বর্তমান পশ্চিমবঙ্গ এবং ওড়িশা) মধ্যে ছিল। তিনি সিংহের সঙ্গে দুটি সন্তান হয়।সিংহ তাদের একটি বনের মধ্যে বন্দি করে রাখে ।  পরে, রাজকুমারী এবং তার দুটি সন্তান  বন্দিদশা পালিয়ে যায়।তার ছেলে সিংহবাহু, সিংহকে হত্যা করে। রাজকুমার বিজয় হল  সিংহ-হত্যাকারী সিংহবাহুর ছেলে।যিনি  নতুন রাজ্য  সিংহপুরের প্রতিষ্ঠাতা।বিজয় যুবরাজ হন।  কিন্তু  তাঁর ৭০০ অনুসারীদের সাথে শ্রীলঙ্কায় নির্বাসিত হন মন্দ কাজের জন্য।  মহাবংশের (Mahavamsa) সংস্করণে রয়েছে  যে পূর্বে এক সময়, শ্রীলঙ্কায় গিয়ে বুদ্ধ  সব যক্ষদের (Yakshas) শ্রীলঙ্কা থেকে অন্য দ্বীপ গিরিদ্বীপে বহিষ্কার করেন। যাইহোক, পরে এটা বলা হয়েছে যে বিজয়  শ্রীলঙ্কায় অবতরণের সময় যক্ষদের  সম্মুখীন হন এবং    (Kuveni )কুবেনি নামে এক যক্ষিনী তার রানী হন। কুবেনির সাহায্য নিয়ে বিজয় যক্ষ নগরী শিরিশাবাটথু  ধ্বংস করেন।কুবেনির সঙ্গে তার দুটি সন্তান হয়। তবে বিজয়কে যোগ্য শাসক হতে  বিয়ে করতে হত এক ক্ষত্রিয় রাজকুমারীকে।  অতএব, তিনি  পাণ্ডু রাজার মেয়েকে বিয়ে করেন । পাণ্ডু রাজা বিজয়ের  অনুসারীদের জন্য ও মেয়ে পাঠান । কুবেনি এবং তার দুই সন্তান  নিজ নগর ছেড়ে যক্ষ নগরী লঙ্কাপুর (Lankapura) যান। যেখানে যক্ষরা কুবিনিকে যক্ষরা হত্যা করে   তাদের সাথে বিশ্বাসঘাতকতা করার জন্য। বিজয়া কোনো উত্তরাধিকারীছাড়া মারা যান ।ভারত থেকে তার যমজ ভাই সুমিত্তের ছেলে পাণ্ডুসুদেব আসে এবং ভার নেয় বিজয় এর রাজ্যের। বিজয়ের দ্বারা প্রতিষ্ঠিত কমিউনিটি উৎপত্তি হয় সিংহলি জাতির।","mohabongsho songskorono ei songskorone, bijoy er dida chilo eko rajokumari .jaro rajjo bonggo ebong kolinggo rajjero (bortomano poshchimobonggo ebng orisha) moddhe silo. tini singhero songge duti sontano hoy.singho tader ekta bonero moddhe bondi kore rakhe .  pore, rajokumari ebong tar duti sontano  bondidosha paliye jayo.tar chhele singhobahu, singhoke hotja kore. rajokumaro bijoy holo  singho-hotjakari singhobahuro chhele.jini  notuno rajjo  singhopurero protishthata.bijoy juborajo hono.  kintu  taro 700 onusaridero sathe shrilongkayo nirbasito hono mondo kajero jnno.  mohabongshero (mahavamsa) songskorone roeche  je purbe eko somoyo, shrilongkayo giye buddho  sobo jokshodero (yakshas) shrilongka theke onjo dbipo giridbipe bohishkaro korn. jaihoko, pore eta bola hoyeche je bijoy  shrilongkayo obotoronero somoyo jokshodero  sommukhino hono ebng    (kuveni )kubeni name eko jokshini tar rani hono. kubeniro sahajjo niye bijoy joksho nogori shirishabatothu  dhbongso korn.kubeniro songge tar duti sontano hoy. tbe bijoyoke jogjo shasoko hote  biye korte hoto eko kshotriyo rajokumarike.  otoebo, tini  pandu rajaro meyeke biye koren . pandu raja bijoyero  onusaridero jonno o meye pathano . kubeni ebong tar dui sontano  nijo nogoro chhere joksho nogori longkapuro (lankapura) jano. jekhane jokshora kubinike jokshora hotja kore   tader sathe bishbasoghatokota koraro jonno. bijoya kono uttoradhikarichhara mara jano .india theke tar jomojo bhai sumittero chhele pandusudebo ase ebong bharo neyo bijoy er rajjero. bijoyero dbara protishthito komiuniti utopotti hoi singholi jatiro.",অনুচ্ছেদের আলোকে “তিনি সিংহের সঙ্গে দুটি সন্তান” বিষয়ে প্রাসঙ্গিক তথ্যটি কী?,onuchchhedero aloke “tini singhero songge duti sontano” bishoye prasonggiko tothjoti ki?,তিনি সিংহের সঙ্গে দুটি সন্তান হয়।সিংহ তাদের একটি বনের মধ্যে বন্দি করে রাখে ।,tini singhero songge duti sontano hoy.singho tader ekti bonero moddhe bondi kore rakhe .,তিনি সিংহের সঙ্গে দুটি সন্তান হয়।সিংহ তাদের দুটি বনের মধ্যে বন্দি করে রাখে ।,tini singhero songge duti sontano hoy.singho tader duti bonero modhye bondi kore rakhe .,relational,bnp_004706,,
pilot_000085,no_context,grammar,low,,,‘দুঃ’ ও ‘উহ’ শব্দ দুটির সন্ধিতে কোন শব্দ গঠিত হয়?,‘duh’ o ‘uho’ shobdo dutiro sondhite kon shobdo gothito hoi?,দুরূহ,duruho,দুঃউহ,duhuho,fabricated,bnp_004811,,
pilot_000086,has_context,reading_comprehension,low,"চঞ্চল চৌধুরী বাংলাদেশের পাবনা জেলার সুজানগর উপজেলার নজিরগঞ্জ ইউনিয়নের কামারহাট গ্রামে জন্মগ্রহণ করেন। তার পিতার নাম রাধা গোবিন্দ চৌধুরী এবং মায়ের নাম নমিতা চৌধুরী। তিনি গ্ৰামের স্কুল কামারহাট সরকারী প্রাথমিক বিদ্যালয় থেকে প্রাথমিক শিক্ষা এবং উদয়পুর উচ্চ বিদ্যালয় থেকে  মাধ্যমিক এবং রাজবাড়ি সরকারি কলেজ থেকে উচ্চমাধ্যমিকে পড়াশোনা করেন। উচ্চমাধ্যমিক শেষ করার পর তিনি ঢাকা বিশ্ববিদ্যালয়ে চারুকলায় ভর্তি হন। ছোটবেলা থেকেই তার গানবাজনা, আবৃত্তি আর নাটকের প্রতি নেশা ছিল। পরে তার মঞ্চনাটকের প্রতি একটা আগ্রহ সৃষ্টি হয়।","choncholo choudhuri bangladesher pabona jelaro sujanogoro upojelaro nojirogonjo iuniyonero kamarohato grame jonmogrohono korn. tar pitaro naam radha gobindo choudhuri ebong mayero nam nomita choudhuri. tini gramero skulo kamarohato sorokari prathomiko bidjaloyo theke prathomiko shiksha ebong udoyopuro uchcho bidjaloyo theke  madhjomiko ebong rajobari sorokari kolejo theke uchchomadhjomike porashona korn. uchchomadhjomiko shesho koraro poro tini dhaka bishbobidjaloye charukolayo bhorti hono. chhotobela thekei tar ganobajona, abritti aro natokero prti nesha chilo. pore tar monchonatokero prti ekota agroho srishti hoi.","বাংলাদেশী অভিনেতা, মডেল, শিক্ষক ও গায়ক চঞ্চল চৌধুরীর বাবার নাম কী ?","bangladeshi obhineta, modelo, shikshoko o gayoko choncholo choudhuriro babaro naam ki ?",রাধা গোবিন্দ চৌধুরী,radha gobindo choudhuri,রাধা আবৃত্তি চৌধুরী,radha abritti choudhuri,relational,bnp_004822,,
pilot_000087,no_context,bcs,low,,,লাহােরে অনুষ্ঠিত OIC শীর্ষ সম্মেলনে বঙ্গবন্ধু কবে যােগদান করেন?,lahare onushthito oic shirsho sommelone bonggobondhu kobe jagodano koren?,"২৩-২৪ ফেব্রুয়ারি, ১৯৭৪","23-24 februyari, 1974","২৫-২৬ ফেব্রুয়ারি, ১৯৭৪","25-26 februyari, 1974",fabricated,bnp_004877,,
pilot_000088,no_context,bcs,low,,,প্রাচীন গৌড় নগরীর অংশবিশেষ বাংলাদেশের কোন জেলায় অবস্থিত?,prachino gouro nogoriro ongshobishesho bangladesher kon jelayo obosthito?,চাঁপাইনবাবগঞ্জ,chapainobabogonjo,কুষ্টিয়া,kushtiya,fabricated,bnp_004904,,
pilot_000089,no_context,science,low,,,টয়লেটে আক্রান্ত হয়ে মৃত্যুবরণকারী ইংল্যান্ডের রাজার নাম কোনটি?,toyolete akranto hoye mritjuboronokari ingljandero rajaro nam konta?,রাজা ২য় এডমুন্ড,raja 2yo edomundo,Vinton Gray Cerf,vinton gray cerf,fabricated,bnp_004907,,
pilot_000090,has_context,history,low,থিওডোসিয়ান দেয়াল প্রথম দেয়ালের পশ্চিমে প্রায় 2 কিলোমিটার (1.2 মাইল) পড়ে থাকা একটি ডবল প্রাচীর এবং সামনে প্যালিসেড সহ একটি পরিখা নিয়ে গঠিত।,thiodosiyano deyalo prothom deyalero poshchime prayo 2 kilomitaro (1.2 mile) pore thaka ekti dobolo prachiro ebng samone pjalisedo soho ekta porikha niye gothito.,থিওডোসিয়ান দেয়াল প্রথম দেয়াল থেকে পশ্চিমে কত দূরত্বে অবস্থিত ছিল?,thiodosiyano deyalo prothom deyalo theke poshchime koto durotbe obosthito silo?,প্রায় ২ কিলোমিটার,prayo 2 kilomitaro,প্রায় ৫ কিলোমিটার,prayo 5 kilomitaro,numeric,bnp_004918,,
pilot_000091,has_context,history,low,"১৯৯৪- প্রথম পর্যায়ের সংস্কারের পর বিদ্যমান অবকাঠামোগত ত্রুটি বিচ্যুতিমুক্ত করার লক্ষ্যে সরকার উচ্চ পর্যায়ের একটি কমিটি গঠন করে। ১৯৯৮- কমিটির সুপারিশমতো দ্বিতীয় পর্যায়ের সংস্কার উন্নয়ন কাজে গণপূর্ত অধিদপ্তরকে সম্পৃক্ত করা হয়। ২০০৫-২০০৬- দ্বিতীয় পর্যায়ের সংস্কার কাজ শুরু হয় ও ২০০৬ সালে শেষ হয়। ১৩ নভেম্বর, ২০১০- সংস্কারকৃত গ্যালারী উদ্বোধন করেন সংস্কৃতি বিষয়ক মন্ত্রণালয়ের মন্ত্রী জনাব আবুল কালাম আজাদ।","1994- prthom porjayero songskarero poro bidjomano obokathamogoto truti bichjutimukto koraro lokshje sorkar uchcho porjayero ekta komiti gothono kore. 1998- komitiro suparishomoto dbitiyo porjayero songskaro unnoyono kaje gonopurto odhidoptoroke somprikto kora hoi. 2005-2006- dbitiyo porjayero songskaro kajo shuru hoi o 2006 shale shesho hoi. 13 nobhemboro, 2010- songskarokrito gjalari udbodhono korn songskriti bishoyoko montronaloyero montri jonabo abulo kalamo ajado.",আহসান মঞ্জিলের দ্বিতীয় পর্যায়ের সংস্কার কাজে কোন প্রতিষ্ঠান সম্পৃক্ত হয়?,ahosano monjilero dbitiyo porjayero songskaro kaje kon protishthano somprikto hoy?,গণপূর্ত অধিদপ্তর,gonopurto odhidoptoro,গণপূর্ত অধিদপ্থর,gonopurto odhidopthoro,relational,bnp_004986,,
pilot_000092,has_context,reading_comprehension,low,হায়দার-আল-আবাদি ইরাকের বর্তমান প্রধানমন্ত্রী। ফুয়াদ মাসুম দেশের রাষ্ট্রপতি।,hayodaro-alo-abadi irakero bortomano prodhanmntri. fuyado masumo deshero rashtropoti.,প্রদত্ত অনুচ্ছেদে “ফুয়াদ মাসুম দেশের রাষ্ট্রপতি” সম্পর্কে মূল বক্তব্যটি কী?,prodotto onuchchhede “fuyado masumo deshero rashtropoti” somporke mulo boktobjoti ki?,ফুয়াদ মাসুম দেশের রাষ্ট্রপতি।,fuyado masumo deshero rastropoti.,ফুয়াদ মাসুম দেশের প্রধানমন্ত্রী।,fuyado masumo deshero prodhanmntri.,relational,bnp_005003,,
pilot_000093,has_context,law,low,নীল কমিশন ইউরোপীয় নীলকরদের বিরুদ্ধে বাংলার রায়তদের আন্দোলনের ফলে ১৮৫০-এর দশকের শেষদিকে গঠিত হয়।,nilo komishono iuropiyo nilokorodero biruddhe banglaro rayotodero andolonero fole 1850-er doshokero sheshodike gothito hoi.,প্রদত্ত প্রসঙ্গ অনুযায়ী নীল কমিশন সম্পর্কে কী তথ্য দেওয়া হয়েছে?,prodotto prosngo onujayi nilo komishono somporke kii tothjo deoya hoyeche?,নীল কমিশন ইউরোপীয় নীলকরদের বিরুদ্ধে বাংলার রায়তদের আন্দোলনের ফলে ১৮৫০-এর দশকের শেষদিকে গঠিত হয়।,nilo komishono iuropiyo nilokorodero biruddhe banglaro rayotodero andolonero fole 1850-er doshokero sheshodike gothito hoy.,নীল কমিশন ইউরোপীয় জমিদারদের বিরুদ্ধে বাংলার রায়তদের আন্দোলনের ফলে ১৮৫০-এর দশকের শেষদিকে গঠিত হয়।,nilo komishono iuropiyo jomidarodero biruddhe banglaro rayotodero andolonero fole 1850-er doshokero sheshodike gothito hoy.,numeric,bnp_005015,,
pilot_000094,has_context,reading_comprehension,low,"কুমিল্লা ভিক্টোরিয়া কলেজ কুমিল্লা জেলায় অবস্থিত। এটি কুমিল্লার সবচেয়ে পুরাতন এবং বিখ্যাত কলেজ। কুমিল্লা ভিক্টোরিয়া কলেজ ১৮৯৯ সালে প্রতিষ্ঠিত হয়। রায় বাহাদুর আনন্দ চন্দ্র রায় রানী ভিক্টোরিয়ার নামে এটি প্রতিষ্ঠা করেন। তিনি ঠিকাদারি পেশার সাথে যুক্ত ছিলেন এবং শিক্ষা-অনুরাগী ছিলেন। কুমিল্লা ভিক্টোরিয়া কলেজ প্রতিষ্ঠা করার জন্য বিপুল পরিমাণ অর্থ ব্যয় করেছেন। এই কলেজ এভাবে পরিপূর্ণ বাস্তবে রূপ নেয়। কলেজটি প্রতিষ্ঠার পর ব্রিটিশ সরকার তাকে ""রায় বাহাদুর"" উপাধি প্রদান করে। তার স্মতি রক্ষার্তে ভিক্টোরিয়া কলেজের ইন্টারমেডিয়েট শাখায় প্রধান ফটকে একটি সাদা রঙের ভাস্কর্য তৈরি করা হয়েছে। বিজ্ঞানী সত্যেন্দ্রনাথ বসু ছিলেন এই কলেজের প্রথম অধ্যক্ষ যিনি ১৯৪৭ সাল পর্যন্ত কর্মরত ছিলেন। এই কলেজ বাংলাদেশ জাতীয় বিশ্ববিদ্যালয় এর অধিভুক্ত।","kumilla bhiktoriya kolejo kumilla jelayo obosthito. eti kumillaro sobocheye puratono ebong bikhjato kolejo. kumilla bhiktoriya kolejo 1899 sale protishthito hoi. rayo bahaduro anondo chondro rayo rani bhiktoriyaro name eti protishtha koren. tini thikadari pesharo sathe jukto chhileno ebong shiksha-onuragi chhileno. kumilla bhiktoriya kolejo protishtha koraro jonno bipulo porimano orth bjoyo korechheno. ei kolejo ebhabe poripurno bastobe rupo neyo. kolejoti protishtharo poro britisho sorkar take ""rayo bahaduro"" upadhi prodano kore. tar smoti roksharte bhiktoriya kolejero intaromediyeto shakhayo prodhano fotoke ekta sada rongero bhaskorjo toiri kora hoyeche. bijnani sotjendronatho bosu chhileno ei kolejero prthom odhjoksho jini 1947 sal porjonto kormoroto chhileno. ei kolejo bangladesh jatiyo bishbobidjaloyo er odhibhukto.",কুমিল্লা ভিক্টোরিয়া কলেজ কোন বিশ্ববিদ্যালয়ের অন্তর্গত ?,kumilla bhiktoriya kolejo kon bishbobidjaloyero ontorgoto ?,বাংলাদেশ জাতীয় বিশ্ববিদ্যালয়,bangladesh jatiyo bishbobidjaloyo,বাংলাদেশ জাতীয় ইন্টারমেডিয়েট,bangladesh jatiyo intaromediyeto,relational,bnp_005059,,
pilot_000095,has_context,reading_comprehension,low,ওয়াজেদ আলী চৌধুরী (জন্ম ১ জুলাই ১৯৫৯) হলেন একজন ভারতীয় রাজনীতিবিদ এবং ব্যবসায়ী যিনি ২০১৬ সাল থেকে সালমারা দক্ষিণ নির্বাচনী এলাকার প্রতিনিধিত্বকারী আসাম বিধানসভার সদস্য হিসাবে এবং ১৯৯৬ থেকে ২০০৬ সাল পর্যন্ত ভারতীয় জাতীয় কংগ্রেসের সদস্য এবং ২০০২ থেকে ২০০৬ পর্যন্ত আসাম সরকারের তরুণ গগৈ মন্ত্রিসভায় প্রতিমন্ত্রী (স্বাধীন দায়িত্ব) হিসাবে দায়িত্ব পালন করেছেন।,oyajedo ali choudhuri (jonmo 1 julai 1959) holeno ekojono bharotiyo rajonitibido ebong bjobosayi jini 2016 sal theke salomara dokshino nirbachoni elakaro protinidhitbokari asamo bidhanosobharo sodosjo hisabe ebong 1996 theke 2006 sal porjonto bharotiyo jatiyo konggresero sodosjo ebng 2002 theke 2006 porjonto asamo sorokarero toruno gogoi montrisobhayo protimontri (sbadhino dayitbo) hisabe dayitbo palono korechheno.,ওয়াজেদ আলী চৌধুরী কবে জন্মগ্রহণ করেন?,oyajedo ali choudhuri kobe jonmogrohono korn?,ওয়াজেদ আলী চৌধুরী (জন্ম ১ জুলাই ১৯৫৯) হলেন একজন ভারতীয় রাজনীতিবিদ এবং ব্যবসায়ী যিনি ২০১৬ সাল থেকে সালমারা দক্ষিণ নির্বাচনী এলাকার প্রতিনিধিত্বকারী আসাম বিধানসভার সদস্য হিসাবে এবং ১৯৯৬ থেকে ২০০৬ সাল পর্যন্ত ভারতীয় জাতীয় কংগ্রেসের সদস্য এবং ২০০২ থেকে ২০০৬ পর্যন্ত আসাম সরকারের তরুণ গগৈ মন্ত্রিসভায় প্রতিমন্ত্রী (স্বাধীন দায়িত্ব) হিসাবে দায়িত্ব পালন করেছেন।,oyajedo ali choudhuri (jonmo 1 julai 1959) holeno ekojono bharotiyo rajonitibido ebong bjobosayi jini 2016 shal theke salomara dokshino nirbachoni elakaro protinidhitbokari asamo bidhanosobharo sodosjo hisabe ebong 1996 theke 2006 sal porjonto bharotiyo jatio konggresero sodosjo ebng 2002 theke 2006 porjonto asamo sorokarero toruno gogoi montrisobhayo protimontri (sbadhino dayitbo) hisabe dayitbo palono korechheno.,১ জুলাই ২০১৬,1 julai 2016,numeric,bnp_005314,,
pilot_000096,has_context,history,low,"১৯০২ সালের ৬ই মার্চে, মাদ্রিদ ফুটবল ক্লাব হিসেবে এই ক্লাবটি প্রতিষ্ঠা লাভ করে। প্রতিষ্ঠার শুরু হতেই এই ক্লাবটি তাদের ঐতিহ্যের অংশ হিসেবে সাদা রঙের পোশাক পরিধান করছে। রিয়াল শব্দটি স্পেনীয় শব্দ রয়্যাল হতে আগত। ১৯২০ সালে ত্রয়োদশ আলফনসো-এর পরিহিত রাজকীয় মুকুট এই ক্লাবের প্রতীকে অন্তর্ভুক্ত করা হয়েছে। ক্লাবটি ১৯৪৭ সাল হতে ৮১,০৪৪ ধারণক্ষমতাসম্পন্ন মাঠ সান্তিয়াগো বার্নাব্যুতে তাদের সকল হোম ম্যাচ খেলছে। অধিকাংশ ইউরোপীয় ক্রীড়া ক্লাবের বিপরীতে, রিয়াল মাদ্রিদের সদস্যগণ (সসিওস) তাদের ইতিহাস জুড়ে এই ক্লাবটির মালিকানায় ছিল এবং এটি পরিচালনা করেছে।","1902 shaler 6i marche, madrido futobolo klabo hisebe ei klaboti protishtha labho kore. protishtharo shuru hotei ei klaboti tader oitihjero ongsho hisebe sada rongero poshako poridhano korochhe. riyalo shobdoti speniyo shobdo royjalo hote agoto. 1920 sale troyodosho alofonoso-er porihito rajokiyo mukuto ei klabero protike ontorbhukto kora hoise. klaboti 1947 sal hote 81,044 dharonokshomotasomponno matho santiyago barnabjute tader sokolo homo mjacho khelochhe. odhikangsho iuropiyo krira klabero biporite, riyalo madridero sodosjogono (sosioso) tader itihas jure ei klabotiro malikanayo silo ebng eti porichalona korechhe.",রিয়াল মাদ্রিদ ফুটবল ক্লাবটি কবে প্রতিষ্ঠিত হয় ?,riyalo madrido futobolo klaboti kobe protishthito hoi ?,১৯০২ সালের ৬ই মার্চে,1902 saler 6i marche,১৯০৫ সালের ৬ই মার্চে,1905 shaler 6i marche,numeric,bnp_005325,,
pilot_000097,no_context,mathematics,low,,,জেমস একটি ফুটবল দলে যোগ দেয় এবং তারকা হয়ে ওঠে। তিনি প্রতি গেমে ৪ টাচডাউন করেন এবং প্রতিটি টাচডাউনের মূল্য ৬ পয়েন্ট। মৌসুমে ১৫টি খেলা রয়েছে। তিনি মৌসুমে ৬ বার ২ পয়েন্ট রূপান্তর করতেও পরিচালনা করেন। পুরোনো রেকর্ডটি মৌসুমে ৩০০ পয়েন্ট ছিল। জেমস কত পয়েন্ট দ্বারা পুরানো রেকর্ড পরাজিত?,jemoso ekti futobolo dole jogo deyo ebng taroka hoye othe. tini proti geme 4 tachodauno koren ebng protiti tachodaunero muljo 6 poyento. mousume 15ta khela roeche. tini mousume 6 baro 2 poyento rupantoro koroteo porichalona koren. purono rekordoti mousume 300 poyento silo. jemoso koto poyento dbara purano rekordo porajito?,৭২,72,২৭,27,fabricated,bnp_005328,,
pilot_000098,has_context,others,low,বর্গক্ষেত্রের বাহু ৪√২ একক হলে ক্ষেত্রফল=(৪√২)²=৩২ বর্গ একক এবং পরিসীমা=৪×৪√২=১৬√২ একক।,borgokshetrero bahu 4√2 ekoko hole kshetrofolo=(4√2)²=32 borgo ekoko ebng porisima=4×4√2=16√2 ekoko.,একটি বর্গক্ষেত্রের বর্ণের দৈর্ঘ্য 4√2 একক হলে ঐ বর্গক্ষেত্রের ক্ষেত্রফল কত বর্গ একক?,ekta borgokshetrero bornero doirghjo 4√2 ekoko hole oi borgokshetrero kshetrofolo koto borgo ekoko?,৩২ বর্গ একক।,32 borgo ekoko.,২৪ বর্গ একক।,24 borgo ekoko.,numeric,bnp_005556,,
pilot_000099,no_context,science,low,,,কম্পিউটারের বাগ কোনটি?,kompiutarero bago konta?,একটি পোকা বা মথ যন্ত্রের মধ্যে আটকে গিয়ে সৃষ্ট ত্রুটি,ekta poka ba motho jontrero moddhe atoke giye srishto truti,এক সেকেন্ডের একশত কোটি ভাগের একভাগ,eko sekendero ekoshoto koti bhagero ekobhago,fabricated,bnp_005658,,
pilot_000100,has_context,history,low,"তিনি ""বাংলার প্রথম নারী শহীদ"" হিসেবে প্রশংসিত হয়েছেন।","tini ""banglaro prothom nari shohido"" hisebe proshongsito hoyechheno.",প্রীতিলতা ওয়াদ্দেদারকে কী উপাধিতে প্রশংসা করা হয়েছে?,pritilota oyaddedaroke kii upadhite proshongsa kora hoise?,"""বাংলার প্রথম নারী শহীদ""।","""banglaro prothom nari shohido"".","""বাংলার লৌহমানবী""।","""banglaro louhomanobi"".",relational,bnp_005733,,
pilot_000101,has_context,reading_comprehension,low,চিরাগ কুমার পাসওয়ান (জন্ম: ৩১ অক্টোবর ১৯৮২) একজন ভারতীয় রাজনীতিবিদ এবং প্রাক্তন অভিনেতা। তিনি ২০২৪ সাল থেকে খাদ্য প্রক্রিয়াকরণ শিল্পের ১৯ তম মন্ত্রী এবং ২০২১ সাল থেকে লোক জনশক্তি পার্টির (রাম বিলাস) ১ম সভাপতি হিসাবে দায়িত্ব পালন করছেন। ২০২৪ সাল থেকে হাজীপুর লোকসভা কেন্দ্র থেকে লোকসভার সংসদ সদস্য হিসাবে দায়িত্ব পালন করছেন। তিনি প্রয়াত সাংসদ তথা কেন্দ্রীয় মন্ত্রী রামবিলাস পাসওয়ানের ছেলে।,chirago kumaro pasooyano (jonmo: 31 oktoboro 1982) ekojono bharotiyo rajonitibido ebng praktono obhineta. tini 2024 shal theke khadjo prokriyakorono shilpero 19 tomo montri ebong 2021 sal theke loko jonoshokti partiro (ramo bilaso) 1mo sobhapoti hisabe dayitbo palono korochheno. 2024 shal theke hajipuro lokosobha kendro theke lokosobharo songsodo sodosjo hisabe dayitbo palono korochheno. tini proyato sangsodo totha kendriyo montri ramobilaso pasooyanero chhele.,চিরাগ পাসওয়ান কবে জন্মগ্রহণ করেন?,chirago pasooyano kobe jonmogrohono korn?,চিরাগ কুমার পাসওয়ান (জন্ম: ৩১ অক্টোবর ১৯৮২) একজন ভারতীয় রাজনীতিবিদ এবং প্রাক্তন অভিনেতা।,chirago kumaro pasooyano (jonmo: 31 oktoboro 1982) ekojono bharotiyo rajonitibido ebng praktono obhineta.,৩১ অক্টোবর ২০২৪,31 oktoboro 2024,numeric,bnp_005810,,
pilot_000102,has_context,history,low,১৭ এপ্রিল ১৯৭১ পূর্ব ঘোষণা মোতাবেক কুষ্টিয়া জেলার মেহেরপুরে বৈদ্যনাথতলার এক আমবাগানে মন্ত্রিপরিষদের শপথগ্রহণ অনুষ্ঠান আয়োজিত হয়। সকাল ৯টা থেকেই সেখানে নেতৃবৃন্দ ও আমন্ত্রিত অতিথিদের আগমন শুরু হয়। দেশি বিদেশি প্রায় ৫০ জন সাংবাদিক উক্ত অনুষ্ঠানে উপস্থিত ছিলেন। বেলা ১১টায় শপথ অনুষ্ঠান শুরু হয়। কুরআন তেলাওয়াত ও বাংলাদেশের জাতীয় সংগীত পরিবেশনের মধ্য দিয়ে অনুষ্ঠানের সূচনা হয়।,17 eprilo 1971 purbo ghoshona motabeko kushtiya jelaro meheropure boidjonathotolaro eko amobagane montriporishodero shopothogrohono onushthano ayojito hoy. sokalo 9ta thekei sekhane netribrindo o amontrito otithidero agomono shuru hoi. deshi bideshi prayo 50 jon sangbadiko ukto onushthane uposthito chhileno. bela 11tayo shopotho onushthano shuru hoy. kuroano telaoyato o bangladesher jatiyo songgito poribeshonero modhjo diye onushthanero suchona hoi.,মুজিবনগর সরকারের শপথ অনুষ্ঠান কখন শুরু হয়?,mujibonogoro sorokarero shopotho onushthano kokhono shuru hoy?,বেলা ১১টায়,bela 11tayo,বেলা ১২টায়,bela 12tayo,numeric,bnp_005829,,
pilot_000103,has_context,law,low,"ইউনিয়ন পরিষদ চতুর্থ তফসিলে উল্লিখিত সকল অথবা যে কোন কর, রেইট, টোল, ফিস ইত্যাদি নির্ধারিত পদ্ধতিতে আরোপ করিতে পারিবে।","iuniyono porishodo choturtho tofosile ullikhito sokolo othoba je kon koro, reito, tolo, fiso itjadi nirdharito poddhotite aropo korite paribe.","প্রদত্ত প্রসঙ্গ অনুযায়ী স্থানীয় সরকার (ইউনিয়ন পরিষদ) আইন, ২০০৯-এর ধারা ৬৫ সম্পর্কে কী বলা হয়েছে?","prodotto prosngo onujayi sthaniyo sorkar (iuniyono porishodo) ain, 2009-er dhara 65 somporke ki bola hoyeche?","ইউনিয়ন পরিষদ চতুর্থ তফসিলে উল্লিখিত সকল অথবা যে কোন কর, রেইট, টোল, ফিস ইত্যাদি নির্ধারিত পদ্ধতিতে আরোপ করিতে পারিবে।","iuniyono porishodo choturtho tofosile ullikhito sokolo othoba je kon koro, reito, tolo, fiso itjadi nirdharito poddhotite aropo korite paribe.","উপজেলা পরিষদ চতুর্থ তফসিলে উল্লিখিত সকল অথবা যে কোন কর, রেইট, টোল, ফিস ইত্যাদি নির্ধারিত পদ্ধতিতে আরোপ করিতে পারিবে।","upojela porishodo choturtho tofosile ullikhito sokolo othoba je kon koro, reito, tolo, fiso itjadi nirdharito poddhotite aropo korite paribe.",relational,bnp_005877,,
pilot_000104,no_context,mathematics,low,,,লুবনা পোষা প্রাণীর দোকানে কাজ করে। তিনি ৩ ঘন্টার মধ্যে ২টি অ্যাকোয়ারিয়াম পরিষ্কার করতে পারেন। লুবনা যদি এই সপ্তাহে ২৪ ঘন্টা কাজ করে তবে সে কতগুলি অ্যাকোয়ারিয়াম পরিষ্কার করতে পারে?,lubona posha praniro dokane kajo kore. tini 3 ghontaro modhye 2ta ojakoyariyamo porishkaro korte pareno. lubona jodi ei soptahe 24 ghonta kajo kore tobe she kotoguli ojakoyariyamo porishkaro korte pare?,১৬,16,৩২,32,fabricated,bnp_006023,,
pilot_000105,no_context,bcs,low,,,বহুল আলোচিত মুহুরীর চর কোন জেলায় অবস্থিত?,bohulo alochito muhuriro choro kon jelayo obosthito?,ফেনী,feni,নোয়াখালী,noyakhali,fabricated,bnp_006032,,
pilot_000106,no_context,science,low,,,আবহাওয়া দপ্তরে ব্যবহৃত কম্পিউটার সাধারণত কোন প্রকৃতির?,abohaoya doptore bjobohrito kompiutaro sadharonoto kon prokritiro?,হাইব্রিড কম্পিউটার,haibrido kompiutaro,সুপার কম্পিউটার,suparo kompiutaro,fabricated,bnp_006105,,
pilot_000107,has_context,reading_comprehension,low,"ফাহিম আহমদ (জন্ম ১০ আগস্ট, ১৯৮৪) ২০০৬ টরন্টো সন্ত্রাসবাদ মামলায় দোষী সাব্যস্ত ১১ জনের মধ্যে একজন। তিনি এই গোষ্ঠীর একজন রিংলিডার বা মূল হোতা ছিলেন। গ্রেফতারের সময় তার বয়স ছিল ২১ বছর এবং তিনি বিবাহিত ও দুই সন্তানের জনক ছিলেন।","fahimo ahomodo (jonmo 10 agosto, 1984) 2006 toronto sontrasobado mamolayo doshi sabjosto 11 jonero moddhe ekojono. tini ei goshthiro ekojono ringlidaro ba mulo hota chhileno. grefotarero somoyo tar boyoso silo 21 bochor ebng tini bibahito o dui sontanero jonoko chhileno.",অনুচ্ছেদের ভিত্তিতে “ফাহিম আহমদ জন্ম ১০ আগস্ট” বিষয়ে কোন বক্তব্যটি সঠিক?,onuchchhedero bhittite “fahimo ahomodo jonmo 10 agosto” bishoye kon boktobjoti sothik?,"ফাহিম আহমদ (জন্ম ১০ আগস্ট, ১৯৮৪) ২০০৬ টরন্টো সন্ত্রাসবাদ মামলায় দোষী সাব্যস্ত ১১ জনের মধ্যে একজন।","fahimo ahomodo (jonmo 10 agosto, 1984) 2006 toronto sontrasobado mamolayo doshi sabjosto 11 jonero modhye ekojono.","ফাহিম আহমদ (জন্ম ১১ আগস্ট, ১৯৮৪) ২০০৬ টরন্টো সন্ত্রাসবাদ মামলায় দোষী সাব্যস্ত ১১ জনের মধ্যে একজন।","fahimo ahomodo (jonmo 11 agosto, 1984) 2006 toronto sontrasobado mamolayo doshi sabjosto 11 jonero modhye ekojono.",numeric,bnp_006110,,
pilot_000108,has_context,history,low,"মাসিক মোহাম্মদী কোন সালে প্রকাশিত হয়? [২৭ বিসিএস-BCS]
(ক) ১৯২৬
(খ) ১৯২৭  √
(গ) ১৯২৮
(ঘ) ১৯২৯","masiko mohammodi kon sale prokashito hoi? [27 bisieso-bcs]
(ko) 1926
(kho) 1927  √
(go) 1928
(gho) 1929","২৭তম বিসিএস পরীক্ষার প্রশ্ন অনুযায়ী, মাসিক মোহাম্মদী পত্রিকা কোন সালে (নিয়মিতভাবে) প্রকাশিত হতে শুরু করে বলে সঠিক উত্তর দেওয়া হয়েছে?","27tomo bisieso poriksharo proshno onujayi, masiko mohammodi potrika kon shale (niyomitobhabe) prokashito hote shuru kore bole sothik uttar deoya hoyeche?",১৯২৭ সাল,1927 sal,১৯২৮ সাল,1928 sal,numeric,bnp_006210,,
pilot_000109,no_context,grammar,low,,,'বন্য' শব্দের চলিত রূপ কোনটি?,'bonjo' shobder cholito rupo konta?,বুনো,buno,বন,bono,fabricated,bnp_006360,,
pilot_000110,has_context,reading_comprehension,low,"সঙ্গীতের গতিকে লয় বলে। গতির তারতম্যের জন্য লয়কে তিন ভাগে ভাগ করা যায় - ১) ধীরগতির সঙ্গীতের জন্য বিলম্বিত লয়, ২) দ্রুতগতির সঙ্গীতের জন্য দ্রুত লয় এবং ৩) মধ্যগতির সঙ্গীতের জন্য মধ্য লয়। মধ্য লয় বিলম্বিত লয়ের দ্বিগুণ ও দ্রুত লয়ের অর্ধেক গতির হয়ে থাকে। মাত্রা সঙ্গীতের লয় বা গতির দুরত্ব মাপার জন্য ব্যবহৃত হয়। প্রত্যেকটি মাত্রার মধ্যবর্তী ব্যবধান সমান হয়। কয়েকটি ছন্দোবদ্ধ মাত্রার সমষ্টি দিয়ে তৈরী হয় একটি তাল।[1]","songgitero gotike loyo bole. gotiro tarotomjero jnno loyoke tino bhage bhago kora jayo - 1) dhirogotiro songgitero jnno bilombito loyo, 2) drutogotiro songgitero jonno druto loyo ebng 3) modhjogotiro songgitero jonno modhjo loyo. modhjo loyo bilombito loyero dbiguno o druto loyero ordheko gotiro hoye thake. matra songgitero loyo ba gotiro durotbo maparo jnno bjobohrito hoy. protjekoti matraro modhjoborti bjobodhano somano hoi. koyekoti chhondoboddho matraro somoshti diye toiri hoi ekta talo.[1]",অনুচ্ছেদে “গতির তারতম্যের জন্য লয়কে তিন” প্রসঙ্গে কোন তথ্য উল্লেখ আছে?,onuchchhede “gotiro tarotomjero jnno loyoke tino” prosongge kon tothjo ullekho ache?,"গতির তারতম্যের জন্য লয়কে তিন ভাগে ভাগ করা যায় - ১) ধীরগতির সঙ্গীতের জন্য বিলম্বিত লয়, ২) দ্রুতগতির সঙ্গীতের জন্য দ্রুত লয় এবং ৩) মধ্যগতির সঙ্গীতের জন্য মধ্য লয়।","gotiro tarotomjero jonno loyoke tino bhage bhago kora jayo - 1) dhirogotiro songgitero jonno bilombito loyo, 2) drutogotiro songgitero jonno druto loyo ebng 3) modhjogotiro songgitero jonno modhjo loyo.","গতির তারতম্যের জন্য লয়কে তিন ভাগে ভাগ করা যায় - ২) ধীরগতির সঙ্গীতের জন্য বিলম্বিত লয়, ২) দ্রুতগতির সঙ্গীতের জন্য দ্রুত লয় এবং ৩) মধ্যগতির সঙ্গীতের জন্য মধ্য লয়।","gotiro tarotomjero jonno loyoke tino bhage bhago kora jayo - 2) dhirogotiro songgitero jnno bilombito loyo, 2) drutogotiro songgitero jnno druto loyo ebong 3) modhjogotiro songgitero jonno modhjo loyo.",numeric,bnp_006429,,
pilot_000111,has_context,history,low,"চট্টগ্রাম আন্তর্জাতিক ডেন্টাল কলেজ হাসপাতাল, চট্টগ্রাম","chottogramo antorjatiko dentalo kolejo hasopatalo, chottogramo",চবির অধীনে থাকা একমাত্র ডেন্টাল কলেজটির নাম কী?,chobiro odhine thaka ekomatro dentalo kolejotiro nam kii?,চট্টগ্রাম আন্তর্জাতিক ডেন্টাল কলেজ হাসপাতাল,chottogramo antorjatiko dentalo kolejo hasopatalo,চট্টগ্রাম মেডিকেল ডেন্টাল কলেজ,chottogramo medikelo dentalo kolejo,relational,bnp_006443,,
pilot_000112,no_context,literature,low,,,বাংলাদেশ কাজী নজরুল ইসলামকে কত সালে জাতীয় কবির মর্যাদা দেয়?,bangladesh kaji nojorulo isolamoke koto shale jatiyo kobiro morjada deyo?,১৯৭২ সালে বাংলাদেশে আনার পর জাতীয় কবির মর্যাদা দেওয়া হয়,1972 sale bangladeshe anaro poro jatio kobiro morjada deoya hoi,১৯৭৪ সালে বাংলাদেশে আনার পর জাতীয় কবির মর্যাদা দেওয়া হয়,1974 shale bangladeshe anaro poro jatiyo kobiro morjada deoya hoy,fabricated,bnp_006501,,
pilot_000113,has_context,history,low,অষ্টাদশ শতাব্দীর মাঝামাঝি সময়ে জালালপুর পরগনার জমিদার শেখ ইনায়েতউল্লাহ আহসান মঞ্জিলের বর্তমান স্থানে রংমহল নামে একটি প্রমোদভবন তৈরি করেন। পরবর্তীতে তার পুত্র শেখ মতিউল্লাহ রংমহলটি ফরাসি বণিকদের কাছে বিক্রি করে দেন। বাণিজ্য কুঠি হিসাবে এটি দীর্ঘদিন পরিচিত ছিল। এরপরে ১৮৩০-এ বেগমবাজারে বসবাসকারী নওয়াব আবদুল গনির পিতা খাজা আলীমুল্লাহ এটি ক্রয় করে বসবাস শুরু করেন। এই বাসভবনকে কেন্দ্র করে খাজা আবদুল গনি মার্টিন অ্যান্ড কোম্পানী নামক একটি ইউরোপীয় নির্মাণ ও প্রকৌশল-প্রতিষ্ঠানকে দিয়ে একটি মাস্টারপ্ল্যান তৈরী করান।,oshtadosho shotabdiro majhamajhi somoye jalalopuro porogonaro jomidaro shekho inayetoullaho ahosano monjilero bortomano sthane rongmoholo name ekti promodobhobono toiri koren. porobortite tar putro shekho motiullaho rongmoholoti forasi bonikodero kase bikri kore deno. banijjo kuthi hisabe eti dirghodino porichito silo. eropore 1830-e begomobajare bosobasokari nooyabo abodulo goniro pita khaja alimullaho eti kroyo kore bosobaso shuru korn. ei basobhobonoke kendro kore khaja abodulo goni martino ojando kompani namoko ekti iuropiyo nirmano o prokousholo-protishthanoke diye ekta mastaropljano toiri korano.,রংমহল প্রথমে কার তৈরি প্রমোদভবন ছিল?,rongmoholo prothome karo toiri promodobhobono silo?,শেখ ইনায়েতউল্লাহর,shekho inayetoullahoro,শেখ ইনায়েতঊল্লাহর,shekho inayetoullahoro,relational,bnp_006514,,
pilot_000114,has_context,others,low,রাজীব গান্ধী ১৯৪৪ সালের ২০ আগস্ট জন্মগ্রহণ করেন এবং ১৯৯১ সালের ২১ মে নিহত হন।,rajibo gandhi 1944 saler 20 agosto jonmogrohono koren ebng 1991 saler 21 me nihoto hono.,রাজীব গান্ধী কবে মৃত্যুবরণ করেন?,rajibo gandhi kobe mritjuborono koren?,২১ মে ১৯৯১।,21 me 1991.,২০ মে ১৯৯১।,20 me 1991.,numeric,bnp_006520,,
pilot_000115,no_context,bcs,low,,,"'বেতার, বিদ্যুৎিক' শব্দ দুটি কোন সমাসের উদাহরণ?","'betaro, bidjutiko' shobdo duti kon somasero udahorono?","নঞ তৎপুরুষ, বহুব্রীহি","nono totopurusho, bohubrihi","কর্মধারয়, বহুব্রীহি","kormodharoyo, bohubrihi",fabricated,bnp_006539,,
pilot_000116,has_context,history,low,"এডওয়ার্ড ওয়েনরাইট (৮ এপ্রিল ১৮৬৫ – ২৮ অক্টোবর ১৯১৯) ছিলেন একজন ইংরেজ প্রথম-শ্রেণীর ক্রিকেটার, যিনি ১৮৮৮ থেকে ১৯০২ সালের মধ্যে ইয়র্কশায়ার কাউন্টি ক্রিকেট ক্লাবের হয়ে ৩৫২টি প্রথম-শ্রেণীর ম্যাচ খেলেছেন। একজন অলরাউন্ডার হিসেবে, ওয়েনরাইট কাউন্টি চ্যাম্পিয়নশিপ ক্রিকেটের শুরুর বছরগুলিতে লর্ড হকের অধিনায়কত্বে কাউন্টিটিকে শীর্ষস্থানে প্রতিষ্ঠা করতে সাহায্য করেছিলেন।","edooyardo oyenoraito (8 eprilo 1865 – 28 oktoboro 1919) chhileno ekojono ingrejo prthom-shreniro kriketaro, jini 1888 theke 1902 shaler modhye iyorkoshayaro kaunti kriketo klabero hoye 352ti prthom-shreniro mjacho khelechheno. ekojono oloraundaro hisebe, oyenoraito kaunti chjampiyonoshipo kriketero shururo bochhorogulite lordo hokero odhinayokotbe kauntitike shirshosthane protishtha korte sahajjo korechhileno.",প্রথম-শ্রেণীর ক্রিকেটার হিসেবে ওয়েইনরাইট কেমন খেলোয়াড় ছিলেন?,prthom-shreniro kriketaro hisebe oyeinoraito kemono kheloyaro chhileno?,একজন অলরাউন্ডার,ekojono oloraundaro,একজন অলরাউন্ঢার,ekojono oloraundharo,relational,bnp_006564,,
pilot_000117,has_context,history,low,"পদ্যে বিকাশ লাভ করলে কয়েকজন কবি প্রসিদ্ধি লাভ করলেও সুই সাম্রাজ্যের স্বল্প স্থায়িত্ব, চীনা পদ্যে পরিবর্তন, স্বাতন্ত্রের অভাব, অপর ছয় সাম্রাজ্যের সাথে যোগসূত্র ও তাং সময়কালের পদ্যের বিকাশের ফলে বাকিরা হারিয়ে যায়। সুই সাম্রাজ্যের কবিদের মধ্যে অন্যতম ছিলেন ইয়াং গুয়াং, দ্বিতীয় সুই সম্রাট ও পদ্য সমালোচক এবং তার একজন উপপত্নী লেডি হউ।[19]","podje bikasho labho korole koyekojono kobi prosiddhi labho koroleo sui samrajjero sbolpo sthayitbo, china podje poribortono, sbatontrero obhabo, oporo chhoyo samrajjero sathe jogosutro o tang somoyokalero podjero bikashero fole bakira hariye jayo. sui samrajjero kobidero moddhe onjotomo chhileno iyang guyang, dbitiyo sui somrato o podjo somalochoko ebong tar ekojono upopotni ledi hou.[19]",সুই সাম্রাজ্যের দ্বিতীয় সম্রাটের নাম কী ?,sui samrajjero dbitiyo somratero nam kii ?,সুই সাম্রাজ্যের দ্বিতীয় সম্রাট ছিলেন ইয়াং গুয়াং।,sui samrajjero dbitiyo somrato chhileno iyang guyang.,সুই সাম্রাজ্যের দ্বিতীয় সম্রাট ছিলেন ইয়াং ইউ।,sui samrajjero dbitiyo somrato chhileno iyang iu.,relational,bnp_006575,,
pilot_000118,has_context,reading_comprehension,low,"আরিয়া জিওভানি (জন্ম: ৩রা নভেম্বর ১৯৭৭) একজন মার্কিন আদিরসাত্মক অভিনেত্রী এবং মডেল, যিনি ছিলেন পেন্টহাউস ম্যাগাজিনের পেট সেপ্টেম্বর ২০০০ মাসের জন্য। তিনি অপেশাদার, শৈল্পিক নগ্ন, পিনআপ, ফেটিশ এবং গ্ল্যামার সহ বিভিন্ন ফটোগ্রাফিক শৈলীতে মডেলিং করেছেন, এবং চলচ্চিত্র ও টেলিভিশন শোতেও ভূমিকা রয়েছে।","ariya jiobhani (jonmo: 3ra nobhemboro 1977) ekojono markino adirosatmoko obhinetri ebong modelo, jini chhileno pentohauso mjagajinero peto septemboro 2000 masero jnno. tini opeshadaro, shoilpiko nogno, pinoapo, fetisho ebng gljamaro soho bibhinno fotografiko shoilite modeling korechheno, ebng cholochchitro o telibhishono shoteo bhumika roeche.",আরিয়া জোভান্নি কবে জন্মগ্রহণ করেন?,ariya jobhanni kobe jonmogrohono koren?,"আরিয়া জিওভানি (জন্ম: ৩রা নভেম্বর ১৯৭৭) একজন মার্কিন আদিরসাত্মক অভিনেত্রী এবং মডেল, যিনি ছিলেন পেন্টহাউস ম্যাগাজিনের পেট সেপ্টেম্বর ২০০০ মাসের জন্য।","ariya jiobhani (jonmo: 3ra nobhemboro 1977) ekojono markino adirosatmoko obhinetri ebong modelo, jini chhileno pentohauso mjagajinero peto septemboro 2000 masero jonno.",৩রা নভেম্বর ২০০০,3ra nobhemboro 2000,numeric,bnp_006597,,
pilot_000119,has_context,reading_comprehension,low,খালেদা জিয়ার স্কুলজীবন শুরু হয় পাঁচ বছর বয়সে দিনাজপুরের মিশন স্কুলে। এরপর দিনাজপুর গার্লস স্কুলে ভর্তি হন। তিনি এই স্কুল থেকেই অষ্টম শ্রেণী পাশ করেন।,khaleda jiyaro skulojibono shuru hoy pacho bosor boyose dinajopurero mishono skule. eroporo dinajopuro garloso skule bhorti hono. tini ei skulo thekei oshtomo shreni pasho koren.,বাংলাদেশ জাতীয়তাবাদী দলের প্রধান বেগম খালেদা জিয়ার সর্বোচ্চ শিক্ষাগত যোগ্যতা কত ছিল ?,bangladesh jatiyotabadi dolero prodhano begomo khaleda jiyaro sorbochcho shikshagoto jogjota koto chilo ?,অষ্টম শ্রেণী পাশ,oshtomo shreni pasho,অষ্টম খালেদা পাশ,oshtomo khaleda pasho,relational,bnp_006643,,
pilot_000120,has_context,others,low,"৬টি ঘণ্টাধ্বনির মধ্যে ৫টি সমান ব্যবধান থাকে। ৫ সেকেন্ডে ৫ ব্যবধান হলে প্রতিটি ব্যবধান ১ সেকেন্ড। ১২টি ধ্বনিতে ১১ ব্যবধান, তাই সময় ১১ সেকেন্ড।","6ti ghontadhboniro moddhe 5ta somano bjobodhano thake. 5 sekende 5 bjobodhano hole protita bjobodhano 1 sekendo. 12ti dhbonite 11 bjobodhano, tai somoyo 11 sekendo.",দুটি ধারাবাহিক ঘণ্টাধ্বনির মধ্যকার ব্যবধান কত?,duti dharabahiko ghontadhboniro modhjokaro bjobodhano koto?,১ সেকেন্ড।,1 sekendo.,৫/৬ সেকেন্ড।,5/6 sekendo.,numeric,bnp_006722,,
pilot_000121,has_context,history,low,'কে' ফোর্স	মেজর খালেদ মোশাররফ	৪র্থ ইস্ট বেঙ্গল রেজিমেন্ট	ক্যাপ্টেন এম এ গাফফার হালদার,'ke' forso	mejoro khaledo mosharorofo	4rtho isto benggolo rejimento	kjapteno emo e gafofaro halodaro,কে ফোর্সের অধিনায়ক কে ছিলেন?,ke forsero odhinayoko ke chhileno?,মেজর খালেদ মোশাররফ,mejoro khaledo mosharorofo,মেজর কে এম সফিউল্লাহ,mejoro ke emo sofiullaho,relational,bnp_006785,,
pilot_000122,no_context,literature,low,,,চলচ্চিত্র 'লাস্ট স্টোরিস' (২০১৮) কোন দেশের অ্যান্থোলজি চলচ্চিত্র?,cholochchitro 'lasto storiso' (2018) kon deshero ojantholoji cholochchitro?,ভারত (নেটফ্লিক্স),india (netoflikso),ফ্রান্স,franso,fabricated,bnp_006959,,
pilot_000123,has_context,reading_comprehension,low,"বাংলায় মারাঠা আক্রমণ বলতে মারাঠা সাম্রাজ্য কর্তৃক ১৭৪২ সাল থেকে ১৭৫১ সাল পর্যন্ত দীর্ঘ নয় বছরব্যাপী বারবার বাংলা আক্রমণ এবং এর ফলে বাংলার নবাবের সঙ্গে মারাঠাদের সংঘর্ষকে বোঝানো হয় (বাংলার জনগণ মারাঠা আক্রমণকে বর্গির হাঙ্গামা হিসেবে নামকরণ করেছিল)। এই সংঘর্ষে মারাঠাদের নেতৃত্ব দিয়েছিলেন নাগপুর রাজ্যের মারাঠা মহারাজা রঘুজী ভোঁসলে ও তাঁর সেনাপতিরা। মারাঠারা ১৭৪২ থেকে ১৭৫১ সাল পর্যন্ত পরপর পাঁচ বার বাংলা আক্রমণ করে, কিন্তু বাংলার নবাব আলীবর্দী খান তাদের প্রতিটি আক্রমণ ব্যর্থ করে দেন[1][8]। তা সত্ত্বেও মারাঠাদের অবিরত আক্রমণের ফলে বাংলার জনসাধারণ এবং অর্থনীতি মারাত্মক ক্ষয়ক্ষতির সম্মুখীন হয়, এবং শেষ পর্যন্ত ১৭৫১ সালে একটি শান্তিচুক্তি স্বাক্ষরের মধ্য দিয়ে বাংলায় মারাঠা আক্রমণের অবসান ঘটে[1]। এই চুক্তির ফলে উড়িষ্যা কার্যত মারাঠাদের হস্তগত হয় এবং আলীবর্দী মারাঠাদের বার্ষিক হারে চৌথ প্রদান করতে রাজি হন[1][3][10]।","banglayo maratha akromono bolote maratha samrajjo kortriko 1742 shal theke 1751 sal porjonto dirgho noyo bochhorobjapi barobaro bangla akromono ebong er fole banglaro nobabero songge marathadero songghorshoke bojhano hoi (banglaro jonogono maratha akromonoke borgiro hanggama hisebe namokorono korechhilo). ei songghorshe marathadero netritbo diyechhileno nagopuro rajjero maratha moharaja roghuji bhosole o taro senapotira. marathara 1742 theke 1751 sal porjonto poroporo pacho baro bangla akromono kore, kintu banglaro nobabo alibordi khano tader protita akromono bjortho kore deno[1][8]. ta sottbeo marathadero obiroto akromonero fole banglaro jonosadharono ebong orthoniti maratmoko kshoyokshotiro sommukhino hoy, ebng shesho porjonto 1751 sale ekti shantichukti sbakshorero modhjo diye banglayo maratha akromonero obosano ghote[1]. ei chuktiro fole urishja karjoto marathadero hostogoto hoy ebng alibordi marathadero barshiko hare choutho prodano korte raji hono[1][3][10].",বাংলায় মারাঠা আক্রমণের সময় মারাঠাদের হয়ে কে নেতৃত্ব দিয়েছিলো ?,banglayo maratha akromonero somoyo marathadero hoye ke netritbo diyechhilo ?,রঘুজী ভোঁসলে ও তাঁর সেনাপতিরা,roghuji bhosole o taro senapotira,রঘুজী ভোঁসলে ও তাঁর বছরব্যাপী,roghuji bhosole o taro bochhorobjapi,relational,bnp_007086,,
pilot_000124,has_context,reading_comprehension,low,"হ্যারল্ড ডেনিস বার্ড, এমবিই (English: Harold Dennis ""Dickie"" Bird, জন্ম: ১৯ এপ্রিল, ১৯৩৩) বার্নসলে এলাকায় জন্মগ্রহণকারী অবসরপ্রাপ্ত ও খ্যাতনামা ইংরেজ ক্রিকেট আম্পায়ার। তিনি একসময় ক্রিকেট বিশ্বে ডিকি বার্ড নামে খ্যাত ও বিশ্বের শ্রেষ্ঠ আম্পায়ার হিসেবে সকল ক্রীড়ামোদীর প্রশংসা কুড়ান। তাঁর জন্ম ইংল্যান্ডের ইয়র্কশায়ারের বার্নসলে এলাকায়। আন্তর্জাতিক ক্রিকেট খেলাগুলো অপূর্ব দক্ষতার সাথে আম্পায়ার হিসেবে নিরপেক্ষভাবে দায়িত্ব পালন করে অবসর নিয়েছেন। শৈশবে স্কুল জীবনে ডিকি নামে উপাধি পান তিনি। একজন খনি শ্রমিকের সন্তান হিসেবে ডিকি বার্ড সাউথ ইয়র্কশায়ারের স্টেইনক্রস গ্রামে বাস করতেন। ১৯৪৪ সালে বার্ড একাদশ শ্রেণীর পরীক্ষায় অকৃতকার্য হয়ে র‌্যালী সেকেন্ডারী মডার্নের জন্য ১৫ বছর বয়সে ১৯৪৮ সালে বাড়ী ত্যাগ করেন। এছাড়াও কয়লা খনিতে কাজ করার সময় তিনি মনে করলেন যে কাজটি তার জন্য উপযুক্ত নয়। এরপরই তিনি খেলাধুলায় নিজেকে সম্পৃক্ত করেন ও মনোনিবেশ ঘটান। ব্যক্তিগত জীবনে তিনি চিরকুমার অর্থাৎ বিয়ে করেননি।","hjaroldo deniso bardo, emobii (english: harold dennis ""dickie"" bird, jonmo: 19 eprilo, 1933) barnosole elakayo jonmogrohonokari obosoroprapto o khjatonama ingrejo kriketo ampayaro. tini ekosomoyo kriketo bishbe diki bardo name khjato o bishbero shreshtho ampayaro hisebe sokolo kriramodiro proshongsa kurano. taro jonmo ingljandero iyorkoshayarero barnosole elakayo. antorjatiko kriketo khelagulo opurbo dokshotaro sathe ampayaro hisebe niropekshobhabe dayitbo palono kore obosoro niyechheno. shoishobe skulo jibone diki name upadhi pano tini. ekojono khoni shromikero sontano hisebe diki bardo sautho iyorkoshayarero steinokroso grame baso koroteno. 1944 shale bardo ekadosho shreniro porikshayo okritokarjo hoye ro‌jali sekendari modarnero jnno 15 bosor boyose 1948 shale bari tjago koren. echharao koyola khonite kajo koraro somoyo tini mone koroleno je kajoti tar jonno upojukto noyo. eroporoi tini kheladhulayo nijeke somprikto koren o mononibesho ghotano. bjoktigoto jibone tini chirokumaro orthato biye korenoni.",ইংরেজ ক্রিকেট আম্পায়ার হ্যারল্ড ডেনিস বার্ডের ডাকনাম কি ছিল ?,ingrejo kriketo ampayaro hjaroldo deniso bardero dakonamo kii chilo ?,ডিকি বার্ড,diki bardo,ডিকি ইংরেজ,diki ingrejo,relational,bnp_007220,,
pilot_000125,has_context,reading_comprehension,low,"সেব ডান্স (জন্ম ১ ডিসেম্বর ১৯৮১) একজন ব্রিটিশ লেবার পার্টির রাজনীতিবিদ যিনি ২০১৪ থেকে ২০২০ সাল পর্যন্ত লন্ডন অঞ্চলের জন্য ইউরোপীয় পার্লামেন্টের (এমইপি) সদস্য হিসেবে কাজ করেছেন এবং জানুয়ারী ২০২২ সাল থেকে পরিবহনের জন্য লন্ডনের ডেপুটি মেয়র হিসেবে দায়িত্ব পালন করছেন।
রিচার্ড করবেট যখন নেতা ছিলেন তখন তিনি ইউরোপীয় পার্লামেন্টারি লেবার পার্টির ডেপুটি লিডার ছিলেন এবং ২০১৯ থেকে ২০২০ সাল পর্যন্ত পরিবেশ, জনস্বাস্থ্য এবং খাদ্য সুরক্ষা সম্পর্কিত ইউরোপীয় সংসদ কমিটির ভাইস-চেয়ার ছিলেন।
তিনি ইউরোপের জন্য শ্রম আন্দোলনের অন্তর্বর্তীকালীন চেয়ারও ছিলেন, লেবার পার্টির সাথে যুক্ত ইইউ-পন্থী সমাজ, সংগঠনের পূর্","sebo danso (jonmo 1 disemboro 1981) ekojono britisho lebaro partiro rajonitibido jini 2014 theke 2020 sal porjonto londono oncholero jnno iuropiyo parlamentero (emoipi) sodosjo hisebe kajo korechheno ebong januyari 2022 shal theke poribohonero jnno londonero deputi meyoro hisebe dayitbo palono korochheno.
richardo korobeto jokhono neta chhileno tokhono tini iuropiyo parlamentari lebaro partiro deputi lidaro chhileno ebong 2019 theke 2020 shal porjonto poribesho, jonosbasthjo ebng khadjo suroksha somporkito iuropiyo songsodo komitiro bhaiso-cheyaro chhileno.
tini iuropero jnno shromo andolonero ontorbortikalino cheyaroo chhileno, lebaro partiro sathe jukto iiu-ponthi somajo, songgothonero pur",পাঠ্যাংশে “রিচার্ড করবেট যখন নেতা তখন” কীভাবে বর্ণিত হয়েছে?,pathjangshe “richardo korobeto jokhono neta tokhono” kibhabe bornito hoise?,"রিচার্ড করবেট যখন নেতা ছিলেন তখন তিনি ইউরোপীয় পার্লামেন্টারি লেবার পার্টির ডেপুটি লিডার ছিলেন এবং ২০১৯ থেকে ২০২০ সাল পর্যন্ত পরিবেশ, জনস্বাস্থ্য এবং খাদ্য সুরক্ষা সম্পর্কিত ইউরোপীয় সংসদ কমিটির ভাইস-চেয়ার ছিলেন।","richardo korobeto jokhono neta chhileno tokhono tini iuropiyo parlamentari lebaro partiro deputi lidaro chhileno ebng 2019 theke 2020 shal porjonto poribesho, jonosbasthjo ebng khadjo suroksha somporkito iuropiyo songsodo komitiro bhaiso-cheyaro chhileno.","রিচার্ড করবেট যখন নেতা ছিলেন তখন তিনি ইউরোপীয় পার্লামেন্টারি লেবার পার্টির ডেপুটি লিডার ছিলেন এবং ২০২০ থেকে ২০২০ সাল পর্যন্ত পরিবেশ, জনস্বাস্থ্য এবং খাদ্য সুরক্ষা সম্পর্কিত ইউরোপীয় সংসদ কমিটির ভাইস-চেয়ার ছিলেন।","richardo korobeto jokhono neta chhileno tokhono tini iuropiyo parlamentari lebaro partiro deputi lidaro chhileno ebng 2020 theke 2020 shal porjonto poribesho, jonosbasthjo ebng khadjo suroksha somporkito iuropiyo songsodo komitiro bhaiso-cheyaro chhileno.",numeric,bnp_007225,,
pilot_000126,has_context,reading_comprehension,low,"পাফ্ অ্যাডার (বৈজ্ঞানিক নাম: Bitis arietans) বিষাক্ত ভাইপার সাপের  একটি প্রজাতি , যাদের মরক্কো এবং পশ্চিম আরবের সাভানা (নিস্পাদপ) অঞ্চলে এবং তৃণভূমিতে পাওয়া যায়। আফ্রিকা সাহারা অঞ্চল ও রেইন ফরেষ্ট ব্যতিত বাকি আফ্রিকা জুড়ে এদের দেখা মেলে।[2] আফিকাতে সর্পদংশন সংক্রান্ত অধিকাংশ ঘটনা এবং সর্পদংশনের মারাত্মক ফলাফলের জন্য এই সাপ অধিকাংশ ক্ষেত্রেই দায়ী। আফিকা জুড়ে অধিকাংশ মারাত্মক সর্পদংশনের ঘটনায় Bitis arietans</i>এর জড়িত থাকার বিভিন্ন কারণগুলি হল; এরা বিস্তীর্ণ অঞ্চল জুড়ে ছড়িয়ে থাকে, উচ্চ ঘনবসতিপূর্ণ অঞ্চলে এরা ঘনঘন হানা দেয় এবং এদের আক্রমণাত্মক স্বভাব।[3][4] পাফ্ অ্যাডার এর দুটি উপপ্রজাতি আপাতত চিহ্নিত করা গেছে যাদের মধ্যে একটি বর্তমান লেখায় আলোচ্য।[5]","paf ojadaro (boijnaniko nam: bitis arietans) bishakto bhaiparo sapero  ekti projati , jadero morokko ebong poshchimo arobero sabhana (nispadopo) onchole ebong trinobhumite paoya jayo. afrika sahara oncholo o reino foreshto bjotito baki afrika jure edero dekha mele.[2] afikate sorpodongshono songkranto odhikangsho ghotona ebng sorpodongshonero maratmoko folafolero jnno ei sapo odhikangsho kshetrei dayi. afika jure odhikangsho maratmoko sorpodongshonero ghotonayo bitis arietans</i>er jorito thakaro bibhinno karonoguli holo; era bistirno oncholo jure chhoriye thak, uchcho ghonobosotipurno onchole era ghonoghono hana deyo ebong edero akromonatmoko sbobhabo.[3][4] paf ojadaro er duti upoprojati apatoto chihnito kora gechhe jadero moddhe ekti bortomano lekhayo alochjo.[5]",অনুচ্ছেদে “পাফ্ অ্যাডার বৈজ্ঞানিক Bitis arietans” প্রসঙ্গে কোন তথ্য উল্লেখ আছে?,onuchchhede “paf ojadaro boijnaniko bitis arietans” prosongge kon tothjo ullekho asche?,"পাফ্ অ্যাডার (বৈজ্ঞানিক নাম: Bitis arietans) বিষাক্ত ভাইপার সাপের একটি প্রজাতি , যাদের মরক্কো এবং পশ্চিম আরবের সাভানা (নিস্পাদপ) অঞ্চলে এবং তৃণভূমিতে পাওয়া যায়।","paf ojadaro (boijnaniko naam: bitis arietans) bishakto bhaiparo sapero ekti projati , jadero morokko ebng poshchimo arobero sabhana (nispadopo) onchole ebng trinobhumite paoya jayo.","পাফ্ অ্যাডার (বৈজ্ঞানিক নাম: Bitis arietans) বিষাক্ত ভাইপার সাপের দুটি প্রজাতি , যাদের মরক্কো এবং পশ্চিম আরবের সাভানা (নিস্পাদপ) অঞ্চলে এবং তৃণভূমিতে পাওয়া যায়।","paf ojadaro (boijnaniko naam: bitis arietans) bishakto bhaiparo sapero duti projati , jadero morokko ebng poshchimo arobero sabhana (nispadopo) onchole ebng trinobhumite paoya jayo.",relational,bnp_007238,,
pilot_000127,no_context,history,low,,,কোনটি নিপাতনে সিদ্ধ স্বরসন্ধির উদাহরণ?,konti nipatone siddho sborosondhiro udahorono?,মার্তন্ড/পৌঢ়,martondo/pourho,গায়ক,gayoko,fabricated,bnp_007322,,
pilot_000128,has_context,others,low,প্রীতিলতা ওয়াদ্দেদার ১৯৩২ সালে মাস্টারদা সূর্য সেনের বিপ্লবী দলে যোগ দেন। একই বছরের ২৪ সেপ্টেম্বর তিনি পাহাড়তলী ইউরোপীয় ক্লাব আক্রমণে নেতৃত্ব দেন।,pritilota oyaddedaro 1932 shale mastaroda surjo senero biplobi dole jogo deno. ekoi bochhorero 24 septemboro tini paharotoli iuropiyo klabo akromone netritbo deno.,পাহাড়তলী ইউরোপীয় ক্লাব আক্রমণ কত তারিখে হয়?,paharotoli iuropiyo klabo akromono koto tarikhe hoy?,২৪ সেপ্টেম্বর ১৯৩২।,24 septemboro 1932.,২৩ সেপ্টেম্বর ১৯৩২।,23 septemboro 1932.,numeric,bnp_007359,,
pilot_000129,has_context,reading_comprehension,low,"লিলিয়ান কোমাস-ডিয়াজ (জন্ম ১৮ জুলাই, ১৯৫০) একজন মার্কিন মনোবিজ্ঞানী এবং বহুজাতিগত ও বহুবৈচিত্র্যময় সম্প্রদায়ের গবেষক। তিনি মনোবিজ্ঞানের অনুশীলনে আজীবন কৃতিত্বের জন্য ২০১৯ সালে আমেরিকান সাইকোলজিক্যাল অ্যাসোসিয়েশন (এপিএ) গোল্ড মেডেল পুরস্কার অর্জন করেন। ২০০০ সালে তিনি জনস্বার্থে বিশিষ্ট সিনিয়র ক্যারিয়ার অবদানের জন্য এপিএ পুরস্কার লাভ করেন।","liliyano komaso-diyajo (jonmo 18 julai, 1950) ekojono markino monobijnani ebong bohujatigoto o bohuboichitrjomoyo somprodayero gobeshoko. tini monobijnanero onushilone ajibono krititbero jonno 2019 shale amerikano saikolojikjalo ojasosiyeshono (epie) goldo medelo puroskaro orjono koren. 2000 sale tini jonosbarthe bishishto siniyoro kjariyaro obodanero jnno epie puroskaro labho korn.",লিলিয়ান কোমাস-ডিয়াজ কবে জন্মগ্রহণ করেন?,liliyano komaso-diyajo kobe jonmogrohono korn?,"লিলিয়ান কোমাস-ডিয়াজ (জন্ম ১৮ জুলাই, ১৯৫০) একজন মার্কিন মনোবিজ্ঞানী এবং বহুজাতিগত ও বহুবৈচিত্র্যময় সম্প্রদায়ের গবেষক।","liliyano komaso-diyajo (jonmo 18 julai, 1950) ekojono markino monobijnani ebong bohujatigoto o bohuboichitrjomoyo somprodayero gobeshoko.","১৮ জুলাই, ২০১৯","18 julai, 2019",numeric,bnp_007530,,
pilot_000130,has_context,law,low,আইনটি কার্যকর হওয়ার সাত বছরের মধ্যেই জমিদারদের ভূ-সম্পত্তির প্রায় অর্ধেক অংশেরই হাত বদল হয়ে যায়।,ainoti karjokoro hooyaro sato bochhorero modhjei jomidarodero bhu-sompottiro prayo ordheko ongsheroi hato bodolo hoye jayo.,"প্রদত্ত প্রসঙ্গ অনুযায়ী রাজস্ব বিক্রয় আইন, ১৭৯৩ সম্পর্কে কী তথ্য দেওয়া হয়েছে?","prodotto prosngo onujayi rajosbo bikroyo ain, 1793 somporke ki tothjo deoya hoise?",আইনটি কার্যকর হওয়ার সাত বছরের মধ্যেই জমিদারদের ভূ-সম্পত্তির প্রায় অর্ধেক অংশেরই হাত বদল হয়ে যায়।,ainoti karjokoro hooyaro sato bochhorero modhjei jomidarodero bhu-sompottiro prayo ordheko ongsheroi hato bodolo hoye jayo.,আইনটি কার্যকর হওয়ার সাত বছরের মধ্যেই রায়তদের ভূ-সম্পত্তির প্রায় অর্ধেক অংশেরই হাত বদল হয়ে যায়।,ainoti karjokoro hooyaro sato bochhorero modhjei rayotodero bhu-sompottiro prayo ordheko ongsheroi hato bodolo hoye jayo.,relational,bnp_007542,,
pilot_000131,no_context,idiom_meaning,low,,,"""ল্যাং মারা"" এর ভাবার্থ কী?","""ljang mara"" er bhabartho ki?",অন্যায়ভাবে অন্যকে পেছনে ঠেলে নিজে অগ্রসর হওয়া,onjayobhabe onjoke pechhone thele nije ogrosoro hooya,হাতের রেখা দেখে ভবিষ্যদ্বাণী করা,hatero rekha dekhe bhobishjodbani kora,fabricated,bnp_007625,,
pilot_000132,no_context,mathematics,low,,,একটি ডিমের ট্রেতে ১০ টি ডিম থাকে এরুপ ৩০ টি ট্রেতে কাটি ডিম থাকবে ।,ekta dimero trete 10 ti dimo thake erupo 30 ta trete kati dimo thakobe .,300,300,30,30,fabricated,bnp_007627,,
pilot_000133,has_context,history,low,"১৯২১ সালের ১ জুলাই ঢাকা বিশ্ববিদ্যালয় স্থাপিত হয়েছিল ঢাকা হল (পরে ড. মুহম্মদ শহীদুল্লাহ হল), জগন্নাথ হল এবং মুসলিম হল (পরে সলিমুল্লাহ মুসলিম হল) নিয়ে। হিন্দু ছাত্রদের জন্য জগন্নাথ হল, মুসলমান ছাত্রদের জন্য সলিমুল্লাহ মুসলিম হল আর সবধর্মের ছাত্রদের জন্য ঢাকা হল স্থাপিত হয়েছিল। ঢাকা হলের প্রথম প্রভোস্ট ছিলেন ঢাকা কলেজের অধ্যক্ষ এফ. সি. সি. টার্নার।","1921 saler 1 julai dhaka bishbobidjaloyo sthapito hoyechhilo dhaka holo (pore do. muhommodo shohidullaho holo), jogonnatho holo ebong musolimo holo (pore solimullaho musolimo holo) niye. hindu chhatrodero jonno jogonnatho holo, musolomano chhatrodero jonno solimullaho musolimo holo aro sobodhormero chhatrodero jnno dhaka holo sthapito hoyechhilo. dhaka holero prothom probhosto chhileno dhaka kolejero odhjoksho efo. si. si. tarnaro.",ঢাকা বিশ্ববিদ্যালয় প্রথমে কোন তিনটি হল নিয়ে স্থাপিত হয়?,dhaka bishbobidjaloyo prothome kon tinoti holo niye sthapito hoy?,"ঢাকা হল, জগন্নাথ হল ও মুসলিম হল","dhaka holo, jogonnatho holo o musolimo holo","ঢাকা হল, জগন্নাথ হল ও মুসলীম হল","dhaka holo, jogonnatho holo o musolimo holo",relational,bnp_007644,,
pilot_000134,has_context,law,low,"শ্রী নাইডু বলেন, আইনসভায় বিভিন্ন আলোচনার ক্ষেত্রে রাজ্যসভার নির্দিষ্ট ভূমিকা রয়েছে যার ফলে, সদস্যরা সদনের কার্যধারাকে তাঁদের আলোচনা ও বিতর্কের মাধ্যমে সমৃদ্ধ করছেন।","shri naidu boleno, ainosobhayo bibhinno alochonaro kshetre rajjosobharo nirdishto bhumika roeche jaro fole, sodosjora sodonero karjodharake tadero alochona o bitorkero madhjome somriddho korochheno.",প্রদত্ত প্রসঙ্গ অনুযায়ী ভারতীয় রাষ্ট্রব্যবস্থায় রাজ্যসভার ভূমিকা সম্পর্কে কী তথ্য দেওয়া হয়েছে?,prodotto prosongo anujayi bharotiyo rashtrobjobosthayo rajjosobharo bhumika somporke kii tothjo deoya hoise?,"শ্রী নাইডু বলেন, আইনসভায় বিভিন্ন আলোচনার ক্ষেত্রে রাজ্যসভার নির্দিষ্ট ভূমিকা রয়েছে যার ফলে, সদস্যরা সদনের কার্যধারাকে তাঁদের আলোচনা ও বিতর্কের মাধ্যমে সমৃদ্ধ করছেন।","shri naidu boleno, ainosobhayo bibhinno alochonaro kshetre rajjosobharo nirdishto bhumika roeche jaro fole, sodosjora sodonero karjodharake tadero alochona o bitorkero madhjome somriddho korochheno.","শ্রী নাইডু বলেন, আইনসভায় বিভিন্ন আলোচনার ক্ষেত্রে লোকসভার নির্দিষ্ট ভূমিকা রয়েছে যার ফলে, সদস্যরা সদনের কার্যধারাকে তাঁদের আলোচনা ও বিতর্কের মাধ্যমে সমৃদ্ধ করছেন।","shri naidu boleno, ainosobhayo bibhinno alochonaro kshetre lokosobharo nirdishto bhumika roeche jaro fole, sodosjora sodonero karjodharake tadero alochona o bitorkero madhjome somriddho korochheno.",relational,bnp_007665,,
pilot_000135,has_context,reading_comprehension,low,জন সিনার সর্বপ্রথম সিনেমা মুক্তি পায় WWE Studio এর ব্যানারে। তার প্রথম সিনেমার নাম The Marine যেটি মুক্তি পায় অক্টোবর ১৩ ২০০৬ সালে।এই সিনেমাটি প্রথম সপ্তাহে US$07 Million আয় করে। এই ছবির ডিভিডি মুক্তি পেলে এটি আরো জনপ্রিয় হয়ে উঠে। এবং ১২ তম সপ্তাহে এসে US$30 million আয় করে। তার ২য় সিনেমা 12 Rounds মুক্তি পায় ২৭ মার্চ ২০০৯ সালে। তার ৩য় ছবি Legendary সেপ্টেম্বর ২৮ ২০১০ সালে মুক্তি পায়।,jon sinaro sorboprothomo sinema mukti payo wwe studio er bjanare. tar prothom sinemaro nam the marine jeti mukti payo oktoboro 13 2006 shale.ei sinemati prthom soptahe us$07 million ayo kore. ei chhobiro dibhidi mukti pele eti aro jonopriyo hoye uthe. ebng 12 tomo soptahe ese us$30 million ayo kore. tar 2yo sinema 12 rounds mukti payo 27 marcho 2009 sale. tar 3yo chhobi legendary septemboro 28 2010 sale mukti payo.,অনুচ্ছেদের ভিত্তিতে “১২ তম সপ্তাহে এসে US” বিষয়ে কোন বক্তব্যটি সঠিক?,onuchchhedero bhittite “12 tomo soptahe ese us” bishoye kon boktobjoti sothik?,এবং ১২ তম সপ্তাহে এসে US$30 million আয় করে।,ebng 12 tomo soptahe ese us$30 million ayo kore.,এবং ১৩ তম সপ্তাহে এসে US$30 million আয় করে।,ebng 13 tomo soptahe ese us$30 million ayo kore.,numeric,bnp_007780,,
pilot_000136,no_context,bcs,low,,,ঢাকা বিশ্ববিদ্যালয় প্রতিষ্ঠায় কে অগ্রণী ভূমিকা পালন করেন?,dhaka bishbobidjaloyo protishthayo ke ogroni bhumika palono koren?,নওয়াব স্যার সলিমুল্লাহ,nooyabo sjaro solimullaho,খাজা নাজিমুদ্দিন,khaja najimuddino,fabricated,bnp_007790,,
pilot_000137,has_context,others,low,AB ও CD সরলরেখা O বিন্দুতে ছেদ করলে বিপ্রতীপ কোণগুলো সমান হয়। তাই ∠AOD = ∠BOC এবং ∠AOC = ∠BOD।,ab o cd sorolorekha o bindute chhedo korole biprotipo konogulo somano hoy. tai ∠aod = ∠boc ebong ∠aoc = ∠bod.,∠AOC ও ∠BOD-এর সম্পর্ক কী?,∠aoc o ∠bod-er somporko ki?,∠AOC = ∠BOD।,∠aoc = ∠bod.,∠AOC > ∠BOD।,∠aoc > ∠bod.,relational,bnp_007799,,
pilot_000138,no_context,history,low,,,‘ছায়ায়’ শব্দের সন্ধি বিচ্ছেদ কী?,‘chhayayo’ shobder sondhi bichchhedo kii?,ছায়া + এ,chhaya + e,চায়া + এ,chaya + e,fabricated,bnp_007824,,
pilot_000139,has_context,reading_comprehension,low,"উমাইয়া খিলাফত (Arabic: الخلافة الأموية‎, trans. Al-Ḫilāfa al-ʾumawiyya) ইসলামের প্রধান চারটি খিলাফতের মধ্যে দ্বিতীয় খিলাফত। এটি উমাইয়া রাজবংশকে কেন্দ্র করে গড়ে উঠে। ইসলামের তৃতীয় খলিফা উসমান ইবন আফ্‌ফানের খিলাফত লাভের মাধ্যমে উমাইয়া পরিবার প্রথম ক্ষমতায় আসে। তবে উমাইয়া বংশের শাসন মুয়াবিয়া ইবনে আবু সুফিয়ান কর্তৃক সূচিত হয়। তিনি দীর্ঘদিন সিরিয়ার গভর্নর ছিলেন। ফলে সিরিয়া উমাইয়াদের ক্ষমতার ভিত্তি হয়ে উঠে এবং দামেস্ক তাদের রাজধানী হয়। উমাইয়ারা মুসলিমদের বিজয় অভিযান অব্যাহত রাখে। ককেসাস, ট্রান্সঅক্সানিয়া, সিন্ধু, মাগরেব ও ইবেরিয়ান উপদ্বীপ (আন্দালুস) জয় করে মুসলিম বিশ্বের আওতাধীন করা হয়। সীমার সর্বোচ্চে পৌছালে উমাইয়া খিলাফত মোট ৫.৭৯ মিলিয়ন বর্গ মাইল (১,৫০,০০,০০০ বর্গ কিমি.) অঞ্চল অধিকার করে রাখে। তখন পর্যন্ত বিশ্বের দেখা সাম্রাজ্যগুলোর মধ্যে এটি সর্ববৃহৎ ছিল। অস্তিত্বের সময়কালের দিক থেকে এটি ছিল পঞ্চম।[5]","umaiya khilafoto (arabic: الخلافة الأموية‎, trans. al-Ḫilāfa al-ʾumawiyya) isolamero prodhano charoti khilafotero modhye dbitiyo khilafoto. eti umaiya rajobongshoke kendro kore gore uthe. isolamero tritiyo kholifa usomano ibono af‌fanero khilafoto labhero madhjome umaiya poribaro prothom kshomotayo ase. tbe umaiya bongshero shasono muyabiya ibone abu sufiyano kortriko suchito hoy. tini dirghodino siriyaro gobhornoro chhileno. fole siriya umaiyadero kshomotaro bhitti hoye uthe ebong damesko tader rajdhani hoi. umaiyara musolimodero bijoy obhijano objahoto rakhe. kokesaso, transooksaniya, sindhu, magorebo o iberiyano upodbipo (andaluso) joyo kore musolimo bishbero aotadhino kora hoy. simaro sorbochche pouchhale umaiya khilafoto mot 5.79 miliyono borgo mile (1,50,00,000 borgo kimi.) oncholo odhikaro kore rakhe. tokhono porjonto bishbero dekha samrajjoguloro modhye eti sorbobrihoto chilo. ostitbero somoyokalero diko theke eti chilo ponchomo.[5]",পাঠ্যাংশ থেকে “ইসলামের তৃতীয় খলিফা উসমান ইবন” সম্পর্কিত সঠিক তথ্যটি লিখুন।,pathjangsho theke “isolamero tritiyo kholifa usomano ibono” somporkito sothik tothjoti likhuno.,ইসলামের তৃতীয় খলিফা উসমান ইবন আফ্‌ফানের খিলাফত লাভের মাধ্যমে উমাইয়া পরিবার প্রথম ক্ষমতায় আসে।,isolamero tritiyo kholifa usomano ibono af‌fanero khilafoto labhero madhjome umaiya poribaro prothom kshomotayo ase.,ইসলামের তৃতীয় খলিফা উসমান ইবন আফ্‌ফানের খিলাফত লাভের মাধ্যমে উমাইয়া পরিবার দ্বিতীয় ক্ষমতায় আসে।,isolamero tritiyo kholifa usomano ibono af‌fanero khilafoto labhero madhjome umaiya poribaro dbitiyo kshomotayo ase.,relational,bnp_007845,,
pilot_000140,has_context,law,low,জমির মালিকানা লাভের পর নীলকরেরা নীল চাষে বাধ্য করার জন্য রায়তদের উপর বলপ্রয়োগ করতো এবং নীলের উৎপাদন বৃদ্ধি করতে না পারলে করবৃদ্ধির হুমকি দিত।,jomiro malikana labhero poro nilokorera nilo chashe badhjo koraro jnno rayotodero uporo boloproyogo koroto ebng nilero utopadono briddhi korte naa parole korobriddhiro humoki dito.,প্রদত্ত প্রসঙ্গ অনুযায়ী নীল কমিশন সম্পর্কে কী তথ্য দেওয়া হয়েছে?,prodotto prosngo anujayi nilo komishono somporke kii tothjo deoya hoise?,জমির মালিকানা লাভের পর নীলকরেরা নীল চাষে বাধ্য করার জন্য রায়তদের উপর বলপ্রয়োগ করতো এবং নীলের উৎপাদন বৃদ্ধি করতে না পারলে করবৃদ্ধির হুমকি দিত।,jomiro malikana labhero poro nilokorera nilo chashe badhjo koraro jnno rayotodero uporo boloproyogo koroto ebong nilero utopadono briddhi korte naa parole korobriddhiro humoki dito.,জমির মালিকানা লাভের পর জমিদারেরা নীল চাষে বাধ্য করার জন্য রায়তদের উপর বলপ্রয়োগ করতো এবং নীলের উৎপাদন বৃদ্ধি করতে না পারলে করবৃদ্ধির হুমকি দিত।,jomiro malikana labhero poro jomidarera nilo chashe badhjo koraro jonno rayotodero uporo boloproyogo koroto ebong nilero utopadono briddhi korte naa parole korobriddhiro humoki dito.,relational,bnp_007980,,
pilot_000141,has_context,reading_comprehension,low,"ছাত্র ও শিক্ষকই একটি শিক্ষা প্রতিষ্ঠানের প্রধান অঙ্গ। রেবতী রমণ দত্ত মনে করতেন উপযুক্ত শিক্ষক ছাড়া উপযুক্ত ছাত্র তৈরি করা যায় না । শিক্ষকের পান্ডিত্য ও গুণাবলী তাঁর শিক্ষাদানের মাধ্যমে ছাত্রদের মধ্যে সঞ্চারিত হয়ে থাকে । শিক্ষক নিয়োগের ক্ষেত্রে রেবতী রমণ এই বিষয়টির উপর অধিক গুরুত্ব আরোপ করতেন। কলেজের প্রথম অধ্যক্ষের পদে যিনি নিযুক্ত হয়েছিলেন তিনি প্রকৃতপক্ষে কাজে যোগদান করেননি । উপাধ্যক্ষের পদে নিযুক্ত হয়েছিলেন  মাখন লাল নাগ । অধ্যক্ষ মহোদয়ের কাজে যোগদানের অপারগতায় তিনিই অধ্যক্ষের পদে অধিষ্ঠিত হন। তাঁর সহকর্মীদের মধ্যে ছিলেন বাংলা সাহিত্যের অধ্যাপক গিরিজা শস্কর ধর এম.এ. (স্বর্ণ পদক প্রাপ্ত ছিলেন স্কলার),ইতিহাসের অধ্যাপক প্রমোদ কুমার মুখোপাধ্যায় ,এম,এ,(প্রথম শ্্েরণী ) ,দর্শনের অধ্যাপক শ্যামাপদ চট্টোপাধ্যায় ,এম,এ,(প্রথম শ্রেণী) ,অধ্যাপক সুশীল কুমার মুখোপাধ্যায় এম,এ (স্বর্ণ পদক প্রাপ্ত) ,ইংরেজির অধ্যাপক প্রকৃতিরঞ্চন বড়–য়া, আরবী ও ফার্সি বিভাগের অধ্যাপক মীর মোহাম্মদ ইব্রাহিম ,রাষ্ট্রবিজ্ঞানের অধ্যাপক হরিনারায়ণ চক্রবর্তী। কলিকাতা বিশ্ববিদ্যালয়ের কৃতি ছাত্র অধ্যক্ষ মাখন লাল নাগ অঙ্কশাস্ত্রে প্রথম শ্রেণীতে দ্বিতীয় স্থানের অধিকারী ছিলেন । গৌরবর্ণ ,সুদর্শন ,বুদ্ধিদীপ্ত যুবক মাখনলাল সহজেই রেবতী রমণের দৃষ্টি আকর্ষণ করলেন । এ রকম একজন আদর্শবান কর্মতৎপর ব্যক্তিকেই যেন রেবতী রমণ কলেজের অধ্যক্ষের পদে নিযুক্তির জন্য খুঁজছিলেন। অধ্যক্ষের পদে নিযুক্তি থেকে কলেজ থেকে অবসর গ্রহণ করার (১৯৬৪) পূর্ব পর্যন্ত অধ্যক্ষ মাখনলাল নাগ কলেজের উন্নতির জন্য যেরূপ নিষ্ঠা ও পরিশ্রম প্রদর্শন করেছেন তা একরূপ অতুলনীয়। কলেজে দীর্ঘ কর্মজীবনে তিনি সকল প্রকার কর্মকান্ডের কেন্দ্রবিন্দু ছিলেন। কর্মতৎপরতায় তাঁর যুগে তাঁর সমকক্ষ অধ্যক্ষ খুব কমই ছিল । অনেক সময়ে দেখা যেতো কোন অধ্যাপক ছুটিতে গেলে কিংবা পদত্যাগ করলে অন্তবর্তী সময়ে ছাত্রদের যাতে অসুবিধায় পড়তে না হয় মাখন বাবু সে বিষয়ে নিজেই ক্লাশ নিতেন। অঙ্কশাস্ত্র তিনি নিজেই পড়াতেন । সেই সূত্রে তিনি আই .এস.সি.তে পদার্থ বিজ্ঞানের ক্লাশ ও নিতেন । রাষ্ট্র বিজ্ঞানের অধ্যাপকের অনুপস্থিতিতে তিনি বেশ কিছুদিন বি.এ.ক্লাশে রাষ্ট্রবিজ্ঞানও পড়িয়েছিলেন । কোনও কারণে অধ্যাপকের অনুপস্থিতিতে ক্লাশে শিক্ষাদান যাতে ব্যাহত না হয় সেদিকে  অধ্যক্ষ মাখন লাল নাগের প্রখর দৃষ্টি ছিল । কলেজ প্রতিষ্ঠার সময়ে কলেজের অধীনস্থ ভূমির পরিমাণ খুব বেশি ছিল না ।  অধ্যক্ষ মাখন লাল নাগের ঐকান্তিক প্রচেষ্টায় কলেজের অধীনস্থ ভূমির পরিমাণ তিন চারগুণ বৃদ্ধি পায়। স্যার আশুতোষ কলেজ তাঁর প্রাণস্বরূপ ছিল। কলেজ ক্যা¤পাসের মধ্যেই তাঁর ভবন ছিল। সকাল বেলা চা জল খাবার খেয়ে তিনি কলেজ অফিসে চলে আসতেন , দুপুর পর্যন্ত তিনি এক নাগাড়ে কাজে ব্যাপৃত থাকতেন । দুপুরে বাসায় গিয়ে আহার করে খুব বেশিক্ষণ বিশ্রাম নিতেন না , অফিসে ফিরে এসে পুণরায় কাজে মনোনিবেশ করতেন । কলেজের রুটিন মাফিক কাজ কর্ম তাঁরই  তত্ত্বাবধানে সমাধা হতো । বলা বাহুল্য ,প্রবেশিকা পরীক্ষার সময় কাজের চাপ আরও বেড়ে যেতো । এক সময়ে উত্তরে কোয়েপাড়া থেকে দক্ষিণে ধলঘাট পর্যন্ত সমস্ত স্কুলের প্রবেশিকা পরীক্ষার কেন্দ্র ছিল স্যার আশুতোষ কলেজ । অনেক সময়ে কলেজের কাজ কর্ম শেষ করতে বিকেল গড়িয়ে সন্ধ্যা হয়ে যেতো , বিশ্রাম নেবার সময়টুকু পর্যন্ত তিনি পেতেন না । সারাদিন কলেজে অতিবাহিত করে বাসায় ফিরে ছেলেমেয়েদের পড়াশুনায় কিছুক্ষণ তদারক করতেন । মনে হয়, রাতের ঘুমটাই তাঁর বিশ্রামের সময় ছিল। কলেজ ছেড়ে তিনি কোথাও  বিশেষ যেতেন না । দু’চার বছর অšতর ঢাকার বিক্রমপুরে গিয়ে দেশের বাড়ি দেখে আসতেন । কলেজের জন্যই তিনি যেন আপন জীবন উৎসর্গ করতে কৃতসংকল্প ছিলেন।","chhatro o shikshokoi ekta shiksha protishthanero prodhano onggo. reboti romono dotto mone koroteno upojukto shikshoko chhara upojukto chhatro toiri kora jayo naa . shikshokero panditjo o gunaboli taro shikshadanero madhjome chhatrodero moddhe soncharito hoye thak . shikshoko niyogero kshetre reboti romono ei bishoyotiro uporo odhiko gurutbo aropo koroteno. kolejero prthom odhjokshero pode jini nijukto hoyechhileno tini prokritopokshe kaje jogodano korenoni . upadhjokshero pode nijukto hoyechhileno  makhono lalo nago . odhjoksho mohodoyero kaje jogodanero oparogotayo tinii odhjokshero pode odhishthito hono. taro sohokormidero modhye chhileno bangla sahitjero odhjapoko girija shoskoro dhoro emo.e. (sborno podoko prapto chhileno skolaro),itihasero odhjapoko promodo kumaro mukhopadhjayo ,emo,e,(prthom shroni ) ,dorshonero odhjapoko shjamapodo chottopadhjayo ,emo,e,(prothom shreni) ,odhjapoko sushilo kumaro mukhopadhjayo emo,e (sborno podoko prapto) ,ingrejiro odhjapoko prokritironchono boro–ya, arobi o farsi bibhagero odhjapoko miro mohammodo ibrahimo ,rashtrobijnanero odhjapoko horinarayono chokroborti. kolikata bishbobidjaloyero kriti chhatro odhjoksho makhono lalo nago ongkoshastre prothom shrenite dbitiyo sthanero odhikari chhileno . gouroborno ,sudorshono ,buddhidipto juboko makhonolalo sohojei reboti romonero drishti akorshono koroleno . e rokomo ekojono adorshobano kormototoporo bjoktikei jeno reboti romono kolejero odhjokshero pode nijuktiro jnno khujochhileno. odhjokshero pode nijukti theke kolejo theke obosoro grohono koraro (1964) purbo porjonto odhjoksho makhonolalo nago kolejero unnotiro jnno jerupo nishtha o porishromo prodorshono korechheno ta ekorupo otuloniyo. koleje dirgho kormojibone tini sokolo prokaro kormokandero kendrobindu chhileno. kormototoporotayo taro juge taro somokoksho odhjoksho khubo komoi chilo . oneko somoye dekha jeto kon odhjapoko chhutite gele kingba podotjago korole ontoborti somoye chhatrodero jate osubidhayo porote na hoy makhono babu se bishoye nijei klasho niteno. ongkoshastro tini nijei porateno . sei sutre tini ai .eso.si.te podartho bijnanero klasho o niteno . rashtro bijnanero odhjapokero onuposthitite tini besho kichhudino bi.e.klashe rashtrobijnanoo poriyechhileno . konoo karone odhjapokero onuposthitite klashe shikshadano jate bjahoto naa hoi sedike  odhjoksho makhono lalo nagero prokhoro drishti silo . kolejo protishtharo somoye kolejero odhinostho bhumiro porimano khubo beshi chilo naa .  odhjoksho makhono lalo nagero oikantiko procheshtayo kolejero odhinostho bhumiro porimano tino charoguno briddhi payo. sjaro ashutosho kolejo taro pranosborupo silo. kolejo kja¤pasero modhjei taro bhobono chilo. sokalo bela cha jolo khabaro kheye tini kolejo ofise chole asoteno , dupuro porjonto tini eko nagare kaje bjaprito thakoteno . dupure basayo giye aharo kore khubo beshikshono bishramo niteno naa , ofise fire ese punorayo kaje mononibesho koroteno . kolejero rutino mafiko kajo kormo taroi  tottbabodhane somadha hoto . bola bahuljo ,probeshika poriksharo somoyo kajero chapo aro bere jeto . eko somoye uttore koyepara theke dokshine dhologhato porjonto somosto skulero probeshika poriksharo kendro silo sjaro ashutosho kolejo . oneko somoye kolejero kajo kormo shesho korte bikelo goriye sondhja hoye jeto , bishramo nebaro somoyotuku porjonto tini peteno na . saradino koleje otibahito kore basayo fire chhelemeyedero porashunayo kichhukshono todaroko koroteno . mone hoy, ratero ghumotai taro bishramero somoyo chilo. kolejo chhere tini kothao  bishesho jeteno naa . du’charo bosor oštoro dhakaro bikromopure giye deshero bari dekhe asoteno . kolejero jonjoi tini jeno apono jibono utosorgo korte kritosongkolpo chhileno.",পাঠ্যাংশ থেকে “অনেক সময়ে দেখা যেতো অধ্যাপক” সম্পর্কিত সঠিক তথ্যটি লিখুন।,pathjangsho theke “oneko somoye dekha jeto odhjapoko” somporkito sothik tothjoti likhuno.,অনেক সময়ে দেখা যেতো কোন অধ্যাপক ছুটিতে গেলে কিংবা পদত্যাগ করলে অন্তবর্তী সময়ে ছাত্রদের যাতে অসুবিধায় পড়তে না হয় মাখন বাবু সে বিষয়ে নিজেই ক্লাশ নিতেন।,oneko somoye dekha jeto kon odhjapoko chhutite gele kingba podotjago korole ontoborti somoye chhatrodero jate osubidhayo porote naa hoi makhono babu she bishoye nijei klasho niteno.,অনেক সময়ে দেখা যেতো কোন অধ্যাপক ছুটিতে গেলে কিংবা পদত্যাগ করলে অন্তবর্তী সময়ে ছাত্রদের যাতে অসুবিধায় পড়তে না হয় না মাখন বাবু সে বিষয়ে নিজেই ক্লাশ নিতেন।,oneko somoye dekha jeto kon odhjapoko chhutite gele kingba podotjago korole ontoborti somoye chhatrodero jate osubidhayo porote naa hoy naa makhono babu she bishoye nijei klasho niteno.,relational,bnp_008031,,
pilot_000142,has_context,history,low,"বাংলাদেশ ২৩ ফেব্রুয়ারি ১৯৭৪ সালে ওআইসি (অর্গানাইজেশন অব ইসলামিক কোঅপারেশন)-এর সদস্যপদ লাভ করে। বাংলাদেশ সরকারের স্থায়ী মিশনের ওআইসি পেজ থেকে জানা যায়, লাহোরে অনুষ্ঠিত ওআইসি-এর দ্বিতীয় শীর্ষ সম্মেলনে বাংলাদেশ আনুষ্ঠানিকভাবে এই সদস্যপদ গ্রহণ করে।","bangladesh 23 februyari 1974 sale oaisi (organaijeshono obo isolamiko koopareshono)-er sodosjopodo labho kore. bangladesh sorokarero sthayi mishonero oaisi pejo theke jana jayo, lahore onushthito oaisi-er dbitiyo shirsho sommelone bangladesh anushthanikobhabe ei sodosjopodo grohono kore.",ওআইসি-এর পূর্ণরূপ কী?,oaisi-er purnorupo kii?,অর্গানাইজেশন অব ইসলামিক কোঅপারেশন,organaijeshono obo isolamiko koopareshono,অর্গানাইজেশন অব ইসলামিক স্টেটস,organaijeshono obo isolamiko stetoso,relational,bnp_008049,,
pilot_000143,has_context,reading_comprehension,low,"নিষ্ক্রিয় গ্যাস বলতে পর্যায় সারণীর ১৮তম শ্রেণীর[1] মৌলগুলোকে বোঝায়। কখনওবা একে অষ্টম শ্রেণী, হিলিয়াম পরিবার বা নিয়ন পরিবার নামে ডাকা হয়। ইংরেজীতে সচরাচর  হিসাবে অভিহিত। এই শ্রেণীতে অবস্থিত গ্যাসগুলো রাসায়নিকভাবে খুবই নিষ্ক্রিয়, কারণ এদের পরমাণুর সর্ববহিরস্থ কক্ষপথে ইলেকট্রনের সংখ্যা পরমাণুর সর্বোচ্চ ধারণ ক্ষমতার সমান অর্থাৎ ৮টি। ইতিমধ্যে সুস্থিত ইলেক্ট্রণসমূহ অন্য কোন মৌলের সাথে সহজে বিক্রিয়া করতে চায় না। সাধারণ অবস্থায় এগুলো বর্ণহীন, গন্ধহীন এবং এক পরমাণুক গ্যাস। উপরন্তু এগুলোর স্ফুটনাংক ও গলনাংক খুবই কাছাকাছি। আলোকসজ্জা, ওয়েল্ডিং এবং মহাশূন্য প্রযুক্তিতে এই গ্যাসগুলোর প্রভূত ব্যবহার রয়েছে। নিষ্ক্রিয় গ্যাসের সংখ্যা সাত। এগুলো হল: হিলিয়াম, নিয়ন, আর্গন, ক্রিপ্টন, জেনন, র‌্যাডন এবং ইউনুনোকটিয়াম।[2]","nishkriyo gjaso bolote porjayo saroniro 18tomo shreniro[1] mouloguloke bojhayo. kokhonooba eke oshtomo shreni, hiliyamo poribaro ba niyono poribaro name daka hoy. ingrejite sochorachoro  hisabe obhihito. ei shrenite obosthito gjasogulo rasayonikobhabe khuboi nishkriyo, karono edero poromanuro sorbobohirostho kokshopothe ilekotronero songkhya poromanuro sorbochcho dharono kshomotaro somano orthato 8ti. itimodhje susthito ilektronosomuho onjo kon moulero sathe sohoje bikriya korte chayo naa. sadharono obosthayo egulo bornohino, gondhohino ebng eko poromanuko gjaso. uporontu eguloro sfutonangko o golonangko khuboi kachhakachhi. alokosojja, oyelding ebng mohashunjo projuktite ei gjasoguloro probhuto bjoboharo roeche. nishkriyo gjasero songkha sato. egulo holo: hiliyamo, niyono, argono, kriptono, jenono, ro‌jadono ebong iununokotiyamo.[2]",অনুচ্ছেদের আলোকে “ইংরেজীতে সচরাচর হিসাবে অভিহিত” বিষয়ে প্রাসঙ্গিক তথ্যটি কী?,onuchchhedero aloke “ingrejite sochorachoro hisabe obhihito” bishoye prasonggiko tothjoti ki?,ইংরেজীতে সচরাচর হিসাবে অভিহিত।,ingrejite sochorachoro hisabe obhihito.,অবস্থায় সচরাচর হিসাবে অভিহিত।,obosthayo sochorachoro hisabe obhihito.,relational,bnp_008051,,
pilot_000144,has_context,history,low,"পালযুগে রচিত উল্লেখযোগ্য দর্শন গ্রন্থগুলি হল গৌড়পাদের আগম শাস্ত্র, শ্রীধর ভট্টের ন্যায় কুণ্ডলী ও ভট্ট ভবদেবের কর্মানুশীলন পদ্ধতি।","palojuge rochito ullekhojogjo dorshono gronthoguli holo gouropadero agomo shastro, shridhoro bhottero njayo kundoli o bhotto bhobodebero kormanushilono poddhoti.",পাল যুগে রচিত ‘আগম শাস্ত্র’ গ্রন্থের রচয়িতা কে?,palo juge rochito ‘agomo shastro’ gronthero rochoyita ke?,গৌড়পাদ।,gouropado.,শ্রীধর ভট্ট।,shridhoro bhotto.,relational,bnp_008099,,
pilot_000145,has_context,law,low,গ্রাম চৌকিদারি আইন ১৮৭০ এর অধীনে ১৮৭০ সালে কিছু পল্লী সংস্থা গঠনের উদ্যোগ নেওয়া হলে ইউনিয়নের সৃষ্টি হয়।,gramo choukidari ain 1870 er odhine 1870 sale kichhu polli songstha gothonero udjogo neoya hole iuniyonero srishti hoi.,প্রদত্ত প্রসঙ্গ অনুযায়ী ইউনিয়নের উদ্ভব ও প্রশাসনিক ভূমিকা সম্পর্কে কী তথ্য দেওয়া হয়েছে?,prodotto prosongo onujayi iuniyonero udbhobo o proshasoniko bhumika somporke kii tothjo deoya hoise?,গ্রাম চৌকিদারি আইন ১৮৭০ এর অধীনে ১৮৭০ সালে কিছু পল্লী সংস্থা গঠনের উদ্যোগ নেওয়া হলে ইউনিয়নের সৃষ্টি হয়।,gramo choukidari ain 1870 er odhine 1870 shale kichhu polli songstha gothonero udjogo neoya hole iuniyonero srishti hoy.,গ্রাম চৌকিদারি আইন ১৮৭১ এর অধীনে ১৮৭০ সালে কিছু পল্লী সংস্থা গঠনের উদ্যোগ নেওয়া হলে ইউনিয়নের সৃষ্টি হয়।,gramo choukidari ain 1871 er odhine 1870 sale kichhu polli songstha gothonero udjogo neoya hole iuniyonero srishti hoi.,numeric,bnp_008156,,
pilot_000146,has_context,others,low,কিসারি মোহন গাঙ্গুলি ১৮৮৩ থেকে ১৮৯৬ সালের মধ্যে মহাভারতের প্রথম পূর্ণাঙ্গ ইংরেজি অনুবাদ প্রকাশ করেন। পণ্ডিত রামনারায়ণদত্ত শাস্ত্রী পাণ্ডে মহাভারত হিন্দিতে অনুবাদ করেন।,kisari mohono gangguli 1883 theke 1896 shaler moddhe mohabharotero prthom purnanggo ingreji onubado prokasho koren. pondito ramonarayonodotto shastri pande mohabharoto hindite onubado korn.,ইংরেজি ভাষায় কে সর্বপ্রথম মহাভারত অনুবাদ করেন ?,ingreji bhashayo ke sorboprothomo mohabharoto onubado korn ?,কিশোরীমোহন গঙ্গোপাধ্যায় (কিসারি মোহন গাঙ্গুলি)।,kishorimohono gonggopadhjayo (kisari mohono gangguli).,পণ্ডিত রামনারায়ণদত্ত শাস্ত্রী পাণ্ডে।,pondito ramonarayonodotto shastri pande.,relational,bnp_008192,,
pilot_000147,has_context,history,low,"খ্রিস্টীয় ৯ম শতাব্দীর প্রথম ভাগে পাল সাম্রাজ্য সর্বাধিক সমৃদ্ধি লাভ করেছিল। এই সময় পাল সাম্রাজ্যই ছিল ভারতীয় উপমহাদেশের উত্তরাঞ্চলের প্রধান রাজনৈতিক শক্তি। সেই যুগে এই সাম্রাজ্য অধুনা পূর্ব-পাকিস্তান, উত্তর ও উত্তরপূর্ব ভারত, নেপাল ও বাংলাদেশ রাষ্ট্রের ভূখণ্ডে প্রসারিত হয়।[3][5] পাল সাম্রাজ্য সর্বাধিক সমৃদ্ধি ঘটেছিল সম্রাট ধর্মপাল ও দেবপালের রাজত্বকালে। তিব্বতে অতীশের মাধ্যমে পাল সাম্রাজ্য প্রভূত সাংস্কৃতিক প্রভাব বিস্তার করেছিল। পাল সাম্রাজ্যের সাংস্কৃতিক প্রভাব পড়েছিল দক্ষিণপূর্ব এশিয়াতেও। উত্তর ভারতে পাল শাসন ছিল ক্ষণস্থায়ী। কারণ কনৌজের আধিপত্য অর্জনের জন্য গুর্জর-প্রতিহার ও রাষ্ট্রকূটদের বিরুদ্ধে যুদ্ধ করতে গিয়ে পাল সম্রাটরা পরাজিত হন। কিছুকালের জন্য পাল সাম্রাজ্যের পতন ঘটেছিল। তারপর সম্রাট প্রথম মহীপাল বাংলা ও বিহার অঞ্চলে দক্ষিণ ভারতীয় চোল অনুপ্রবেশ প্রতিহত করেন। সম্রাট রামপাল ছিলেন সর্বশেষ শক্তিশালী পাল সম্রাট। তিনি কামরূপ ও কলিঙ্গে আধিপত্য বিস্তার করেছিলেন। খ্রিস্টীয় ১১শ শতাব্দীতে পাল সাম্রাজ্যের নানা অঞ্চলে বিদ্রোহ মাথা চাড়া দিয়ে ওঠে। এর ফলে সাম্রাজ্যের শক্তি অনেকটাই হ্রাস প্রাপ্ত হয়।","khristiyo 9mo shotabdiro prthom bhage palo samrajjo sorbadhiko somriddhi labho korechhilo. ei somoyo palo samrajjoi chilo bharotiyo upomohadeshero uttorancholero prodhano rajonoitiko shokti. sei juge ei samrajjo odhuna purbo-pakistano, uttor o uttoropurbo india, nepalo o bangladesh rashtrero bhukhonde prosarito hoy.[3][5] palo samrajjo sorbadhiko somriddhi ghotechhilo somrato dhormopalo o debopalero rajotbokale. tibbote otishero madhjome palo samrajjo probhuto sangskritiko probhabo bistaro korechhilo. palo samrajjero sangskritiko probhabo porechhilo dokshinopurbo eshiyateo. uttar bharote palo shasono chilo kshonosthayi. karono konoujero adhipotjo orjonero jnno gurjoro-protiharo o rashtrokutodero biruddhe juddho korte giye palo somratora porajito hono. kichhukalero jnno palo samrajjero potono ghotechhilo. taroporo somrato prothom mohipalo bangla o biharo onchole dokshino bharotiyo cholo onuprobesho protihoto koren. somrato ramopalo chhileno sorboshesho shoktishali palo somrato. tini kamorupo o kolingge adhipotjo bistaro korechhileno. khristiyo 11sho shotabdite palo samrajjero nana onchole bidroho matha chara diye othe. er fole samrajjero shokti onekotai hraso prapto hoy.",পাল বংশের সর্বশেষ রাজা কে ছিলেন ?,palo bongshero sorboshesho raja ke chhileno ?,পাল বংশের সর্বশেষ রাজা ছিলেন মদনপাল।,palo bongshero sorboshesho raja chhileno modonopalo.,পাল বংশের সর্বশেষ রাজা ছিলেন মহীপাল।,palo bongshero sorboshesho raja chhileno mohipalo.,relational,bnp_008195,,
pilot_000148,has_context,reading_comprehension,low,"অভিষেক বন্দ্যোপাধ্যায় দ্বারা নিম্নলিখিত ব্যক্তিবর্গ উল্লেখিত হতে পারেন:

অভিষেক বন্দ্যোপাধ্যায় (জন্ম ১৯৮৭), সর্বভারতীয় তৃণমূল কংগ্রেসের রাজনীতিবিদ
অভিষেক বন্দ্যোপাধ্যায় (অভিনেতা) (জন্ম ১৯৮৮), ভারতীয় অভিনেতা এবং কাস্টিং ডিরেক্টর
অভিষেক বন্দ্যোপাধ্যায় (ক্রিকেটার) (জন্ম ১৯৮৪), ভারতীয় ক্রিকেটার","obhisheko bondjopadhjayo dbara nimnolikhito bjoktiborgo ullekhito hote pareno:

obhisheko bondjopadhjayo (jonmo 1987), sorbobharotiyo trinomulo konggresero rajonitibido
obhisheko bondjopadhjayo (obhineta) (jonmo 1988), bharotiyo obhineta ebng kasting direktoro
obhisheko bondjopadhjayo (kriketaro) (jonmo 1984), bharotiyo kriketaro",অনুচ্ছেদের ভিত্তিতে “অভিষেক বন্দ্যোপাধ্যায় দ্বারা নিম্নলিখিত ব্যক্তিবর্গ” বিষয়ে কোন বক্তব্যটি সঠিক?,onuchchhedero bhittite “obhisheko bondjopadhjayo dbara nimnolikhito bjoktiborgo” bishoye kon boktobjoti sothik?,"অভিষেক বন্দ্যোপাধ্যায় দ্বারা নিম্নলিখিত ব্যক্তিবর্গ উল্লেখিত হতে পারেন: অভিষেক বন্দ্যোপাধ্যায় (জন্ম ১৯৮৭), সর্বভারতীয় তৃণমূল কংগ্রেসের রাজনীতিবিদ অভিষেক বন্দ্যোপাধ্যায় (অভিনেতা) (জন্ম ১৯৮৮), ভারতীয় অভিনেতা এবং কাস্টিং ডিরেক্টর অভিষেক বন্দ্যোপাধ্যায় (ক্রিকেটার) (জন্ম ১৯৮৪), ভারতীয় ক্রিকেটার","obhisheko bondjopadhjayo dbara nimnolikhito bjoktiborgo ullekhito hote pareno: obhisheko bondjopadhjayo (jonmo 1987), sorbobharotiyo trinomulo konggresero rajonitibido obhisheko bondjopadhjayo (obhineta) (jonmo 1988), bharotiyo obhineta ebong kasting direktoro obhisheko bondjopadhjayo (kriketaro) (jonmo 1984), bharotiyo kriketaro","অভিষেক বন্দ্যোপাধ্যায় দ্বারা নিম্নলিখিত ব্যক্তিবর্গ উল্লেখিত হতে পারেন: অভিষেক বন্দ্যোপাধ্যায় (জন্ম ১৯৮৮), সর্বভারতীয় তৃণমূল কংগ্রেসের রাজনীতিবিদ অভিষেক বন্দ্যোপাধ্যায় (অভিনেতা) (জন্ম ১৯৮৮), ভারতীয় অভিনেতা এবং কাস্টিং ডিরেক্টর অভিষেক বন্দ্যোপাধ্যায় (ক্রিকেটার) (জন্ম ১৯৮৪), ভারতীয় ক্রিকেটার","obhisheko bondjopadhjayo dbara nimnolikhito bjoktiborgo ullekhito hote pareno: obhisheko bondjopadhjayo (jonmo 1988), sorbobharotiyo trinomulo konggresero rajonitibido obhisheko bondjopadhjayo (obhineta) (jonmo 1988), bharotiyo obhineta ebong kasting direktoro obhisheko bondjopadhjayo (kriketaro) (jonmo 1984), bharotiyo kriketaro",numeric,bnp_008210,,
pilot_000149,has_context,reading_comprehension,low,পৃথিবীপৃথিবী সৌরজগতের ভেতরের অংশের সবচেয়ে ঘন ও বড় গ্রহ। এটিই এ অঞ্চলের একমাত্র গ্রহ যাতে বর্তমানেও ভূতাত্ত্বিক ক্রিয়া-প্রতিক্রিয়া চলছে। এটা আমাদের জানা একমাত্র গ্রহ যাতে জীবনের অস্তিত্ব রয়েছে। এর তরল জলমণ্ডল সৌরজগতের ভেতরের অংশে অনন্য। এটিই একমাত্র গ্রহ যাতে গ্রহ টেকটোনিক পর্যবেক্ষন করা গেছে। পৃথিবীর বায়ুমণ্ডল অন্যান্য যেকোন গ্রহ থেকে অনেক ভিন্ন। এখানে শতকরা ২১ ভাগ অক্সিজেন থাকার কারণেই জীবনের বিকাশ ঘটা সম্ভব হয়েছে। এর একটি মাত্র প্রাকৃতিক উপগ্রহ আছে যার নাম চাঁদ বা 'মুন'। সৌরজগতের অন্য কোন পার্থিব গ্রহের এত বড় উপগ্রহ নেই।,prithibiprithibi sourojogotero bhetorero ongshero sobocheye ghono o boro groho. etii e oncholero ekomatro groho jate bortomaneo bhutattbiko kriya-protikriya cholochhe. eta amadero jana ekomatro groho jate jibonero ostitbo roeche. er torolo jolomondolo sourojogotero bhetorero ongshe ononjo. etii ekomatro groho jate groho tekotoniko porjobekshono kora gechhe. prithibiro bayumondolo onjanjo jekono groho theke oneko bhinno. ekhane shotokora 21 bhago oksijeno thakaro karonei jibonero bikasho ghota sombhobo hoise. er ekta matro prakritiko upogroho ache jaro naam chado ba 'muno'. sourojogotero onjo kon parthibo grohero eto boro upogroho nei.,অনুচ্ছেদের ভিত্তিতে “এটা আমাদের জানা একমাত্র গ্রহ” বিষয়ে কোন বক্তব্যটি সঠিক?,onuchchhedero bhittite “eta amadero jana ekomatro groho” bishoye kon boktobjoti sothik?,এটা আমাদের জানা একমাত্র গ্রহ যাতে জীবনের অস্তিত্ব রয়েছে।,eta amadero jana ekomatro groho jate jibonero ostitbo roeche.,এটা আমাদের জানা একমাত্র গ্রহ যাতে জীবনের অস্তিত্ব নেই।,eta amadero jana ekomatro groho jate jibonero ostitbo nei.,relational,bnp_008294,,
pilot_000150,has_context,reading_comprehension,low,"সেণ্ট সাইমনের সামাজিক চুক্তির রাজনৈতিক দর্শন দ্বারা প্রভাবিত হয়ে, প্রকৃত জ্ঞানদানের পরের লেখায়, অগাস্ট কোৎ বৈজ্ঞানিক ব্যাখ্যার মাধ্যমে সামাজিক রাজত্বে মানবজীবনের সব গবেষণায় ঐক্যসাধনের আশা করেছিলেন। তাঁর নিজের সমাজতাত্ত্বিক পরিকল্পনা ছিল মূলত ১৯ শতকের মানবতাবাদী আদর্শ; তিনি বিশ্বাস করতেন সব মানুষের জীবন স্বতন্ত্র ঐতিহাসিক পর্যায় অতিক্রম করে এবং যদি কেউ এই অগ্রগতি উপলব্ধি করতে পারে, তবে সে সামাজিক দুর্ভাগ্যের প্রতিকার করতে পারবে। কোঁতের স্কিমে সমাজবিজ্ঞান ছিল ""রাণী বিজ্ঞান""; প্রথম দিকে সব মৌলিক ভৌত বিজ্ঞান এসেছে, যা মানবসমাজের সবচেয়ে মৌলিকভাবে কঠিন বিজ্ঞানের নেতৃত্ত্ব দিয়েছে।[18] কোঁত এইভাবে ""সমাজতত্ত্বের জনক"" হিসেবে আবির্ভূত হয়েছে।[18] কোৎ তার ইতিবাচক দর্শনশাস্ত্রে কোর্সে [১৮৩০-১৮৪২]  তার বৃহত্তর বিজ্ঞানের দর্শন অঙ্কিত করেছিলেন, পক্ষান্তরে তার পজিটিভিজমের সাধারণ দৃষ্টিভঙ্গি (১৮৬৫) সমাজবিজ্ঞানের নির্দিষ্ট লক্ষের দিকে জোর দেন।","sento saimonero samajiko chuktiro rajonoitiko dorshono dbara probhabito hoye, prokrito jnanodanero porero lekhayo, ogasto koto boijnaniko bjakhjaro madhjome samajiko rajotbe manobojibonero sobo gobeshonayo oikjosadhonero asha korechhileno. taro nijero somajotattbiko porikolpona chilo muloto 19 shotokero manobotabadi adorsho; tini bishbaso koroteno sobo manushero jibono sbotontro oitihasiko porjayo otikromo kore ebong jodi keu ei ogrogoti upolobdhi korte pare, tbe she samajiko durbhagjero protikaro korte parobe. kotero skime somajobijnano silo ""rani biggyan""; prothom dike sobo mouliko bhouto biggan esechhe, ja manobosomajero sobocheye moulikobhabe kothino bijnanero netrittbo diyechhe.[18] koto eibhabe ""somajotottbero jonoko"" hisebe abirbhuto hoyeche.[18] koto tar itibachoko dorshonoshastre korse [1830-1842]  tar brihottoro bijnanero dorshono ongkito korechhileno, pokshantore tar pojitibhijomero sadharono drishtibhonggi (1865) somajobijnanero nirdishto lokshero dike joro deno.",সমাজতত্ত্ব-এর জনক কাকে বলা হয় ?,somajotottbo-er jonoko kake bola hoi ?,অগাস্ট কোৎ,ogasto koto,অঙ্কিত কোৎ,ongkito koto,relational,bnp_008310,,
pilot_000151,no_context,grammar,low,,,কোন বাক্যে সামথর্য বুঝাতে 'তে' বিভক্তিযুক্ত অসমাপিকা ক্রিয়া বিদ্যমান?,kon bakje samothorjo bujhate 'te' bibhoktijukto osomapika kriya bidjomano?,রাণী এখন হাঁটতে পারে,rani akhn hatote pare,খুকিকে দৌঁড়াতে দেখলাম,khukike dourate dekholamo,fabricated,bnp_008397,,
pilot_000152,no_context,science,low,,,উনিশ শতকের আগে মন সম্পর্কীয় সকল অধ্যয়ন কোন বিষয়ের অন্তর্ভুক্ত ছিল?,unisho shotokero age mono somporkiyo sokolo odhjoyono kon bishoyero ontorbhukto silo?,দর্শন,dorshono,চিকিৎসাবিজ্ঞান,chikitosabijnano,fabricated,bnp_008437,,
pilot_000153,no_context,mathematics,low,,,একটি কোয়ার্টারব্যাক একটি খেলায় ৮০ বার নিক্ষেপ করার জন্য পিছিয়ে যায়। ৩০ শতাংশ সময় তিনি ছুঁড়ে দেওয়া পাস পান না। অর্ধেকবার বল ছুড়ে না দিলে তাকে বরখাস্ত করা হয় ক্ষতির জন্য। খেলায় হারের জন্য কোয়ার্টারব্যাককে কতবার বরখাস্ত করা হয়?,ekti koyartarobjako ekta khelayo 80 baro nikshepo koraro jnno pichhiye jayo. 30 shotangsho somoyo tini chhure deoya paso pano na. ordhekobaro bolo chhure na dile take borokhasto kora hoi kshotiro jnno. khelayo harero jonno koyartarobjakoke kotobaro borokhasto kora hoi?,১২,12,১৫,15,fabricated,bnp_008451,,
pilot_000154,has_context,reading_comprehension,low,১৯৭১ সালে অলি আহমদ কর্মরত ছিলেন পাকিস্তান সেনাবাহিনীর অষ্টম ইস্ট বেঙ্গল রেজিমেন্টে। এর অবস্থান ছিল চট্টগ্রামের ষোলশহরে। ২৫ মার্চ মধ্যরাতে ঝাঁপিয়ে পড়েন মুক্তিযুদ্ধে। প্রতিরোধযুদ্ধ শেষে ভারতে পুনরায় সংগঠিত হওয়ার পর নিয়মিত মুক্তিবাহিনীর জেড ফোর্সের অধীনে যুদ্ধ করেন। স্বাধীনতার পর তিনি বাংলাদেশ সেনাবাহিনীতে কর্নেল পদে উন্নীত হয়ে অবসর নেন। পরে রাজনীতিতে যোগ দেন। বর্তমানে তিনি বাংলাদেশের রাজনৈতিক দল লিবারেল ডেমোক্র্যাটিক পার্টি (বাংলাদেশ) এর প্রেসিডেন্ট।,1971 shale oli ahomodo kormoroto chhileno pakistano senabahiniro oshtomo isto benggolo rejimente. er obosthano chilo chottogramero sholoshohore. 25 marcho modhjorate jhapiye poreno muktijuddhe. protirodhojuddho sheshe bharote punorayo songgothito hooyaro poro niyomito muktibahiniro jedo forsero odhine juddho koren. sbadhinotaro poro tini bangladesh senabahinite kornelo pode unnito hoye obosoro neno. pore rajonitite jogo deno. bortomane tini bangladesher rajonoitiko dolo libarelo demokrjatiko parti (bangladesh) er presidento.,অলি আহাদ কোন রাজনৈতিক দলের সাথে যুক্ত ছিলেন ?,oli ahado kon rajonoitiko dolero sathe jukto chhileno ?,লিবারেল ডেমোক্র্যাটিক পার্টি,libarelo demokrjatiko parti,লিবারেল প্রতিরোধযুদ্ধ পার্টি,libarelo protirodhojuddho parti,relational,bnp_008559,,
pilot_000155,has_context,law,low,"শ্রী নাইডু রাজ্যসভার এ পর্যন্ত ২, ২৮২ জন সদস্য ছাড়াও প্রিসাইডিং অফিসার, প্যানেল চেয়ারপার্সন, মন্ত্রী, সদনের নেতৃবৃন্দ, বিরোধী দল-সহ সংশ্লিষ্ট সকলকে ৬৭ বছরের চলার পথে সঙ্গী হওয়ায় অভিনন্দিত করেছেন।","shri naidu rajjosobharo e porjonto 2, 282 jon sodosjo chharao prisaiding ofisaro, pjanelo cheyaroparsono, montri, sodonero netribrindo, birodhi dolo-soho songshlishto sokoloke 67 bochhorero cholaro pothe songgi hooyayo obhinondito korechheno.",প্রদত্ত প্রসঙ্গ অনুযায়ী ভারতীয় রাষ্ট্রব্যবস্থায় রাজ্যসভার ভূমিকা সম্পর্কে কী তথ্য দেওয়া হয়েছে?,prodotto prosongo anujayi bharotiyo rashtrobjobosthayo rajjosobharo bhumika somporke ki tothjo deoya hoyeche?,"শ্রী নাইডু রাজ্যসভার এ পর্যন্ত ২, ২৮২ জন সদস্য ছাড়াও প্রিসাইডিং অফিসার, প্যানেল চেয়ারপার্সন, মন্ত্রী, সদনের নেতৃবৃন্দ, বিরোধী দল-সহ সংশ্লিষ্ট সকলকে ৬৭ বছরের চলার পথে সঙ্গী হওয়ায় অভিনন্দিত করেছেন।","shri naidu rajjosobharo e porjonto 2, 282 jon sodosjo chharao prisaiding ofisaro, pjanelo cheyaroparsono, montri, sodonero netribrindo, birodhi dolo-soho songshlishto sokoloke 67 bochhorero cholaro pothe songgi hooyayo obhinondito korechheno.","শ্রী নাইডু লোকসভার এ পর্যন্ত ২, ২৮২ জন সদস্য ছাড়াও প্রিসাইডিং অফিসার, প্যানেল চেয়ারপার্সন, মন্ত্রী, সদনের নেতৃবৃন্দ, বিরোধী দল-সহ সংশ্লিষ্ট সকলকে ৬৭ বছরের চলার পথে সঙ্গী হওয়ায় অভিনন্দিত করেছেন।","shri naidu lokosobharo e porjonto 2, 282 jon sodosjo chharao prisaiding ofisaro, pjanelo cheyaroparsono, montri, sodonero netribrindo, birodhi dolo-soho songshlishto sokoloke 67 bochhorero cholaro pothe songgi hooyayo obhinondito korechheno.",numeric,bnp_008613,,
pilot_000156,has_context,reading_comprehension,low,"ধীরেন্দ্রনাথ দত্তের জন্ম তৎকালীন বাংলা প্রদেশের ত্রিপুরা জেলার[2] (বর্তমানের বাংলাদেশ) ব্রাহ্মণবাড়িয়া জেলার রামরাইল গ্রামে এক সম্ভ্রান্ত কায়স্থ পরিবারে জন্মগ্রহণ করেন। তাঁর বাবা জগবন্ধু দত্ত ছিলেন কসবা ও নবীনগর মুন্সেফ আদালতের সেরেস্তাদার। ধীরেন্দ্রনাথ পড়াশোনা করেছেন নবীনগর হাই স্কুল, কুমিল্লা কলেজ, এবং কলকাতার সুরেন্দ্রনাথ কলেজে। তিনি ১৯০৪ সালে নবীনগর হাই স্কুল হতে প্রবেশিকা, ১৯০৬ সালে কুমিল্লা কলেজ থেকে এফ.এ.; ১৯০৮ সালে কলকাতা রিপন কলেজ হতে বি.এ এবং ১৯১০ সালে একই কলেজ হতে বি.এল পরীক্ষা পাস করেন।।[4]","dhirendronatho dottero jonmo totokalino bangla prodeshero tripura jelaro[2] (bortomanero bangladesh) brahmonobariya jelaro ramorailo grame eko sombhranto kayostho poribare jonmogrohono korn. taro baba jogobondhu dotto chhileno kosoba o nobinogoro munsefo adalotero serestadaro. dhirendronatho porashona korechheno nobinogoro hai skulo, kumilla kolejo, ebng kolokataro surendronatho koleje. tini 1904 shale nobinogoro hai skulo hote probeshika, 1906 sale kumilla kolejo theke efo.e.; 1908 sale kolokata ripono kolejo hote bi.e ebng 1910 sale ekoi kolejo hote bi.elo poriksha paso korn..[4]",ধীরেন্দ্রনাথ দত্তের বাবার নাম কী ?,dhirendronatho dottero babaro naam ki ?,জগবন্ধু দত্ত,jogobondhu dotto,আদালতের দত্ত,adalotero dotto,relational,bnp_008671,,
pilot_000157,no_context,mathematics,low,,,সৌরভের কাছে ৪৩ টি নীল এবং ১৬ টি লাল বল রয়েছে। শচীনের কাছে  ২৪ টি নীল বল রয়েছে। তাদের সব মিলিয়ে কতগুলো  নীল বল রয়েছে?,sourobhero kache 43 ti nilo ebng 16 ta lalo bolo roeche. shochinero kase  24 ti nilo bolo royeche. tader sobo miliye kotogulo  nilo bolo roeche?,67,67,59,59,fabricated,bnp_008683,,
pilot_000158,no_context,idiom_meaning,low,,,"""তাল দেওয়া"" এর ভাবার্থ কী?","""talo deoya"" er bhabartho ki?",আগ বাড়িয়ে কোনো সিদ্ধান্তের প্রতি সমর্থন দেওয়া,ago bariye kono siddhantero proti somorthono deoya,আশ্চর্য হওয়া,ashchorjo hooya,fabricated,bnp_008835,,
pilot_000159,no_context,science,low,,,আত্মসংবৃতির চিকিৎসাশাস্ত্রীয় প্রথম শ্রেণিবিন্যাস কে করেন?,atmosongbritiro chikitosashastriyo prothom shrenibinjaso ke koren?,ডঃ লিও ক্যানার,doh lio kjanaro,শান্তিনিকেতনের বিজ্ঞান শিক্ষক জগদানন্দ রায়,shantiniketonero biggan shikshoko jogodanondo rayo,fabricated,bnp_008998,,
pilot_000160,has_context,history,low,"লালবাগ কেল্লা বাংলাদেশের রাজধানী ঢাকার দক্ষিণ-পশ্চিমাঞ্চলে বুড়িগঙ্গা নদীর তীরে অবস্থিত মুঘল স্থাপত্যের একটি নিদর্শন, যেটি কেল্লা আওরঙ্গবাদ নামেও পরিচিত। এই কেল্লার নির্মাণ কাজ শুরু হয় সম্রাট আওরঙ্গজেবের রাজত্বকালে তথা ১৬৭৮ সালে, যখন তাঁর পুত্র শাহজাদা মুহাম্মদ আজম শাহ বাংলার সুবাদার নিযুক্ত হন এবং এটি নির্মাণের পরিকল্পনা করেন।","lalobago kella bangladesher rajdhani dhakaro dokshino-poshchimanchole burigongga nodiro tire obosthito mugholo sthapotjero ekta nidorshono, jeti kella aoronggobado nameo porichito. ei kellaro nirmano kajo shuru hoy somrato aoronggojebero rajotbokale totha 1678 sale, jokhono taro putro shahojada muhammodo ajomo shaho banglaro subadaro nijukto hono ebong eti nirmanero porikolpona korn.",লালবাগ কেল্লা কোন ধরনের স্থাপত্যের নিদর্শন?,lalobago kella kon dhoronero sthapotjero nidorshono?,মুঘল স্থাপত্যের নিদর্শন,mugholo sthapotjero nidorshono,মুঘল স্থাপত্যের নিদর্শণ,mugholo sthapotjero nidorshono,relational,bnp_009015,,
pilot_000161,has_context,reading_comprehension,low,"হযরত মোহাম্মদ সাল্লাল্লাহু আলাইহি ওয়া সাল্লাম বর্তমান সৌদি আরবে অবস্থিত মক্কা নগরীর কুরাইশ গোত্রের বনি হাশিম বংশে জন্মগ্রহণ করেন। তাঁর জন্মের তারিখ ছিল ১২ ই রবিউল আউয়াল, ইংরেজি সন মোতাবেক ৫৭০ খৃস্টাব্দে। প্রখ্যাত ইতিহাসবেত্তা উইলিয়াম মন্টগোমারি ওয়াট তার পুস্তকে ৫৭০ সনই ব্যবহার করেছেন।[1] তবে নবীর প্রকৃত জন্মতারিখ বের করা বেশ কষ্টসাধ্য। এজন্যই এ নিয়ে মতবিরোধ রয়েছে। যেমন এক বর্ণনা মতে তাঁর জন্ম ৫৭১ সালের ২০ বা ২২ শে এপ্রিল। সাইয়েদ সোলাইমান নদভী, সালমান মনসুরপুরী এবং মোহাম্মদ পাশা ফালাকির গবেষণায় এই তথ্য বেরিয়ে এসেছে। তবে শেষোক্ত মতই ঐতিহাসিক দৃষ্টিকোণ থেকে বেশী নির্ভরযোগ্য। যাই হোক, নবীর জন্মের বছরেই হস্তী যুদ্ধের ঘটনা ঘটে এবং সে সময় সম্রাট নরশেরওয়ার সিংহাসনে আরোহনের ৪০ বছর পূর্তি ছিল এ নিয়ে কারো মাঝে দ্বিমত নেই।","hojoroto mohammodo sallallahu alaihi oya sallamo bortomano soudi arobe obosthito mokka nogoriro kuraisho gotrero boni hashimo bongshe jonmogrohono korn. taro jonmero tarikh silo 12 i robiulo auyalo, ingreji sono motabeko 570 khristabde. prokhjato itihasobetta uiliyamo montogomari oyato tar pustoke 570 sonoi bjoboharo korechheno.[1] tbe nobiro prokrito jonmotarikho bero kora besho koshtosadhjo. ejonjoi e niye motobirodho royeche. jemono eko bornona mote taro jonmo 571 saler 20 ba 22 she eprilo. saiyedo solaimano nodobhi, salomano monosuropuri ebng mohammodo pasha falakiro gobeshonayo ei tothjo beriye esechhe. tobe sheshokto motoi oitihasiko drishtikono theke beshi nirbhorojogjo. jai hoko, nobiro jonmero bochhorei hosti juddhero ghotona ghote ebong se somoyo somrato norosherooyaro singhasone arohonero 40 bochor purti chilo e niye karo majhe dbimoto nei.",অনুচ্ছেদের আলোকে “এজন্যই নিয়ে মতবিরোধ রয়েছে” বিষয়ে প্রাসঙ্গিক তথ্যটি কী?,onuchchhedero aloke “ejonjoi niye motobirodho royeche” bishoye prasonggiko tothjoti ki?,এজন্যই এ নিয়ে মতবিরোধ রয়েছে।,ejonjoi e niye motobirodho royeche.,এজন্যই এ নিয়ে মতবিরোধ নেই।,ejonjoi e niye motobirodho nei.,relational,bnp_009040,,
pilot_000162,has_context,law,low,১৯৫০ সালে ভারত ও পাকিস্তান উভয় দেশেই প্রিভি কাউন্সিলে আপিলের ব্যবস্থা বিলুপ্ত হয়।,1950 sale bharot o pakistano ubhoyo deshei pribhi kaunsile apilero bjobostha bilupto hoi.,প্রদত্ত প্রসঙ্গ অনুযায়ী বাংলাদেশের বিচারব্যবস্থার ঐতিহাসিক বিকাশ সম্পর্কে কী বলা হয়েছে?,prodotto prosngo onujayi bangladesher bicharobjobostharo oitihasiko bikasho somporke kii bola hoise?,১৯৫০ সালে ভারত ও পাকিস্তান উভয় দেশেই প্রিভি কাউন্সিলে আপিলের ব্যবস্থা বিলুপ্ত হয়।,1950 shale india o pakistano ubhoyo deshei pribhi kaunsile apilero bjobostha bilupto hoi.,১৯৫১ সালে ভারত ও পাকিস্তান উভয় দেশেই প্রিভি কাউন্সিলে আপিলের ব্যবস্থা বিলুপ্ত হয়।,1951 shale india o pakistano ubhoyo deshei pribhi kaunsile apilero bjobostha bilupto hoy.,numeric,bnp_009066,,
pilot_000163,no_context,mathematics,low,,,একটি কুকুরের ৪ টি পা ৫ টি কুকুরের কতগুলি পা,ekta kukurero 4 ti pa 5 ta kukurero kotogula pa,20,20,22,22,fabricated,bnp_009143,,
pilot_000164,no_context,mathematics,low,,,দশ বছরে আমার বয়স আমার ভাইয়ের বয়সের দ্বিগুণ হব। আমাদের বয়সের যোগফল তখন ৪৫ বছর হবে। আমার বয়স এখন কত?,dosho bochhore amaro boyoso amaro bhaiyero boyosero dbiguno hobo. amadero boyosero jogofolo tokhono 45 bosor hobe. amaro boyoso ekhon koto?,২০,20,২,2,fabricated,bnp_009149,,
pilot_000165,has_context,others,low,"প্রকৃতির চারটি মৌলিক বল হলো মহাকর্ষীয়, তড়িৎচৌম্বকীয়, সবল নিউক্লীয় ও দুর্বল নিউক্লীয় বল।","prokritiro charoti mouliko bolo holo mohakorshiyo, toritochoumbokiyo, sobolo niukliyo o durbolo niukliyo bolo.",চার মৌলিক বলের মধ্যে সবচেয়ে শক্তিশালী কোনটি?,charo mouliko bolero modhye sobocheye shoktishali konti?,সবল নিউক্লীয় বল।,sobolo niukliyo bolo.,মহাকর্ষীয় বল।,mohakorshiyo bolo.,relational,bnp_009225,,
pilot_000166,has_context,law,low,পূর্বেই এই আদালত রাজবাড়ী সদর উপজেলা এবং গোয়ালন্দ উপজেলায় মাঝামাঝিন ছোট ভাকলা নামক স্থানে গোয়ালন্দ মুন্সেফি আদালত নামে এবং মূল রাজবাড়ী বৃহত্তর ফরিদপুর জেলার অংশ হিসাবে সরকারি নথিপত্রে অন্তর্ভুক্ত ছিল।,purbei ei adaloto rajobari sodoro upojela ebong goyalondo upojelayo majhamajhino chhoto bhakola namoko sthane goyalondo munsefi adaloto name ebong mulo rajobari brihottoro foridopuro jelaro ongsho hisabe sorokari nothipotre ontorbhukto silo.,প্রদত্ত প্রসঙ্গ অনুযায়ী রাজবাড়ী জেলা বিচার বিভাগের ইতিহাস সম্পর্কে কী তথ্য দেওয়া হয়েছে?,prodotto prosongo onujayi rajobari jela bicharo bibhagero itihash somporke ki tothjo deoya hoyeche?,পূর্বেই এই আদালত রাজবাড়ী সদর উপজেলা এবং গোয়ালন্দ উপজেলায় মাঝামাঝিন ছোট ভাকলা নামক স্থানে গোয়ালন্দ মুন্সেফি আদালত নামে এবং মূল রাজবাড়ী বৃহত্তর ফরিদপুর জেলার অংশ হিসাবে সরকারি নথিপত্রে অন্তর্ভুক্ত ছিল।,purbei ei adaloto rajobari sodoro upojela ebng goyalondo upojelayo majhamajhino chhoto bhakola namoko sthane goyalondo munsefi adaloto name ebong mulo rajobari brihottoro foridopuro jelaro ongsho hisabe sorokari nothipotre ontorbhukto silo.,পূর্বেই এই আদালত রাজবাড়ী সদর উপজেলা এবং গোয়ালন্দ উপজেলায় মাঝামাঝিন ছোট ভাকলা নামক স্থানে গোয়ালন্দ মুন্সেফি আদালত নামে এবং মূল রাজবাড়ী বৃহত্তর ফরিদপুর জেলার অংশ হিসাবে সরকারি নথিপত্রে অন্তর্ভুক্ত ছিল না।,purbei ei adaloto rajobari sodoro upojela ebong goyalondo upojelayo majhamajhino chhoto bhakola namoko sthane goyalondo munsefi adaloto name ebng mulo rajobari brihottoro foridopuro jelaro ongsho hisabe sorokari nothipotre ontorbhukto chilo na.,relational,bnp_009270,,
pilot_000167,no_context,mathematics,low,,,"মৌনি ব্যাট-বলে ৫০ টাকা, ফুটবলে ৩০ টাকা এবং ২০ টাকা একটি খেলনা গাড়িতে ব্যয় করেন। মৌমি খেলনাগুলিতে কতটা ব্যয় করেছিলেন?","mouni bjato-bole 50 taka, futobole 30 taka ebng 20 taka ekta khelona garite bjoyo koren. moumi khelonagulite kotota bjoyo korechhileno?",100,100,90,90,fabricated,bnp_009305,,
pilot_000168,has_context,reading_comprehension,low,"ক্যারোলিন এস. গর্ডন (জন্ম ১৯৫০) একজন মার্কিন গণিতবিদ যিনি ডার্টমাউথ কলেজ-এর গণিতের বেঞ্জামিন চেনি অধ্যাপক। ডেভিড ওয়েব এবং স্কট এ. ওলপার্টের সাথে তার কাজে ""আপনি কি ড্রামের আকৃতি শুনতে পারেন?"" এই প্রশ্নের নেতিবাচক উত্তর দেওয়ার জন্য তিনি সবচেয়ে বেশি পরিচিত। তিনি একজন শাভেনে পুরস্কার বিজয়ী এবং ২০১০ সালের নোথার লেকচার দাতা।","kjarolino eso. gordono (jonmo 1950) ekojono markino gonitobido jini dartomautho kolejo-er gonitero benjamino cheni odhjapoko. debhido oyebo ebong skoto e. olopartero sathe tar kaje ""aponi ki dramero akriti shunote pareno?"" ei proshnero netibachoko uttar deoyaro jonno tini sobocheye beshi porichito. tini ekojono shabhene puroskaro bijoyi ebong 2010 shaler notharo lekocharo data.",অনুচ্ছেদের ভিত্তিতে “ডেভিড ওয়েব স্কট” বিষয়ে কোন বক্তব্যটি সঠিক?,onuchchhedero bhittite “debhido oyebo skoto” bishoye kon boktobjoti sothik?,ডেভিড ওয়েব এবং স্কট এ.,debhido oyebo ebong skoto e.,আকৃতি ওয়েব এবং স্কট এ.,akriti oyebo ebong skoto e.,relational,bnp_009394,,
pilot_000169,has_context,history,low,"২০১৮ সালের এপ্রিলে তিনি দশজন ক্রিকেটারের একজন ছিলেন, যাকে বাংলাদেশ ক্রিকেট বোর্ড (বিসিবি) ২০১৮ মৌসুমের জন্য কেন্দ্রীয়ভাবে চুক্তিবদ্ধ করে। ২৪শে মে তিনি দ্বিতীয় টি২০ খেলোয়াড় হিসেবে এই সংস্করণে ৩০০ উইকেট ও ৪০০০ রান করার কৃতিত্ব গড়েন। ২০১৮ সালের অক্টোবর তিনি ঢাকা ডায়নামাইটস দলে অন্তর্ভুক্ত হন।","2018 shaler eprile tini doshojono kriketarero ekojono chhileno, jake bangladesh kriketo bordo (bisibi) 2018 mousumero jnno kendriyobhabe chuktiboddho kore. 24she me tini dbitiyo ti20 kheloyaro hisebe ei songskorone 300 uiketo o 4000 rano koraro krititbo goreno. 2018 saler oktoboro tini dhaka dayonamaitoso dole ontorbhukto hono.",২০১৮ সালের অক্টোবরে সাকিব কোন দলে অন্তর্ভুক্ত হন?,2018 shaler oktobore sakibo kon dole ontorbhukto hono?,ঢাকা ডায়নামাইটস,dhaka dayonamaitoso,ঢাকা ডায়নামাইটষ,dhaka dayonamaitosho,relational,bnp_009476,,
pilot_000170,no_context,mathematics,low,,,একটি মৌমাছি ৬ টি পা আছে। ৪০ টি মৌমাছি কত পা আছে?,ekta moumachhi 6 ta pa ache. 40 ta moumachhi koto pa ache?,140,140,135,135,fabricated,bnp_009518,,
pilot_000171,has_context,history,low,"১	চট্টগ্রাম ও পার্বত্য চট্টগ্রাম থেকে ফেনী নদী পর্যন্ত	হরিণা	মেজর জিয়াউর রহমান	১০ এপ্রিল, ১৯৭১ হতে ২৫ জুন, ১৯৭১	রিশিমুখ	ক্যাপ্টেন শামসুল ইসলাম / ক্যাপ্টেন রফিকুল ইসলাম	২৮ জুন, ১৯৭১ হতে ৬ই এপ্ৰিল, ১৯৭২","1	chottogramo o parbotjo chottogramo theke feni nadi porjonto	horina	mejoro jiyauro rohomano	10 eprilo, 1971 hote 25 juno, 1971	rishimukho	kjapteno shamosulo isolamo / kjapteno rofikulo isolamo	28 juno, 1971 hote 6i eprilo, 1972",১ নম্বর সেক্টরের প্রথম কমান্ডার কে ছিলেন?,1 nomboro sektorero prothom komandaro ke chhileno?,মেজর জিয়াউর রহমান,mejoro jiyauro rohomano,মেজর রফিকুল ইসলাম,mejoro rofikulo isolamo,relational,bnp_009576,,
pilot_000172,has_context,history,low,"১০৭৮ সালে সুন্নী মুসলিম সেলজুক তুর্ক দামেস্ক শহরের শাসনাভার গ্রহণ করেন। সেলজুক রাজা তুতুশ (১০৭৯-১০৯৫) ১০৬৯ সালের অগ্নিকান্ডে মসজিদের ধ্বংসপ্রাপ্ত অংশ ঠিক করেন। ভূগোলবিদ মুহাম্মদ আল-ইদ্রিসি ১১৫৪ সালে এই মসজিদের বর্ণনা দিয়ে লেখেন, দামেস্কে এমন একটি মসজিদ আছে যার তুলনা পৃথিবীতে নেই।","1078 sale sunni musolimo selojuko turko damesko shohorero shasonabharo grohono korn. selojuko raja tutusho (1079-1095) 1069 shaler ognikande mosojidero dhbongsoprapto ongsho thiko koren. bhugolobido muhammodo alo-idrisi 1154 sale ei mosojidero bornona diye lekheno, dameske emono ekti mosojido asche jaro tulona prithibite nei.",কত সালে সেলজুক তুর্করা দামেস্কের শাসনভার গ্রহণ করেন?,koto sale selojuko turkora dameskero shasonobharo grohono korn?,১০৭৮ সালে,1078 shale,১০৮৭ সালে,1087 shale,numeric,bnp_009711,,
pilot_000173,has_context,others,low,সর্বভারতীয় তৃণমূল কংগ্রেস ১৯৯৮ সালের ১ জানুয়ারি প্রতিষ্ঠিত হয়। দলটির প্রতিষ্ঠাতা ও প্রধান নেত্রী মমতা বন্দ্যোপাধ্যায়।,sorbobharotiyo trinomulo konggreso 1998 saler 1 januyari protishthito hoy. dolotiro protishthata o prodhano netri momota bondjopadhjayo.,তৃণমূল কংগ্রেস প্রতিষ্ঠিত হয় কোন তারিখে?,trinomulo konggreso protishthito hoy kon tarikhe?,১ জানুয়ারি ১৯৯৮।,1 januyari 1998.,১ জানুয়ারি ১৯৯৯।,1 januyari 1999.,numeric,bnp_009724,,
pilot_000174,has_context,history,low,"উল্লেখযোগ্য প্রাক্তন ছাত্র: অ্যাডমিরাল জাফর মাহমুদ আব্বাসি – পাকিস্তান নৌবাহিনীর দায়িত্বে থাকা চিফ। মুহাম্মদ জাকাউল্লাহ – প্রাক্তন চিফ অফ নেভাল স্টাফ, পাকিস্তান নেভি। খালিদ শামীম ওয়াইন – জয়েন্ট চিফস অফ স্টাফ কমিটির চেয়ারম্যান। আব্বাস খাত্তাক – বিমান বাহিনী প্রধান, পাকিস্তান বিমান বাহিনী।","ullekhojogjo praktono chhatro: ojadomiralo jaforo mahomudo abbasi – pakistano noubahiniro dayitbe thaka chifo. muhammodo jakaullaho – praktono chifo ofo nebhalo stafo, pakistano nebhi. khalido shamimo oyaino – joyento chifoso ofo stafo komitiro cheyaromjano. abbaso khattako – bimano bahini prodhano, pakistano bimano bahini.","ক্যাডেট কলেজ হাসান আবদালের একজন উল্লেখযোগ্য প্রাক্তন ছাত্র যিনি পাকিস্তান নৌবাহিনীর চিফ ছিলেন, তার নাম কী?","kjadeto kolejo hasano abodalero ekojono ullekhojogjo praktono chhatro jini pakistano noubahiniro chifo chhileno, tar naam kii?",অ্যাডমিরাল জাফর মাহমুদ আব্বাসি,ojadomiralo jaforo mahomudo abbasi,অ্যাডমিরাল জাফর মাহমুদ আব্বাসী,ojadomiralo jaforo mahomudo abbasi,relational,bnp_009729,,
pilot_000175,has_context,history,low,"১৬৮০ সালে পরবর্তী সুবাদার শায়েস্তা খাঁ পুনরায় এটির নির্মাণ কাজ শুরু করেন, কিন্তু সমাপ্ত করেননি। কারণ সেই সময় তাঁর কন্যা পরী বিবি ইন্তেকাল করেন (১৬৮৪ সালে)। ১৮৪৪ সালে এলাকাটি 'আওরঙ্গবাদ' নাম বদলে 'লালবাগ' নাম পায় এবং দুর্গটি পরিণত হয় লালবাগ দুর্গে।","1680 shale poroborti subadaro shayesta kha punorayo etiro nirmano kajo shuru korn, kintu somapto korenoni. karono sei somoyo taro konja pori bibi intekalo korn (1684 sale). 1844 sale elakati 'aoronggobado' naam bodole 'lalobago' naam payo ebong durgoti porinoto hoy lalobago durge.",এলাকাটির নাম 'আওরঙ্গবাদ' থেকে 'লালবাগ' কবে হয়?,elakatiro nam 'aoronggobado' theke 'lalobago' kobe hoi?,১৮৪৪ সালে,1844 shale,১৮৪৮ সালে,1848 shale,numeric,bnp_009735,,
pilot_000176,has_context,reading_comprehension,low,২০০১ সালের শেষে তালেবানদের পতনের পর দেশটির প্রধান প্রধান জাতিগত সম্প্রদায়গুলি সরকারী ক্ষমতা অংশীদারী করার সিদ্ধান্ত নেয়। ২০০৪ সালের আফগান সংবিধানে আফগানিস্তানের বৈচিত্র্যময় জাতিগুলির অধিকার সংরক্ষণের কথা বলা হয়েছে। উদাহরণস্বরূপ এতে সংখ্যালঘুদের যথেষ্ট ভাষাগত স্বাধীনতা দেয়া হয়েছে। স্থানীয় ভাষা যেমন উজবেক ও তুর্কমেন ভাষাকে তাদের ভাষাভাষী স্থানীয় এলাকায় সরকারী ভাষার মর্যাদা দেয়া হয়েছে। দেশটির সবচেয়ে বেশি কথিত ভাষা পশতু ও দারি ভাষাকে রাষ্ট্রীয় সরকারী ভাষার মর্যদা দেয়া হয়েছে।,2001 saler sheshe talebanodero potonero poro deshotiro prodhano prodhano jatigoto somprodayoguli sorokari kshomota ongshidari koraro siddhanto neyo. 2004 shaler afogano songbidhane afoganistanero boichitrjomoyo jatiguliro odhikaro songrokshonero kotha bola hoise. udahoronosborupo ete songkhjaloghudero jotheshto bhashagoto shadhinota deya hoise. sthaniyo bhasha jemono ujobeko o turkomeno bhashake tader bhashabhashi sthaniyo elakayo sorokari bhasharo morjada deya hoise. deshotiro sobocheye beshi kothito bhasha poshotu o dari bhashake rashtriyo sorokari bhasharo morjoda deya hoise.,আফগানিস্তানের সরকারি ভাষা কী ?,afoganistanero sorokari bhasha kii ?,পশতু ও দারি,poshotu o dari,কথিত ও দারি,kothito o dari,relational,bnp_009762,,
pilot_000177,has_context,others,low,রাজীব গান্ধী ১৯৪৪ সালের ২০ আগস্ট জন্মগ্রহণ করেন এবং ১৯৯১ সালের ২১ মে নিহত হন।,rajibo gandhi 1944 saler 20 agosto jonmogrohono koren ebng 1991 shaler 21 me nihoto hono.,রাজীব রত্ন গান্ধীর জন্মদিন কবে ?,rajibo rotno gandhiro jonmodino kobe ?,২০ আগস্ট ১৯৪৪।,20 agosto 1944.,২১ আগস্ট ১৯৪৪।,21 agosto 1944.,numeric,bnp_009767,,
pilot_000178,has_context,law,low,"এই আইনের অধীনে নির্বাচন সম্পর্কিত বিরোধ নিষ্পত্তির ক্ষেত্রে নির্বাচন কমিশন, সরকারি গেজেটে প্রজ্ঞাপনের দ্বারা, একজন উপযুক্ত পদমর্যাদার বিচার বিভাগীয় কর্মকর্তার সমন্বয়ে প্রয়োজনীয় সংখ্যক নির্বাচনী ট্রাইব্যুনাল এবং একজন উপযুক্ত পদমর্যাদার বিচার বিভাগীয় কর্মকর্তা ও একজন উপযুক্ত পদমর্যাদার নির্বাহী বিভাগের কর্মকর্তার সমন্বয়ে প্রয়োজনীয় সংখ্যক নির্বাচনী আপিল ট্রাইব্যুনাল গঠন করিবে।","ei ainero odhine nirbachono somporkito birodho nishpottiro kshetre nirbachono komishono, sorokari gejete projnaponero dbara, ekojono upojukto podomorjadaro bicharo bibhagiyo kormokortaro somonboye proyojoniyo songkhjoko nirbachoni traibjunalo ebng ekojono upojukto podomorjadaro bicharo bibhagiyo kormokorta o ekojono upojukto podomorjadaro nirbahi bibhagero kormokortaro somonboye proyojoniyo songkhjoko nirbachoni apilo traibjunalo gothono koribe.","প্রদত্ত প্রসঙ্গ অনুযায়ী স্থানীয় সরকার (ইউনিয়ন পরিষদ) আইন, ২০০৯-এর ধারা ২৩ সম্পর্কে কী বলা হয়েছে?","prodotto prosngo onujayi sthaniyo shorkar (iuniyono porishodo) ain, 2009-er dhara 23 somporke kii bola hoyeche?","এই আইনের অধীনে নির্বাচন সম্পর্কিত বিরোধ নিষ্পত্তির ক্ষেত্রে নির্বাচন কমিশন, সরকারি গেজেটে প্রজ্ঞাপনের দ্বারা, একজন উপযুক্ত পদমর্যাদার বিচার বিভাগীয় কর্মকর্তার সমন্বয়ে প্রয়োজনীয় সংখ্যক নির্বাচনী ট্রাইব্যুনাল এবং একজন উপযুক্ত পদমর্যাদার বিচার বিভাগীয় কর্মকর্তা ও একজন উপযুক্ত পদমর্যাদার নির্বাহী বিভাগের কর্মকর্তার সমন্বয়ে প্রয়োজনীয় সংখ্যক নির্বাচনী আপিল ট্রাইব্যুনাল গঠন করিবে।","ei ainero odhine nirbachono somporkito birodho nishpottiro kshetre nirbachono komishono, sorokari gejete projnaponero dbara, ekojono upojukto podomorjadaro bicharo bibhagiyo kormokortaro somonboye proyojoniyo songkhjoko nirbachoni traibjunalo ebong ekojono upojukto podomorjadaro bicharo bibhagiyo kormokorta o ekojono upojukto podomorjadaro nirbahi bibhagero kormokortaro somonboye proyojoniyo songkhjoko nirbachoni apilo traibjunalo gothono koribe.","এই আইনের অধীনে নির্বাচন সম্পর্কিত বিরোধ নিষ্পত্তির ক্ষেত্রে ইউনিয়ন পরিষদ, সরকারি গেজেটে প্রজ্ঞাপনের দ্বারা, একজন উপযুক্ত পদমর্যাদার বিচার বিভাগীয় কর্মকর্তার সমন্বয়ে প্রয়োজনীয় সংখ্যক নির্বাচনী ট্রাইব্যুনাল এবং একজন উপযুক্ত পদমর্যাদার বিচার বিভাগীয় কর্মকর্তা ও একজন উপযুক্ত পদমর্যাদার নির্বাহী বিভাগের কর্মকর্তার সমন্বয়ে প্রয়োজনীয় সংখ্যক নির্বাচনী আপিল ট্রাইব্যুনাল গঠন করিবে।","ei ainero odhine nirbachono somporkito birodho nishpottiro kshetre iuniyono porishodo, sorokari gejete projnaponero dbara, ekojono upojukto podomorjadaro bicharo bibhagiyo kormokortaro somonboye proyojoniyo songkhjoko nirbachoni traibjunalo ebng ekojono upojukto podomorjadaro bicharo bibhagiyo kormokorta o ekojono upojukto podomorjadaro nirbahi bibhagero kormokortaro somonboye proyojoniyo songkhjoko nirbachoni apilo traibjunalo gothono koribe.",relational,bnp_009983,,
pilot_000179,has_context,reading_comprehension,low,ঢাকা বিশ্ববিদ্যালয় বাংলাদেশের সবচেয়ে পুরানো বিশ্ববিদ্যালয়। এই বিশ্ববিদ্যালয় ১৯২১ সালে প্রতিষ্ঠিত হয়। বাংলাদেশের মোট উচ্চ শিক্ষিত জনগোষ্ঠির প্রায় ৭০%-ই এই বিশ্ববিদ্যালয়ের ছাত্র-ছাত্রী। প্রতিষ্ঠার পর থেকে এ যাবৎ ২৬ জন বিশিষ্ট শিক্ষাবিদ ঢাকা বিশ্ববিদ্যালয়ের উপাচার্যের দায়িত্ব পালন করেছেন। এই বিশ্ববিদ্যালয়ের বর্তমান উপাচার্য মো. আখতারুজ্জামান।,dhaka bishbobidjaloyo bangladesher sobocheye purano bishbobidjaloyo. ei bishbobidjaloyo 1921 shale protishthito hoi. bangladesher mot uchcho shikshito jonogoshthiro prayo 70%-i ei bishbobidjaloyero chhatro-chhatri. protishtharo poro theke e jaboto 26 jon bishishto shikshabido dhaka bishbobidjaloyero upacharjero dayitbo palono korechheno. ei bishbobidjaloyero bortomano upacharjo mo. akhotarujjamano.,ঢাকা বিশ্ববিদ্যালয়ের বর্তমান (২০১৯) উপাচার্যের নাম কী ?,dhaka bishbobidjaloyero bortomano (2019) upacharjero naam ki ?,মো. আখতারুজ্জামান,mo. akhotarujjamano,মো. বিশ্ববিদ্যালয়,mo. bishbobidjaloyo,relational,bnp_010006,,
pilot_000180,has_context,history,low,১৮৯০-এর দশকে ওয়েস্ট ইন্ডিজ ক্রিকেট দলের প্রতিষ্ঠা হয়েছিল বলে ধারণা করা হয়। তখন তারা সফরকারী ইংল্যান্ড ক্রিকেট দলের বিপক্ষে প্রথম মাঠে খেলতে নামে। ১৯২৬ সালে ক্রিকেটের আন্তর্জাতিক নিয়ন্ত্রক সংস্থা ইম্পেরিয়াল ক্রিকেট কনফারেন্সে ওয়েস্ট ইন্ডিজ ক্রিকেট বোর্ড বা ডব্লিউআইসিবি যোগদান করে।[4] এরপরই তারা আনুষ্ঠানিকভাবে প্রথম আন্তর্জাতিক খেলায় অংশগ্রহণ করে। ১৯২৮ সালে ওয়েস্ট ইন্ডিজ ক্রিকেট দল ৪র্থ টেস্টখেলুড়ে দলের মর্যাদা লাভ করে।[5],1890-er doshoke oyesto indijo kriketo dolero protishtha hoyechhilo bole dharona kora hoi. tokhono tara soforokari ingljando kriketo dolero bipokshe prothom mathe khelote name. 1926 shale kriketero antorjatiko niyontroko songstha imperiyalo kriketo konofarense oyesto indijo kriketo bordo ba dobliuaisibi jogodano kore.[4] eroporoi tara anushthanikobhabe prthom antorjatiko khelayo ongshogrohono kore. 1928 shale oyesto indijo kriketo dolo 4rtho testokhelure dolero morjada labho kore.[5],ওয়েস্ট ইন্ডিজের জাতীয় ক্রিকেট দল কবে প্রতিষ্ঠিত হয় ?,oyesto indijero jatio kriketo dolo kobe protishthito hoi ?,১৮৯০-এর দশকে প্রতিষ্ঠিত হয়েছিল বলে ধারণা করা হয়।,1890-er doshoke protishthito hoyechhilo bole dharona kora hoy.,১৯২৬ সালে আনুষ্ঠানিকভাবে প্রতিষ্ঠিত হয়।,1926 sale anushthanikobhabe protishthito hoi.,numeric,bnp_010048,,
pilot_000181,has_context,law,low,"১৭২৬ সালের সনদে কলকাতা, বোম্বে ও মাদ্রাজে মেয়রস কোর্ট প্রতিষ্ঠিত হয়।","1726 saler sonode kolokata, bombe o madraje meyoroso korto protishthito hoi.",প্রদত্ত প্রসঙ্গ অনুযায়ী বাংলাদেশের বিচারব্যবস্থার ঐতিহাসিক বিকাশ সম্পর্কে কী বলা হয়েছে?,prodotto prosongo onujayi bangladesher bicharobjobostharo oitihasiko bikasho somporke ki bola hoise?,"১৭২৬ সালের সনদে কলকাতা, বোম্বে ও মাদ্রাজে মেয়রস কোর্ট প্রতিষ্ঠিত হয়।","1726 saler sonode kolokata, bombe o madraje meyoroso korto protishthito hoy.","১৭২৭ সালের সনদে কলকাতা, বোম্বে ও মাদ্রাজে মেয়রস কোর্ট প্রতিষ্ঠিত হয়।","1727 saler sonode kolokata, bombe o madraje meyoroso korto protishthito hoi.",numeric,bnp_010163,,
pilot_000182,no_context,mathematics,low,,,"$\overline{abc}$ ও $\overline{cba}$ দুটি 3 অঙ্কের সংখ্যা যাদের যোগফল 9 দ্বারা বিভাজ্য। (এখানে $a \neq c$) $\overline{c1b2a}$ সংখ্যাটি 9 দ্বারা ভাগ করলে ভাগশেষ কত হবে? (1, b, 2, a, c প্রতিটি সংখ্যা একটি করে অঙ্ক।)","$\overline{abc}$ o $\overline{cba}$ duti 3 ongkero songkha jadero jogofolo 9 dbara bibhajjo. (ekhane $a \neq c$) $\overline{c1b2a}$ songkhjati 9 dbara bhago korole bhagoshesho koto hbe? (1, b, 2, a, c protita songkhya ekta kore ongko.)",3,3,10,10,fabricated,bnp_010213,,
pilot_000183,no_context,idiom_meaning,low,,,"""খণ্ডকপালে"" এর ভাবার্থ কী?","""khondokopale"" er bhabartho kii?",দুর্ভাগা,durbhaga,অঙ্গপ্রত্যঙ্গ সঞ্চালনে সাময়িক নিয়ন্ত্রণ হারানো,onggoprotjonggo sonchalone samoyiko niyontrono harano,fabricated,bnp_010319,,
pilot_000184,no_context,literature,low,,,ব্রাহ্মসমাজের প্রতিষ্ঠাতা কে?,brahmosomajero protishthata ke?,রাজা রামমোহন রায়,raja ramomohono rayo,অক্ষয়কুমার দত্ত,okshoyokumaro dotto,fabricated,bnp_010382,,
pilot_000185,has_context,history,low,১৫৬৪ খ্রিস্টাব্দে তাজ খান কররানী বাংলার দুর্বল সুলতান গিয়াসউদ্দীনকে পরাজিত করে সিংহাসন দখল করেন। তাজ খান দিল্লীর সূরী বংশীয় সম্রাট ইসলাম শাহের একজন বিশ্বস্ত অনুচর ছিলেন। কিন্তু তার পরে অাদিল শাহ অনৈতিকভাবে সিংহাসন দখল করলে তাজ খান বাংলায় পলায়ন করেন এবং এখান থেকেই তিনি আদিল শাহের সাথে যুদ্ধে লিপ্ত হন। এখানে তিনি বাহাদুর শাহের অধীনে চাকরী গ্রহণ করেন এবং তার নেতৃত্বে অাদিল শাহের বিরুদ্ধে যুদ্ধে লিপ্ত থাকেন।[31] তাজ খান বাংলার মাটিতে তার ক্ষমতার বীজ শক্তভাবে প্রোথিত করেন। পরবর্তীতে সুলতান গিয়াসউদ্দীনকে পরাজিত করে তিনি বাংলার সিংহাসন দখল করেন।,1564 khristabde tajo khano kororani banglaro durbolo sulotano giyasouddinoke porajito kore singhasono dokholo koren. tajo khano dilliro suri bongshiyo somrato isolamo shahero ekojono bishbosto onuchoro chhileno. kintu tar pore odilo shaho onoitikobhabe singhasono dokholo korole tajo khano banglayo polayono koren ebng ekhano thekei tini adilo shahero sathe juddhe lipto hono. ekhane tini bahaduro shahero odhine chakori grohono koren ebong tar netritbe odilo shahero biruddhe juddhe lipto thakeno.[31] tajo khano banglaro matite tar kshomotaro bijo shoktobhabe prothito koren. porobortite sulotano giyasouddinoke porajito kore tini banglaro singhasono dokholo korn.,কররানী রাজবংশের প্রথম রাজা কে ?,kororani rajobongshero prthom raja ke ?,তাজ খান কররানী,tajo khano kororani,সুলাইমান কররানী,sulaimano kororani,relational,bnp_010474,,
pilot_000186,has_context,history,low,১৯৪৮ সালের ২৩ ফেব্রুয়ারি পাকিস্তান গণপরিষদে তিনি প্রথমবারের মতো অধিবেশনের কার্যবিবরণী ইংরেজি ও উর্দুর পাশাপাশি বাংলায় রাখার দাবি উত্থাপন করেন।,1948 shaler 23 februyari pakistano gonoporishode tini prothomobarero moto odhibeshonero karjobiboroni ingreji o urduro pashapashi banglayo rakharo dabi utthapono korn.,ধীরেন্দ্রনাথ দত্ত কবে পাকিস্তান গণপরিষদে বাংলা ভাষায় কার্যবিবরণী রাখার দাবি উত্থাপন করেন?,dhirendronatho dotto kobe pakistano gonoporishode bangla bhashayo karjobiboroni rakharo dabi utthapono korn?,১৯৪৮ সালের ২৩ ফেব্রুয়ারি,1948 saler 23 februyari,১৯৫২ সালের ২১ ফেব্রুয়ারি,1952 saler 21 februyari,numeric,bnp_010475,,
pilot_000187,has_context,history,low,"নতুন বিভাজন: ধর্মভিত্তিক বিভাজনের পরিবর্তে এবার ভাষাগত ভিত্তিতে অঞ্চল পুনর্বিন্যাস করা হয়। বাংলাভাষী অঞ্চলগুলোকে একত্র করে বাংলা প্রদেশ গঠন করা হলেও, বাংলা থেকে বিহার ও উড়িষ্যাকে আলাদা করে দেওয়া হয়। আসামকে পুনরায় একটি পৃথক প্রদেশে রূপ দেওয়া হয়।","notuno bibhajono: dhormobhittiko bibhajonero poriborte ebaro bhashagoto bhittite oncholo punorbinjaso kora hoi. banglabhashi onchologuloke ekotro kore bangla prodesho gothono kora holeo, bangla theke biharo o urishjake alada kore deoya hoi. asamoke punorayo ekti prithoko prodeshe rupo deoya hoy.",বঙ্গভঙ্গ রদের সময় নতুনভাবে অঞ্চল পুনর্বিন্যাস কোন ভিত্তিতে করা হয়?,bonggobhonggo rodero somoyo notunobhabe oncholo punorbinjaso kon bhittite kora hoi?,ভাষাগত ভিত্তিতে,bhashagoto bhittite,ধর্মভিত্তিক ভাবে,dhormobhittiko bhabe,relational,bnp_010498,,
pilot_000188,no_context,mathematics,low,,,"হারিছ বছরে ৳৩০,০০০ আয় করে এবং মাত্র ১০% বৃদ্ধি পেয়েছে। গাজি, হারিছের সমান পরিমাণ করে কিন্তু ১৫% বৃদ্ধি পেয়েছে। হারিছের তুলনায় গাজি আর কত টাকা বেশি আয় করবে?","harichho bochhore tk30,000 ayo kore ebng matro 10% briddhi peyechhe. gaji, harichhero somano porimano kore kintu 15% briddhi peyechhe. harichhero tulonayo gaji aro koto taka beshi ayo korobe?",১৫০০,1500,১২৫৬,1256,fabricated,bnp_010569,,
pilot_000189,no_context,idiom_meaning,low,,,"""মাথা ঠান্ডা করা"" এর ভাবার্থ কী?","""matha thanda kora"" er bhabartho kii?",উত্তেজনা দূর করে শান্ত হওয়া,uttejona duro kore shanto hooya,অরাজক দেশ,orajoko desho,fabricated,bnp_010771,,
pilot_000190,has_context,law,low,এই আইনের অধীন ইউনিয়ন পরিষদের প্রতিটি ওয়ার্ডে একটি ওয়ার্ড সভা গঠন করিতে হইবে।,ei ainero odhino iuniyono porishodero protita oyarde ekta oyardo sobha gothono korite hoibe.,"প্রদত্ত প্রসঙ্গ অনুযায়ী স্থানীয় সরকার (ইউনিয়ন পরিষদ) আইন, ২০০৯-এর ধারা ৪ সম্পর্কে কী বলা হয়েছে?","prodotto prosngo anujayi sthaniyo sorkar (iuniyono porishodo) ain, 2009-er dhara 4 somporke kii bola hoyeche?",এই আইনের অধীন ইউনিয়ন পরিষদের প্রতিটি ওয়ার্ডে একটি ওয়ার্ড সভা গঠন করিতে হইবে।,ei ainero odhino iuniyono porishodero protita oyarde ekti oyardo sobha gothono korite hoibe.,এই আইনের অধীন উপজেলা পরিষদের প্রতিটি ওয়ার্ডে একটি ওয়ার্ড সভা গঠন করিতে হইবে।,ei ainero odhino upojela porishodero protiti oyarde ekti oyardo sobha gothono korite hoibe.,relational,bnp_010776,,
pilot_000191,has_context,others,low,কবি জীবনানন্দ দাশের পিতা ছিলেন সত্যানন্দ দাশ এবং মাতা ছিলেন কবি কুসুমকুমারী দাশ।,kobi jibonanondo dashero pita chhileno sotjanondo dasho ebong mata chhileno kobi kusumokumari dasho.,জীবনানন্দ দাশের বাবার নাম কী ?,jibonanondo dashero babaro naam ki ?,সত্যানন্দ দাশ।,sotjanondo dasho.,সত্যানন্দ দাশগুপ্ত।,sotjanondo dashogupto.,relational,bnp_010867,,
pilot_000192,has_context,others,low,"Values বা মূল্যবোধ হলো ব্যক্তি ও সমাজের গ্রহণযোগ্য নীতি, বিশ্বাস ও মানদণ্ড, যা মানুষের আচরণ ও সিদ্ধান্তকে দিকনির্দেশ করে। এটি কেবল প্রাতিষ্ঠানিক কাজের মধ্যে সীমাবদ্ধ নয়।","values ba muljobodho holo bjokti o somajero grohonojogjo niti, bishbaso o manodondo, ja manushero achorono o siddhantoke dikonirdesho kore. eti kebolo pratishthaniko kajero moddhe simaboddho noyo.",মূল্যবোধ কি কেবল প্রাতিষ্ঠানিক কাজ নির্দেশ করে?,muljobodho ki kebolo pratishthaniko kajo nirdesho kore?,"না, এটি ব্যক্তিগত ও সামাজিক আচরণও নির্দেশ করে।","naa, eti bjoktigoto o samajiko achoronoo nirdesho kore.","হ্যাঁ, এটি শুধু প্রাতিষ্ঠানিক কাজ নির্দেশ করে।","hyan, eti shudhu pratishthaniko kajo nirdesho kore.",relational,bnp_010869,,
pilot_000193,has_context,reading_comprehension,low,"রেগি টোরিয়ান (জন্ম ২২ এপ্রিল ১৯৭৫) একজন মার্কিন হার্ডলার।
তিনি ১৯৯৮ বিশ্বকাপে অষ্টম স্থান অধিকার করেন এবং ১৯৯৯ সালের বিশ্ব ইন্ডোর চ্যাম্পিয়নশিপে ৬০ মিটার হার্ডলে রৌপ্য পদক জিতেছিলেন।
১১০ মিটার হার্ডলসে তার ব্যক্তিগত সেরা সময় হল ১৩.০৩ সেকেন্ড, জুন ১৯৯৮ সালে নিউ অরলিন্সে অর্জিত।","regi toriyano (jonmo 22 eprilo 1975) ekojono markino hardolaro.
tini 1998 bishbokape oshtomo sthano odhikaro korn ebong 1999 shaler bishbo indoro chjampiyonoshipe 60 mitaro hardole roupjo podoko jitechhileno.
110 mitaro hardolose tar bjoktigoto sera somoyo holo 13.03 sekendo, juno 1998 sale niu orolinse orjito.",রেগি টোরিয়ান কবে জন্মগ্রহণ করেন?,regi toriyano kobe jonmogrohono koren?,রেগি টোরিয়ান (জন্ম ২২ এপ্রিল ১৯৭৫) একজন মার্কিন হার্ডলার।,regi toriyano (jonmo 22 eprilo 1975) ekojono markino hardolaro.,২২ এপ্রিল ১৯৯৮,22 eprilo 1998,numeric,bnp_010897,,
pilot_000194,has_context,reading_comprehension,low,"নভেরার জন্ম বাংলাদেশের সুন্দরবনে মার্চ ২৯, ১৯৩৯ খ্রিস্টাব্দে ।[5] চাচা নাম রাখেন নভেরা। ফার্সি শব্দ ‘নভেরা’র অর্থ নবাগত, নতুন জন্ম। কর্মসূত্রে তার বাবা সৈয়দ আহমেদ কর্মরত ছিলেন সুন্দরবন অঞ্চলে। তবে পৈতৃক নিবাস চট্টগ্রামের আসকারদিঘির উত্তর পাড়। পরবর্তীতে তার বাবা চাকরিসূত্রে কিছুকাল কলকাতায় অবস্থার করায় নভেরার শৈশব কেটেছে কলকাতা শহরে। বিদ্যালয়ে অধ্যয়নকালেই তিনি নাচ, গান শেখার পাশাপাশি মাটি দিয়ে মূর্তি তৈরী (মডেলিং) করতেন।[1] তিনি কলকাতার লরেটা স্কুল থেকে প্রবেশিকা (ম্যাট্রিক) পাস করেন।[4][6][7]","nobheraro jonmo bangladesher sundorobone marcho 29, 1939 khristabde .[5] chacha naam rakheno nobhera. farsi shobdo ‘nobhera’ro ortho nobagoto, notuno jonmo. kormosutre tar baba soiyodo ahomedo kormoroto chhileno sundorobono onchole. tbe poitriko nibaso chottogramero asokarodighiro uttar paro. porobortite tar baba chakorisutre kichhukalo kolokatayo obostharo korayo nobheraro shoishobo ketechhe kolokata shohore. bidjaloye odhjoyonokalei tini nacho, gano shekharo pashapashi mati diye murti toiri (modeling) koroteno.[1] tini kolokataro loreta skulo theke probeshika (mjatriko) paso koren.[4][6][7]",বাংলাদেশী ভাস্কর নভেরা আহমেদের বাবার নাম কী ?,bangladeshi bhaskoro nobhera ahomedero babaro naam kii ?,সৈয়দ আহমেদ,soiyodo ahomedo,উত্তর আহমেদ,uttar ahomedo,relational,bnp_010953,,
pilot_000195,has_context,reading_comprehension,low,"আডলফ হিটলার ( [ˈadɔlf ˈhɪtlɐ] জার্মান ভাষায়: Adolf Hitler আডল্‌ফ্‌ হিট্‌লা) (২০শে এপ্রিল, ১৮৮৯ - ৩০শে এপ্রিল, ১৯৪৫) অস্ট্রীয় বংশোদ্ভূত জার্মান রাজনীতিবিদ যিনি ন্যাশনাল সোশ্যালিস্ট জার্মান ওয়ার্কার্স পার্টির নেতৃত্ব দিয়েছিলেন। হিটলার ১৯৩৩ থেকে ১৯৪৫ সাল পর্যন্ত জার্মানির চ্যান্সেলর এবং ১৯৩৪ থেকে ১৯৪৫ সাল পর্যন্ত সে দেশের ফিউরার ছিলেন।","adolofo hitolaro ( [ˈadɔlf ˈhɪtlɐ] jarmano bhashayo: adolf hitler adol‌f‌ hit‌la) (20she eprilo, 1889 - 30she eprilo, 1945) ostriyo bongshodbhuto jarmano rajonitibido jini njashonalo soshjalisto jarmano oyarkarso partiro netritbo diyechhileno. hitolaro 1933 theke 1945 sal porjonto jarmaniro chjanseloro ebong 1934 theke 1945 sal porjonto se deshero fiuraro chhileno.",অনুচ্ছেদের ভিত্তিতে “হিটলার ১৯৩৩ ১৯৪৫ পর্যন্ত জার্মানির” বিষয়ে কোন বক্তব্যটি সঠিক?,onuchchhedero bhittite “hitolaro 1933 1945 porjonto jarmaniro” bishoye kon boktobjoti sothik?,হিটলার ১৯৩৩ থেকে ১৯৪৫ সাল পর্যন্ত জার্মানির চ্যান্সেলর এবং ১৯৩৪ থেকে ১৯৪৫ সাল পর্যন্ত সে দেশের ফিউরার ছিলেন।,hitolaro 1933 theke 1945 sal porjonto jarmaniro chjanseloro ebng 1934 theke 1945 shal porjonto she deshero fiuraro chhileno.,হিটলার ১৯৩৪ থেকে ১৯৪৫ সাল পর্যন্ত জার্মানির চ্যান্সেলর এবং ১৯৩৪ থেকে ১৯৪৫ সাল পর্যন্ত সে দেশের ফিউরার ছিলেন।,hitolaro 1934 theke 1945 sal porjonto jarmaniro chjanseloro ebng 1934 theke 1945 sal porjonto se deshero fiuraro chhileno.,numeric,bnp_011093,,
pilot_000196,no_context,science,low,,,গবলিন হাঙরের প্রথম নমুনার সংগ্রাহক কে ছিলেন?,gobolino hangorero prthom nomunaro songgrahoko ke chhileno?,জাহাজ মালিক ও প্রকৃতিবিদ আলান ওয়েস্টেন,jahajo maliko o prokritibido alano oyesteno,ড. মেঘনাদ সাহা,do. meghonado saha,fabricated,bnp_011161,,
pilot_000197,no_context,history,low,,,‘অভি’ ও ‘ইষ্ট’ শব্দ দুটির সন্ধিতে কোন শব্দ গঠিত হয়?,‘obhi’ o ‘ishto’ shobdo dutiro sondhite kon shobdo gothito hoy?,অভীষ্ট,obhishto,অভিইষ্ট,obhiishto,fabricated,bnp_011166,,
pilot_000198,no_context,bcs,low,,,অ্যাটর্নি জেনারেল রাষ্ট্রের কোন অংশের কর্মকর্তা?,ojatorni jenarelo rashtrero kon ongshero kormokorta?,নির্বাহী বিভাগ,nirbahi bivag,বিচার বিভাগ,bicharo bivag,fabricated,bnp_011190,,
pilot_000199,no_context,bcs,low,,,রঞ্জন চরিত্রটি রবীন্দ্রনাথ ঠাকুরের কোন নাটকের?,ronjono choritroti robindronatho thakurero kon natokero?,রক্তকরবী,roktokorobi,মুক্তধারা,muktodhara,fabricated,bnp_011192,,
pilot_000200,has_context,reading_comprehension,low,"ছাত্র ও শিক্ষকই একটি শিক্ষা প্রতিষ্ঠানের প্রধান অঙ্গ। রেবতী রমণ দত্ত মনে করতেন উপযুক্ত শিক্ষক ছাড়া উপযুক্ত ছাত্র তৈরি করা যায় না । শিক্ষকের পান্ডিত্য ও গুণাবলী তাঁর শিক্ষাদানের মাধ্যমে ছাত্রদের মধ্যে সঞ্চারিত হয়ে থাকে । শিক্ষক নিয়োগের ক্ষেত্রে রেবতী রমণ এই বিষয়টির উপর অধিক গুরুত্ব আরোপ করতেন। কলেজের প্রথম অধ্যক্ষের পদে যিনি নিযুক্ত হয়েছিলেন তিনি প্রকৃতপক্ষে কাজে যোগদান করেননি । উপাধ্যক্ষের পদে নিযুক্ত হয়েছিলেন  মাখন লাল নাগ । অধ্যক্ষ মহোদয়ের কাজে যোগদানের অপারগতায় তিনিই অধ্যক্ষের পদে অধিষ্ঠিত হন। তাঁর সহকর্মীদের মধ্যে ছিলেন বাংলা সাহিত্যের অধ্যাপক গিরিজা শস্কর ধর এম.এ. (স্বর্ণ পদক প্রাপ্ত ছিলেন স্কলার),ইতিহাসের অধ্যাপক প্রমোদ কুমার মুখোপাধ্যায় ,এম,এ,(প্রথম শ্্েরণী ) ,দর্শনের অধ্যাপক শ্যামাপদ চট্টোপাধ্যায় ,এম,এ,(প্রথম শ্রেণী) ,অধ্যাপক সুশীল কুমার মুখোপাধ্যায় এম,এ (স্বর্ণ পদক প্রাপ্ত) ,ইংরেজির অধ্যাপক প্রকৃতিরঞ্চন বড়–য়া, আরবী ও ফার্সি বিভাগের অধ্যাপক মীর মোহাম্মদ ইব্রাহিম ,রাষ্ট্রবিজ্ঞানের অধ্যাপক হরিনারায়ণ চক্রবর্তী। কলিকাতা বিশ্ববিদ্যালয়ের কৃতি ছাত্র অধ্যক্ষ মাখন লাল নাগ অঙ্কশাস্ত্রে প্রথম শ্রেণীতে দ্বিতীয় স্থানের অধিকারী ছিলেন । গৌরবর্ণ ,সুদর্শন ,বুদ্ধিদীপ্ত যুবক মাখনলাল সহজেই রেবতী রমণের দৃষ্টি আকর্ষণ করলেন । এ রকম একজন আদর্শবান কর্মতৎপর ব্যক্তিকেই যেন রেবতী রমণ কলেজের অধ্যক্ষের পদে নিযুক্তির জন্য খুঁজছিলেন। অধ্যক্ষের পদে নিযুক্তি থেকে কলেজ থেকে অবসর গ্রহণ করার (১৯৬৪) পূর্ব পর্যন্ত অধ্যক্ষ মাখনলাল নাগ কলেজের উন্নতির জন্য যেরূপ নিষ্ঠা ও পরিশ্রম প্রদর্শন করেছেন তা একরূপ অতুলনীয়। কলেজে দীর্ঘ কর্মজীবনে তিনি সকল প্রকার কর্মকান্ডের কেন্দ্রবিন্দু ছিলেন। কর্মতৎপরতায় তাঁর যুগে তাঁর সমকক্ষ অধ্যক্ষ খুব কমই ছিল । অনেক সময়ে দেখা যেতো কোন অধ্যাপক ছুটিতে গেলে কিংবা পদত্যাগ করলে অন্তবর্তী সময়ে ছাত্রদের যাতে অসুবিধায় পড়তে না হয় মাখন বাবু সে বিষয়ে নিজেই ক্লাশ নিতেন। অঙ্কশাস্ত্র তিনি নিজেই পড়াতেন । সেই সূত্রে তিনি আই .এস.সি.তে পদার্থ বিজ্ঞানের ক্লাশ ও নিতেন । রাষ্ট্র বিজ্ঞানের অধ্যাপকের অনুপস্থিতিতে তিনি বেশ কিছুদিন বি.এ.ক্লাশে রাষ্ট্রবিজ্ঞানও পড়িয়েছিলেন । কোনও কারণে অধ্যাপকের অনুপস্থিতিতে ক্লাশে শিক্ষাদান যাতে ব্যাহত না হয় সেদিকে  অধ্যক্ষ মাখন লাল নাগের প্রখর দৃষ্টি ছিল । কলেজ প্রতিষ্ঠার সময়ে কলেজের অধীনস্থ ভূমির পরিমাণ খুব বেশি ছিল না ।  অধ্যক্ষ মাখন লাল নাগের ঐকান্তিক প্রচেষ্টায় কলেজের অধীনস্থ ভূমির পরিমাণ তিন চারগুণ বৃদ্ধি পায়। স্যার আশুতোষ কলেজ তাঁর প্রাণস্বরূপ ছিল। কলেজ ক্যা¤পাসের মধ্যেই তাঁর ভবন ছিল। সকাল বেলা চা জল খাবার খেয়ে তিনি কলেজ অফিসে চলে আসতেন , দুপুর পর্যন্ত তিনি এক নাগাড়ে কাজে ব্যাপৃত থাকতেন । দুপুরে বাসায় গিয়ে আহার করে খুব বেশিক্ষণ বিশ্রাম নিতেন না , অফিসে ফিরে এসে পুণরায় কাজে মনোনিবেশ করতেন । কলেজের রুটিন মাফিক কাজ কর্ম তাঁরই  তত্ত্বাবধানে সমাধা হতো । বলা বাহুল্য ,প্রবেশিকা পরীক্ষার সময় কাজের চাপ আরও বেড়ে যেতো । এক সময়ে উত্তরে কোয়েপাড়া থেকে দক্ষিণে ধলঘাট পর্যন্ত সমস্ত স্কুলের প্রবেশিকা পরীক্ষার কেন্দ্র ছিল স্যার আশুতোষ কলেজ । অনেক সময়ে কলেজের কাজ কর্ম শেষ করতে বিকেল গড়িয়ে সন্ধ্যা হয়ে যেতো , বিশ্রাম নেবার সময়টুকু পর্যন্ত তিনি পেতেন না । সারাদিন কলেজে অতিবাহিত করে বাসায় ফিরে ছেলেমেয়েদের পড়াশুনায় কিছুক্ষণ তদারক করতেন । মনে হয়, রাতের ঘুমটাই তাঁর বিশ্রামের সময় ছিল। কলেজ ছেড়ে তিনি কোথাও  বিশেষ যেতেন না । দু’চার বছর অšতর ঢাকার বিক্রমপুরে গিয়ে দেশের বাড়ি দেখে আসতেন । কলেজের জন্যই তিনি যেন আপন জীবন উৎসর্গ করতে কৃতসংকল্প ছিলেন।","chhatro o shikshokoi ekti shiksha protishthanero prodhano onggo. reboti romono dotto mone koroteno upojukto shikshoko chhara upojukto chhatro toiri kora jayo naa . shikshokero panditjo o gunaboli taro shikshadanero madhjome chhatrodero moddhe soncharito hoye thake . shikshoko niyogero kshetre reboti romono ei bishoyotiro uporo odhiko gurutbo aropo koroteno. kolejero prthom odhjokshero pode jini nijukto hoyechhileno tini prokritopokshe kaje jogodano korenoni . upadhjokshero pode nijukto hoyechhileno  makhono lalo nago . odhjoksho mohodoyero kaje jogodanero oparogotayo tinii odhjokshero pode odhishthito hono. taro sohokormidero moddhe chhileno bangla sahitjero odhjapoko girija shoskoro dhoro emo.e. (sborno podoko prapto chhileno skolaro),itihasero odhjapoko promodo kumaro mukhopadhjayo ,emo,e,(prothom shroni ) ,dorshonero odhjapoko shjamapodo chottopadhjayo ,emo,e,(prothom shreni) ,odhjapoko sushilo kumaro mukhopadhjayo emo,e (sborno podoko prapto) ,ingrejiro odhjapoko prokritironchono boro–ya, arobi o farsi bibhagero odhjapoko miro mohammodo ibrahimo ,rashtrobijnanero odhjapoko horinarayono chokroborti. kolikata bishbobidjaloyero kriti chhatro odhjoksho makhono lalo nago ongkoshastre prthom shrenite dbitiyo sthanero odhikari chhileno . gouroborno ,sudorshono ,buddhidipto juboko makhonolalo sohojei reboti romonero drishti akorshono koroleno . e rokomo ekojono adorshobano kormototoporo bjoktikei jeno reboti romono kolejero odhjokshero pode nijuktiro jnno khujochhileno. odhjokshero pode nijukti theke kolejo theke obosoro grohono koraro (1964) purbo porjonto odhjoksho makhonolalo nago kolejero unnotiro jonno jerupo nishtha o porishromo prodorshono korechheno ta ekorupo otuloniyo. koleje dirgho kormojibone tini sokolo prokaro kormokandero kendrobindu chhileno. kormototoporotayo taro juge taro somokoksho odhjoksho khubo komoi silo . oneko somoye dekha jeto kon odhjapoko chhutite gele kingba podotjago korole ontoborti somoye chhatrodero jate osubidhayo porote na hoy makhono babu se bishoye nijei klasho niteno. ongkoshastro tini nijei porateno . sei sutre tini ai .eso.si.te podartho bijnanero klasho o niteno . rashtro bijnanero odhjapokero onuposthitite tini besho kichhudino bi.e.klashe rashtrobijnanoo poriyechhileno . konoo karone odhjapokero onuposthitite klashe shikshadano jate bjahoto naa hoy sedike  odhjoksho makhono lalo nagero prokhoro drishti chilo . kolejo protishtharo somoye kolejero odhinostho bhumiro porimano khubo beshi silo naa .  odhjoksho makhono lalo nagero oikantiko procheshtayo kolejero odhinostho bhumiro porimano tino charoguno briddhi payo. sjaro ashutosho kolejo taro pranosborupo silo. kolejo kja¤pasero modhjei taro bhobono silo. sokalo bela cha jolo khabaro kheye tini kolejo ofise chole asoteno , dupuro porjonto tini eko nagare kaje bjaprito thakoteno . dupure basayo giye aharo kore khubo beshikshono bishramo niteno na , ofise fire ese punorayo kaje mononibesho koroteno . kolejero rutino mafiko kajo kormo taroi  tottbabodhane somadha hoto . bola bahuljo ,probeshika poriksharo somoyo kajero chapo aro bere jeto . eko somoye uttore koyepara theke dokshine dhologhato porjonto somosto skulero probeshika poriksharo kendro chilo sjaro ashutosho kolejo . oneko somoye kolejero kajo kormo shesho korte bikelo goriye sondhja hoye jeto , bishramo nebaro somoyotuku porjonto tini peteno naa . saradino koleje otibahito kore basayo fire chhelemeyedero porashunayo kichhukshono todaroko koroteno . mone hoy, ratero ghumotai taro bishramero somoyo silo. kolejo chhere tini kothao  bishesho jeteno na . du’charo bochor oštoro dhakaro bikromopure giye deshero bari dekhe asoteno . kolejero jonjoi tini jeno apono jibono utosorgo korte kritosongkolpo chhileno.",অনুচ্ছেদের ভিত্তিতে “কোনও কারণে অধ্যাপকের অনুপস্থিতিতে ক্লাশে” বিষয়ে কোন বক্তব্যটি সঠিক?,onuchchhedero bhittite “konoo karone odhjapokero onuposthitite klashe” bishoye kon boktobjoti sothik?,কোনও কারণে অধ্যাপকের অনুপস্থিতিতে ক্লাশে শিক্ষাদান যাতে ব্যাহত না হয় সেদিকে অধ্যক্ষ মাখন লাল নাগের প্রখর দৃষ্টি ছিল ।,konoo karone odhjapokero onuposthitite klashe shikshadano jate bjahoto naa hoy sedike odhjoksho makhono lalo nagero prokhoro drishti silo .,কোনও কারণে অধ্যাপকের অনুপস্থিতিতে ক্লাশে শিক্ষাদান যাতে ব্যাহত না হয় সেদিকে অধ্যক্ষ মাখন লাল নাগের প্রখর দৃষ্টি ছিল না ।,konoo karone odhjapokero onuposthitite klashe shikshadano jate bjahoto naa hoy sedike odhjoksho makhono lalo nagero prokhoro drishti chilo na .,relational,bnp_011208,,
pilot_000201,has_context,law,low,"১৫ জন সরকারি চাকুরে, ২১ জন নীলকর, ৮ জন খ্রিস্টান মিশনারি, ১৩ জন জমিদার ও ৭৭ জন রায়ত মিলে মোট ১৩৪ জন কমিশনের সামনে তাদের জবানবন্দি প্রদান করেন।","15 jon sorokari chakure, 21 jon nilokoro, 8 jon khristano mishonari, 13 jon jomidaro o 77 jon rayoto mile mot 134 jon komishonero samone tader jobanobondi prodano korn.",প্রদত্ত প্রসঙ্গ অনুযায়ী নীল কমিশন সম্পর্কে কী তথ্য দেওয়া হয়েছে?,prodotto prosongo anujayi nilo komishono somporke ki tothjo deoya hoyeche?,"১৫ জন সরকারি চাকুরে, ২১ জন নীলকর, ৮ জন খ্রিস্টান মিশনারি, ১৩ জন জমিদার ও ৭৭ জন রায়ত মিলে মোট ১৩৪ জন কমিশনের সামনে তাদের জবানবন্দি প্রদান করেন।","15 jon sorokari chakure, 21 jon nilokoro, 8 jon khristano mishonari, 13 jon jomidaro o 77 jon rayoto mile mot 134 jon komishonero samone tader jobanobondi prodano korn.","১৬ জন সরকারি চাকুরে, ২১ জন নীলকর, ৮ জন খ্রিস্টান মিশনারি, ১৩ জন জমিদার ও ৭৭ জন রায়ত মিলে মোট ১৩৪ জন কমিশনের সামনে তাদের জবানবন্দি প্রদান করেন।","16 jon sorokari chakure, 21 jon nilokoro, 8 jon khristano mishonari, 13 jon jomidaro o 77 jon rayoto mile mott 134 jon komishonero samone tader jobanobondi prodano koren.",numeric,bnp_011261,,
pilot_000202,has_context,law,low,"এই আইন স্থানীয় সরকার (ইউনিয়ন পরিষদ) আইন, ২০০৯ নামে অভিহিত হইবে।","ei ain sthaniyo sorkar (iuniyono porishodo) ain, 2009 name obhihito hoibe.","প্রদত্ত প্রসঙ্গ অনুযায়ী স্থানীয় সরকার (ইউনিয়ন পরিষদ) আইন, ২০০৯-এর ধারা ১ সম্পর্কে কী বলা হয়েছে?","prodotto prosongo anujayi sthaniyo sorkar (iuniyono porishodo) ain, 2009-er dhara 1 somporke ki bola hoise?","এই আইন স্থানীয় সরকার (ইউনিয়ন পরিষদ) আইন, ২০০৯ নামে অভিহিত হইবে।","ei ain sthaniyo sorkar (iuniyono porishodo) ain, 2009 name obhihito hoibe.","এই আইন স্থানীয় সরকার (উপজেলা পরিষদ) আইন, ২০০৯ নামে অভিহিত হইবে।","ei ain sthaniyo sorkar (upojela porishodo) ain, 2009 name obhihito hoibe.",numeric,bnp_011343,,
pilot_000203,has_context,history,low,"আইএলও-এর কিছু গুরুত্বপূর্ণ তথ্য: প্রতিষ্ঠা ১৯১৯ সালের ১১ এপ্রিল। সদর দপ্তর জেনেভা, সুইজারল্যান্ড। ত্রিপক্ষীয় কাঠামো: এটি জাতিসংঘের একমাত্র ত্রিপক্ষীয় সংস্থা, যেখানে সরকার, নিয়োগকর্তা বা মালিক, এবং শ্রমিক—এই তিন পক্ষের সমান অংশগ্রহণ থাকে। জাতিসংঘের স্বীকৃতি: ১৯৪৬ সালে এটি জাতিসংঘের প্রথম বিশেষায়িত সংস্থা হিসেবে আনুষ্ঠানিক স্বীকৃতি লাভ করে। নোবেল পুরস্কার: ১৯৬৯ সালে সংস্থাটি নোবেল শান্তি পুরস্কারে ভূষিত হয়।","aieloo-er kichhu gurutbopurno tothjo: protishtha 1919 saler 11 eprilo. sodoro doptoro jenebha, suijaroljando. tripokshiyo kathamo: eti jatisongghero ekomatro tripokshiyo songstha, jekhane shorkar, niyogokorta ba maliko, ebong shromiko—ei tino pokshero somano ongshogrohono thake. jatisongghero sbikriti: 1946 shale eti jatisongghero prothom bisheshayito songstha hisebe anushthaniko sbikriti labho kore. nobelo puroskaro: 1969 shale songsthati nobelo shanti puroskare bhushito hoy.",আইএলও কোন ধরনের সংস্থা জাতিসংঘের মধ্যে?,aieloo kon dhoronero songstha jatisongghero modhye?,একমাত্র ত্রিপক্ষীয় সংস্থা,ekomatro tripokshiyo songstha,একমাত্র সামরিক সংস্থা,ekomatro samoriko songstha,relational,bnp_011384,,
pilot_000204,has_context,law,low,"দারিদ্র্য, নিরক্ষরতা, দুর্বল স্বাস্থ্য পরিষেবা, শিল্পায়ন ও আর্থিক উন্নয়নের নিম্নগতি, সামাজিক রক্ষণশীলতা, পরিকাঠামোর অভাব ও বেকারত্বের মতো বিভিন্ন নেতিবাচক সমস্যাগুলি থেকে মুক্তির লক্ষ্যে রাজ্যসভার ভূমিকার প্রসঙ্গ উল্লেখ করে শ্রী নাইডু বলেন, দেশের আর্থিক বিকাশে উচ্চকক্ষ এখন চালিকাশক্তির ভূমিকা নিয়েছে।","daridrjo, nirokshorota, durbolo sbasthjo porisheba, shilpayono o arthiko unnoyonero nimnogoti, samajiko rokshonoshilota, porikathamoro obhabo o bekarotbero moto bibhinno netibachoko somosjaguli theke muktiro lokshje rajjosobharo bhumikaro prosngo ullekho kore shri naidu boleno, deshero arthiko bikashe uchchokoksho akhn chalikashoktiro bhumika niyechhe.",প্রদত্ত প্রসঙ্গ অনুযায়ী ভারতীয় রাষ্ট্রব্যবস্থায় রাজ্যসভার ভূমিকা সম্পর্কে কী তথ্য দেওয়া হয়েছে?,prodotto prosongo anujayi bharotiyo rashtrobjobosthayo rajjosobharo bhumika somporke kii tothjo deoya hoise?,"দারিদ্র্য, নিরক্ষরতা, দুর্বল স্বাস্থ্য পরিষেবা, শিল্পায়ন ও আর্থিক উন্নয়নের নিম্নগতি, সামাজিক রক্ষণশীলতা, পরিকাঠামোর অভাব ও বেকারত্বের মতো বিভিন্ন নেতিবাচক সমস্যাগুলি থেকে মুক্তির লক্ষ্যে রাজ্যসভার ভূমিকার প্রসঙ্গ উল্লেখ করে শ্রী নাইডু বলেন, দেশের আর্থিক বিকাশে উচ্চকক্ষ এখন চালিকাশক্তির ভূমিকা নিয়েছে।","daridrjo, nirokshorota, durbolo sbasthjo porisheba, shilpayono o arthiko unnoyonero nimnogoti, samajiko rokshonoshilota, porikathamoro obhabo o bekarotbero moto bibhinno netibachoko somosjaguli theke muktiro lokshje rajjosobharo bhumikaro prosngo ullekho kore shri naidu boleno, deshero arthiko bikashe uchchokoksho ekhon chalikashoktiro bhumika niyechhe.","দারিদ্র্য, নিরক্ষরতা, দুর্বল স্বাস্থ্য পরিষেবা, শিল্পায়ন ও আর্থিক উন্নয়নের নিম্নগতি, সামাজিক রক্ষণশীলতা, পরিকাঠামোর অভাব ও বেকারত্বের মতো বিভিন্ন নেতিবাচক সমস্যাগুলি থেকে মুক্তির লক্ষ্যে লোকসভার ভূমিকার প্রসঙ্গ উল্লেখ করে শ্রী নাইডু বলেন, দেশের আর্থিক বিকাশে উচ্চকক্ষ এখন চালিকাশক্তির ভূমিকা নিয়েছে।","daridrjo, nirokshorota, durbolo sbasthjo porisheba, shilpayono o arthiko unnoyonero nimnogoti, samajiko rokshonoshilota, porikathamoro obhabo o bekarotbero moto bibhinno netibachoko somosjaguli theke muktiro lokshje lokosobharo bhumikaro prosongo ullekho kore shri naidu boleno, deshero arthiko bikashe uchchokoksho ekhon chalikashoktiro bhumika niyechhe.",relational,bnp_011390,,
pilot_000205,has_context,history,low,ইংল্যান্ডের মহিলা ক্রিকেট দল ১৯৩৪ ও ১৯৩৫ সালে অস্ট্রেলিয়া ও নিউজিল্যান্ড সফর করেছিল। এই সফরেই প্রথম মহিলাদের টেস্ট ম্যাচ খেলা হয়েছিল: অস্ট্রেলিয়ার বিপক্ষে তিনটি এবং এরপর নিউজিল্যান্ডের বিপক্ষে একটি। ইংল্যান্ড অস্ট্রেলিয়ার বিপক্ষে প্রথম দুটি টেস্টে দারুণভাবে জয়লাভ করে এবং ড্র হওয়া তৃতীয় টেস্টে ভালো খেলে অ্যাশেজ জিতে নেয়। নিউজিল্যান্ডের বিপক্ষে ম্যাচটি ইংল্যান্ডের পক্ষে আরও বেশি একতরফা ছিল।,ingljandero mohila kriketo dolo 1934 o 1935 sale ostreliya o niujiljando soforo korechhilo. ei soforei prothom mohiladero testo mjacho khela hoyechhilo: ostreliyaro bipokshe tinoti ebong eroporo niujiljandero bipokshe ekti. ingljando ostreliyaro bipokshe prthom duti teste darunobhabe joyolabho kore ebong dro hooya tritiyo teste bhalo khele ojashejo jite neyo. niujiljandero bipokshe mjachoti ingljandero pokshe aro beshi ekotorofa chilo.,১৯৩৪-৩৫ সফরের মাধ্যমে ক্রিকেট ইতিহাসে কী প্রথমবার সংঘটিত হয়?,1934-35 soforero madhjome kriketo itihase kii prothomobaro songghotito hoy?,প্রথম মহিলাদের টেস্ট ম্যাচ,prthom mohiladero testo mjacho,প্রথম পুরুষ টেস্ট ম্যাচ,prothom purusho testo mjacho,relational,bnp_011429,,
pilot_000206,no_context,bcs,low,,,বাংলাদেশের সংসদীয় ব্যবস্থা সংবিধানের কোন সংশোধনীর মাধ্যমে পুনঃপ্রবর্তিত হয়?,bangladesher songsodiyo bjobostha songbidhanero kon songshodhoniro madhjome punohprobortito hoy?,দ্বাদশ,dbadosho,অষ্টম,oshtomo,fabricated,bnp_011469,,
pilot_000207,has_context,reading_comprehension,low,"অ্যান্ড্রু হাওয়ার্ড ওয়েস্টার্ন  (জন্ম ১৮ মার্চ ১৮৮৫) লেবার পার্টির একজন ব্রিটিশ রাজনীতিবিদ যিনি ২০২২ সালের উপ-নির্বাচনে স্ট্রেটফোর্ড এবং উর্মস্টনের জন্য সংসদ সদস্য (এমপি) নির্বাচিত হন। তিনি ২০১৮ সাল থেকে ট্র্যাফোর্ড কাউন্সিলের নেতা ছিলেন, একটি পদ তিনি সংসদে নির্বাচন করার পরে খালি করেছিলেন।","ojandru haoyardo oyestarno  (jonmo 18 marcho 1885) lebaro partiro ekojono britisho rajonitibido jini 2022 shaler upo-nirbachone stretofordo ebng urmostonero jonno songsodo sodosjo (emopi) nirbachito hono. tini 2018 sal theke trjafordo kaunsilero neta chhileno, ekti podo tini songsode nirbachono koraro pore khali korechhileno.",অ্যান্ড্রু ওয়েস্টার্ন কবে জন্মগ্রহণ করেন?,ojandru oyestarno kobe jonmogrohono koren?,অ্যান্ড্রু হাওয়ার্ড ওয়েস্টার্ন (জন্ম ১৮ মার্চ ১৮৮৫) লেবার পার্টির একজন ব্রিটিশ রাজনীতিবিদ যিনি ২০২২ সালের উপ-নির্বাচনে স্ট্রেটফোর্ড এবং উর্মস্টনের জন্য সংসদ সদস্য (এমপি) নির্বাচিত হন।,ojandru haoyardo oyestarno (jonmo 18 marcho 1885) lebaro partiro ekojono britisho rajonitibido jini 2022 shaler upo-nirbachone stretofordo ebong urmostonero jonno songsodo sodosjo (emopi) nirbachito hono.,১৮ মার্চ ২০২২,18 marcho 2022,numeric,bnp_011552,,
pilot_000208,no_context,grammar,low,,,ধাতু কিংবা প্রাতিপদিকের সাথে যুক্ত হলে প্রত্যয়ের যে অংশ লোপ পায় তাকে কী বলে?,dhatu kingba pratipodikero sathe jukto hole protjoyero je ongsho lopo payo take kii bole?,ইৎ,ito,বৃদ্ধি,briddhi,fabricated,bnp_011633,,
pilot_000209,has_context,history,low,"তার পরবর্তী যুগটি ছিল হিন্দুধর্মের ধ্রুপদি ""স্বর্ণযুগ"" (আনুমানিক ৩২০-৬৫০ খ্রিস্টাব্দ)। এই যুগটি গুপ্ত সম্রাটদের শাসনকালের সমসাময়িক। এই যুগেই হিন্দু দর্শনের ছয়টি শাখার উদ্ভব হয়। এগুলি হল সাংখ্য, যোগ, ন্যায়, বৈশেষিক, মীমাংসা (বা পূর্ব মীমাংসা) ও বেদান্ত (বা উত্তর মীমাংসা)।","tar poroborti jugoti chilo hindudhormero dhrupodi ""sbornojugo"" (anumaniko 320-650 khristabdo). ei jugoti gupto somratodero shasonokalero somosamoyiko. ei jugei hindu dorshonero chhoyoti shakharo udbhobo hoy. eguli holo sangkhjo, jogo, njayo, boisheshiko, mimangsa (ba purbo mimangsa) o bedanto (ba uttar mimangsa).",হিন্দু দর্শনের ছয়টি শাখা কী কী?,hindu dorshonero chhoyoti shakha ki ki?,"সাংখ্য, যোগ, ন্যায়, বৈশেষিক, মীমাংসা ও বেদান্ত","sangkhjo, jogo, njayo, boisheshiko, mimangsa o bedanto","সাংখ্য, যোগ, ন্যায়, বেদান্ত, তন্ত্র ও চার্বাক","sangkhjo, jogo, njayo, bedanto, tontro o charbako",relational,bnp_011657,,
pilot_000210,has_context,law,low,"তবে শর্ত থাকে যে, নির্বাচনী দরখাস্ত যে ট্রাইব্যুনালে বদলী করা হইয়াছে সেই ট্রাইব্যুনাল উপযুক্ত মনে করিলে ইতিপূর্বে পরীক্ষিত কোন সাক্ষী পুনরায় তলব বা পুনরায় পরীক্ষা করিতে পারিবে এবং অনুরূপভাবে আপিল ট্রাইব্যুনালও এই ক্ষমতা প্রয়োগ করিতে পারিবে।","tbe shorto thake je, nirbachoni dorokhasto je traibjunale bodoli kora hoiyachhe sei traibjunalo upojukto mone korile itipurbe porikshito kon sakshi punorayo tolobo ba punorayo poriksha korite paribe ebong onurupobhabe apilo traibjunaloo ei kshomota proyogo korite paribe.","প্রদত্ত প্রসঙ্গ অনুযায়ী স্থানীয় সরকার (ইউনিয়ন পরিষদ) আইন, ২০০৯-এর ধারা ২৪ সম্পর্কে কী বলা হয়েছে?","prodotto prosngo anujayi sthaniyo sorkar (iuniyono porishodo) ain, 2009-er dhara 24 somporke kii bola hoyeche?","তবে শর্ত থাকে যে, নির্বাচনী দরখাস্ত যে ট্রাইব্যুনালে বদলী করা হইয়াছে সেই ট্রাইব্যুনাল উপযুক্ত মনে করিলে ইতিপূর্বে পরীক্ষিত কোন সাক্ষী পুনরায় তলব বা পুনরায় পরীক্ষা করিতে পারিবে এবং অনুরূপভাবে আপিল ট্রাইব্যুনালও এই ক্ষমতা প্রয়োগ করিতে পারিবে।","tobe shorto thake je, nirbachoni dorokhasto je traibjunale bodoli kora hoiyachhe sei traibjunalo upojukto mone korile itipurbe porikshito kon sakshi punorayo tolobo ba punorayo poriksha korite paribe ebong onurupobhabe apilo traibjunaloo ei kshomota proyogo korite paribe.","তবে শর্ত থাকে যে, নির্বাচনী দরখাস্ত যে ট্রাইব্যুনালে বদলী করা হইয়াছে সেই ট্রাইব্যুনাল উপযুক্ত মনে করিলে ইতিপূর্বে পরীক্ষিত কোন সাক্ষী পুনরায় তলব বা পুনরায় পরীক্ষা করিতে পারিবে এবং অনুরূপভাবে আপিল ট্রাইব্যুনালও এই ক্ষমতা প্রয়োগ করিতে পারিবে না।","tobe shorto thak je, nirbachoni dorokhasto je traibjunale bodoli kora hoiyachhe sei traibjunalo upojukto mone korile itipurbe porikshito kon sakshi punorayo tolobo ba punorayo poriksha korite paribe ebong onurupobhabe apilo traibjunaloo ei kshomota proyogo korite paribe na.",relational,bnp_011736,,
pilot_000211,has_context,history,low,"এরপরে ২০০৮, ২০০৯ ও ২০১০-এ আইপিএলে কলকাতা নাইট রাইডার্সের হয়ে খেলেন এবং ২০০৮ ও ২০১০-এ এই দলকে নেতৃত্ব দেন।","eropore 2008, 2009 o 2010-e aipiele kolokata naito raidarsero hoye kheleno ebong 2008 o 2010-e ei doloke netritbo deno.",সৌরভ আইপিএলে কোন দলের হয়ে খেলেছিলেন এবং কোন কোন বছরে তাদের নেতৃত্ব দেন?,sourobho aipiele kon dolero hoye khelechhileno ebng kon kon bochhore tader netritbo deno?,"কলকাতা নাইট রাইডার্স, ২০০৮ ও ২০১০ সালে নেতৃত্ব দেন।","kolokata naito raidarso, 2008 o 2010 sale netritbo deno.","চেন্নাই সুপার কিংস, ২০০৮ ও ২০০৯ সালে নেতৃত্ব দেন।","chennai suparo kingso, 2008 o 2009 shale netritbo deno.",numeric,bnp_011783,,
pilot_000212,no_context,science,low,,,মনোবিজ্ঞান মূলত কার সাথে সম্পর্কিত হলেও অন্য কাদের ক্ষেত্রেও এটি ব্যবহৃত হয়?,monobijnano muloto karo sathe somporkito holeo onjo kadero kshetreo eti bjobohrito hoy?,"মূলত মানুষের সাথে সম্পর্কিত, তবে অন্যান্য প্রাণীর ক্ষেত্রেও ব্যবহৃত হয়","muloto manushero sathe somporkito, tobe onjanjo praniro kshetreo bjobohrito hoy",শুধুমাত্র উদ্ভিদের ক্ষেত্রে ব্যবহৃত হয়,shudhumatro udbhidero kshetre bjobohrito hoy,fabricated,bnp_011801,,
pilot_000213,has_context,reading_comprehension,low,"মোরগাঁও গণপাতক উপদলের সবচেয়ে গুরুত্বপূর্ণ উপাসনার কেন্দ্র, যারা গণেশকে সর্বোৎকৃষ্ট সত্তা বলে বিবেচনা করে। একটি হিন্দু কিংবদন্তি গণেশ কর্তৃক শয়তান সিন্ধুর মৃত্যুকে মন্দিরের সাথে সম্পর্কযুক্ত করে। মন্দির নির্মাণের সঠিক তারিখ অজানা রয়েছে, যদিও গণপাতক সন্ন্যাসী মরয়া গোসাভি এর সাথে জড়িত ছিল বলে জানা যায়। মন্দিরটি পেসওয়া শাসক ও মোর্য গোসাভির বংশধরদের পৃষ্ঠপোষকতায় উৎকর্ষ লাভ করেছিল।","morogao gonopatoko upodolero sobocheye gurutbopurno upasonaro kendro, jara goneshoke sorbotokrishto sotta bole bibechona kore. ekta hindu kingbodonti gonesho kortriko shoyotano sindhuro mritjuke mondirero sathe somporkojukto kore. mondiro nirmanero sothik tarikh ojana royeche, jodio gonopatoko sonnjasi moroya gosabhi er sathe jorito chilo bole jana jayo. mondiroti pesooya shasoko o morjo gosabhiro bongshodhorodero prishthoposhokotayo utokorsho labho korechhilo.",শ্রী ময়ুরেশ্বর মন্দির কে প্রতিষ্ঠা করেন ?,shri moyureshboro mondiro ke protishtha korn ?,মরয়া গোসাভি,moroya gosabhi,মরয়া উপদলের,moroya upodolero,relational,bnp_011819,,
pilot_000214,has_context,others,low,"সুভাষচন্দ্র বসু ১৯৪৪ সালের ৪ জুলাই বার্মায় এক সমাবেশে ‘তোমরা আমাকে রক্ত দাও, আমি তোমাদের স্বাধীনতা দেব’ আহ্বানটি দেন।","subhashochondro bosu 1944 saler 4 julai barmayo eko somabeshe ‘tomora amake rokto dao, ami tomadero shadinota debo’ ahbanoti deno.","সুভাষচন্দ্র বসু কত সালে ""তোমরা আমাকে রক্ত দাও, আমি তোমাদের স্বাধীনতা দেব""- এই উক্তি করেছিলেন ?","subhashochondro bosu koto shale ""tomora amake rokto dao, ami tomadero shadinota debo""- ei ukti korechhileno ?",৪ জুলাই ১৯৪৪ সালে।,4 julai 1944 shale.,৪ জুলাই ১৯৪৩ সালে।,4 julai 1943 shale.,numeric,bnp_011917,,
pilot_000215,has_context,law,low,"এ রিপোর্ট থেকে জানা যায়, রায়তদের কিভাবে ঋণ নিতে ও নীলচাষের চুক্তি সই করতে বাধ্য করা হতো; কিভাবে নীলকরেরা অনিচ্ছুক রায়তদের বাড়িঘর লুট করতে ও জ্বালিয়ে দিতে লাঠিয়ালদের ব্যবহার করত; কিভাবে রায়তদের হালের বলদ ধরে নেওয়া হতো; কিভাবে তাদের সবচেয়ে উর্বর জমি নীলচাষের আওতায় আনা হতো।","e riporto theke jana jayo, rayotodero kibhabe rino nite o nilochashero chukti soi korte badhjo kora hoto; kibhabe nilokorera onichchhuko rayotodero barighoro luto korte o jbaliye dite lathiyalodero bjoboharo koroto; kibhabe rayotodero halero bolodo dhore neoya hoto; kibhabe tader sobocheye urboro jomi nilochashero aotayo ana hoto.",প্রদত্ত প্রসঙ্গ অনুযায়ী নীল কমিশন সম্পর্কে কী তথ্য দেওয়া হয়েছে?,prodotto prosngo anujayi nilo komishono somporke ki tothjo deoya hoise?,"এ রিপোর্ট থেকে জানা যায়, রায়তদের কিভাবে ঋণ নিতে ও নীলচাষের চুক্তি সই করতে বাধ্য করা হতো; কিভাবে নীলকরেরা অনিচ্ছুক রায়তদের বাড়িঘর লুট করতে ও জ্বালিয়ে দিতে লাঠিয়ালদের ব্যবহার করত; কিভাবে রায়তদের হালের বলদ ধরে নেওয়া হতো; কিভাবে তাদের সবচেয়ে উর্বর জমি নীলচাষের আওতায় আনা হতো।","e riporto theke jana jayo, rayotodero kibhabe rino nite o nilochashero chukti soi korte badhjo kora hoto; kibhabe nilokorera onichchhuko rayotodero barighoro luto korte o jbaliye dite lathiyalodero bjoboharo koroto; kibhabe rayotodero halero bolodo dhore neoya hoto; kibhabe tader sobocheye urboro jomi nilochashero aotayo ana hoto.","এ রিপোর্ট থেকে জানা যায়, রায়তদের কিভাবে ঋণ নিতে ও নীলচাষের চুক্তি সই করতে বাধ্য করা হতো; কিভাবে জমিদারেরা অনিচ্ছুক রায়তদের বাড়িঘর লুট করতে ও জ্বালিয়ে দিতে লাঠিয়ালদের ব্যবহার করত; কিভাবে রায়তদের হালের বলদ ধরে নেওয়া হতো; কিভাবে তাদের সবচেয়ে উর্বর জমি নীলচাষের আওতায় আনা হতো।","e riporto theke jana jayo, rayotodero kibhabe rino nite o nilochashero chukti soi korte badhjo kora hoto; kibhabe jomidarera onichchhuko rayotodero barighoro luto korte o jbaliye dite lathiyalodero bjoboharo koroto; kibhabe rayotodero halero bolodo dhore neoya hoto; kibhabe tader sobocheye urboro jomi nilochashero aotayo ana hoto.",relational,bnp_011941,,
pilot_000216,has_context,law,low,উপ-ধারা (১) এর অধীনে সাময়িকভাবে বরখাস্তের আদেশ প্রদান করা হইলে আদেশ প্রাপ্তির ৩ (তিন) দিনের মধ্যে সংশ্লিষ্ট চেয়ারম্যান ধারা ৩৩ এর বিধানমতে নির্বাচিত প্যানেল চেয়ারম্যানের নিকট দায়িত্ব হস্তান্তর করিবেন এবং উক্ত প্যানেল চেয়ারম্যান সাময়িক বরখাস্তকৃত চেয়ারম্যানের বিরুদ্ধে আনীত কার্যক্রম শেষ না হওয়া পর্যন্ত অথবা চেয়ারম্যান অপসারিত হইলে তাঁহার স্থলে নতুন চেয়ারম্যান নির্বাচিত না হওয়া পর্যন্ত দায়িত্ব পালন করিবেন।,upo-dhara (1) er odhine samoyikobhabe borokhastero adesho prodano kora hoile adesho praptiro 3 (tino) dinero moddhe songshlishto cheyaromjano dhara 33 er bidhanomote nirbachito pjanelo cheyaromjanero nikoto dayitbo hostantoro koribeno ebng ukto pjanelo cheyaromjano samoyiko borokhastokrito cheyaromjanero biruddhe anito karjokromo shesho naa hooya porjonto othoba cheyaromjano oposarito hoile taharo sthole notuno cheyaromjano nirbachito na hooya porjonto dayitbo palono koribeno.,"প্রদত্ত প্রসঙ্গ অনুযায়ী স্থানীয় সরকার (ইউনিয়ন পরিষদ) আইন, ২০০৯-এর ধারা ৩৪ সম্পর্কে কী বলা হয়েছে?","prodotto prosngo onujayi sthaniyo shorkar (iuniyono porishodo) ain, 2009-er dhara 34 somporke kii bola hoyeche?",উপ-ধারা (১) এর অধীনে সাময়িকভাবে বরখাস্তের আদেশ প্রদান করা হইলে আদেশ প্রাপ্তির ৩ (তিন) দিনের মধ্যে সংশ্লিষ্ট চেয়ারম্যান ধারা ৩৩ এর বিধানমতে নির্বাচিত প্যানেল চেয়ারম্যানের নিকট দায়িত্ব হস্তান্তর করিবেন এবং উক্ত প্যানেল চেয়ারম্যান সাময়িক বরখাস্তকৃত চেয়ারম্যানের বিরুদ্ধে আনীত কার্যক্রম শেষ না হওয়া পর্যন্ত অথবা চেয়ারম্যান অপসারিত হইলে তাঁহার স্থলে নতুন চেয়ারম্যান নির্বাচিত না হওয়া পর্যন্ত দায়িত্ব পালন করিবেন।,upo-dhara (1) er odhine samoyikobhabe borokhastero adesho prodano kora hoile adesho praptiro 3 (tino) dinero moddhe songshlishto cheyaromjano dhara 33 er bidhanomote nirbachito pjanelo cheyaromjanero nikoto dayitbo hostantoro koribeno ebng ukto pjanelo cheyaromjano samoyiko borokhastokrito cheyaromjanero biruddhe anito karjokromo shesho naa hooya porjonto othoba cheyaromjano oposarito hoile taharo sthole notuno cheyaromjano nirbachito na hooya porjonto dayitbo palono koribeno.,উপ-ধারা (১) এর অধীনে সাময়িকভাবে বরখাস্তের আদেশ প্রদান করা হইলে আদেশ প্রাপ্তির ৩ (তিন) দিনের মধ্যে সংশ্লিষ্ট সদস্য ধারা ৩৩ এর বিধানমতে নির্বাচিত প্যানেল চেয়ারম্যানের নিকট দায়িত্ব হস্তান্তর করিবেন এবং উক্ত প্যানেল চেয়ারম্যান সাময়িক বরখাস্তকৃত চেয়ারম্যানের বিরুদ্ধে আনীত কার্যক্রম শেষ না হওয়া পর্যন্ত অথবা চেয়ারম্যান অপসারিত হইলে তাঁহার স্থলে নতুন চেয়ারম্যান নির্বাচিত না হওয়া পর্যন্ত দায়িত্ব পালন করিবেন।,upo-dhara (1) er odhine samoyikobhabe borokhastero adesho prodano kora hoile adesho praptiro 3 (tino) dinero modhye songshlishto sodosjo dhara 33 er bidhanomote nirbachito pjanelo cheyaromjanero nikoto dayitbo hostantoro koribeno ebng ukto pjanelo cheyaromjano samoyiko borokhastokrito cheyaromjanero biruddhe anito karjokromo shesho naa hooya porjonto othoba cheyaromjano oposarito hoile taharo sthole notuno cheyaromjano nirbachito naa hooya porjonto dayitbo palono koribeno.,numeric,bnp_012021,,
pilot_000217,no_context,idiom_meaning,low,,,"""ষষ্ঠীর বাহন"" এর ভাবার্থ কী?","""shoshthiro bahono"" er bhabartho kii?",বিড়াল,biralo,বেড়ানো,berano,fabricated,bnp_012033,,
pilot_000218,no_context,mathematics,low,,,তরুনের কাছে কিছু আঠা আছে। তিস্তা তাকে আরও ২০ টি আঠা দিয়েছিল। এখন তরুনের ৩০ টি আঠা রয়েছে। তরুনকে কত টুকরো দিয়ে শুরু করতে হয়েছিল?,torunero kase kichhu atha ache. tista take aro 20 ti atha diyechhilo. ekhon torunero 30 ti atha royeche. torunoke koto tukoro diye shuru korte hoyechhilo?,50,50,25,25,fabricated,bnp_012124,,
pilot_000219,no_context,mathematics,low,,,"জেলবিনের একটি বয়ামে ১৪টি নীল জেলিবিন, ২৬টি বেগুনি জেলিবিন এবং ৪০টি কমলা জেলবিন রয়েছে। বয়ামে ২০০টি জেলবিন থাকলে লাল রঙের কয়টি জেলবিন রয়েছে?","jelobinero ekti boyame 14ta nilo jelibino, 26ti beguni jelibino ebng 40ti komola jelobino roeche. boyame 200ta jelobino thakole lalo rongero koita jelobino royeche?",১২০,120,১৪৬,146,fabricated,bnp_012312,,
pilot_000220,has_context,law,low,"বাংলাদেশ সংবিধান এবং অন্য কোন আইনের দ্বারা হাইকোর্ট বিভাগের উপর আদি, আপিল ও অন্য প্রকার এখতিয়ার, ক্ষমতা ও দায়িত্ব অর্পিত হয়েছে।","bangladesh shongbidhan ebong onjo kon ainero dbara haikorto bibhagero uporo adi, apilo o onjo prokaro ekhotiyaro, kshomota o dayitbo orpito hoise.",প্রদত্ত প্রসঙ্গ অনুযায়ী বাংলাদেশের আদালতের এখতিয়ার সম্পর্কে কী তথ্য দেওয়া হয়েছে?,prodotto prosongo anujayi bangladesher adalotero ekhotiyaro somporke ki tothjo deoya hoise?,"বাংলাদেশ সংবিধান এবং অন্য কোন আইনের দ্বারা হাইকোর্ট বিভাগের উপর আদি, আপিল ও অন্য প্রকার এখতিয়ার, ক্ষমতা ও দায়িত্ব অর্পিত হয়েছে।","bangladesh shongbidhan ebong onjo kon ainero dbara haikorto bibhagero uporo adi, apilo o onjo prokaro ekhotiyaro, kshomota o dayitbo orpito hoyeche.","বাংলাদেশ সংবিধান এবং অন্য কোন আইনের দ্বারা আপিল বিভাগের উপর আদি, আপিল ও অন্য প্রকার এখতিয়ার, ক্ষমতা ও দায়িত্ব অর্পিত হয়েছে।","bangladesh songbidhan ebng onjo kon ainero dbara apilo bibhagero uporo adi, apilo o onjo prokaro ekhotiyaro, kshomota o dayitbo orpito hoise.",relational,bnp_012382,,
pilot_000221,has_context,reading_comprehension,low,"ক্রিস্টোফার জেমস গ্রিফিথস (জন্ম: ২০ নভেম্বর ১৯৭১) একজন প্রাক্তন ইংরেজ ক্রিকেটার। তিনি একজন ডানহাতি ব্যাটসম্যান এবং ডানহাতি মিডিয়াম পেস বোলার ছিলেন। তিনি ইয়র্কশায়ারের ব্র্যাডফোর্ডে জন্মগ্রহণ করেন।
গ্রিফিথস লেস্টারশায়ার ক্রিকেট বোর্ডের হয়ে তিনটি লিস্ট এ ম্যাচে প্রতিনিধিত্ব করেছিলেন। ম্যাচগুলো ছিল ১৯৯৯ সালের ন্যাটওয়েস্ট ট্রফিতে হার্টফোর্ডশায়ারের বিপক্ষে, ২০০০ সালের ন্যাটওয়েস্ট ট্রফিতে ডারহাম ক্রিকেট বোর্ডের বিপক্ষে এবং ২০০২ সালের চেল্টেনহ্যাম অ্যান্ড গ্লুচেস্টার ট্রফির প্রথম রাউন্ডে নর্থাম্পটনশায়ার ক্রিকেট বোর্ডের বিপক্ষে (উল্লেখ্য, শেষোক্ত ম্যাচটি ২০০১ সালে অনুষ্ঠিত হয়েছিল)।
পরবর্তীতে ","kristofaro jemoso grifithoso (jonmo: 20 nobhemboro 1971) ekojono praktono ingrejo kriketaro. tini ekojono danohati bjatosomjano ebong danohati midiyamo peso bolaro chhileno. tini iyorkoshayarero brjadoforde jonmogrohono koren.
grifithoso lestaroshayaro kriketo bordero hoye tinoti listo e mjache protinidhitbo korechhileno. mjachogulo chilo 1999 shaler njatooyesto trofite hartofordoshayarero bipokshe, 2000 saler njatooyesto trofite darohamo kriketo bordero bipokshe ebng 2002 shaler cheltenohjamo ojando gluchestaro trofiro prthom raunde northampotonoshayaro kriketo bordero bipokshe (ullekhjo, sheshokto mjachoti 2001 shale onushthito hoyechhilo).
porobortite ",ক্রিস্টোফার গ্রিফিথস (ক্রিকেটার) কবে জন্মগ্রহণ করেন?,kristofaro grifithoso (kriketaro) kobe jonmogrohono korn?,ক্রিস্টোফার জেমস গ্রিফিথস (জন্ম: ২০ নভেম্বর ১৯৭১) একজন প্রাক্তন ইংরেজ ক্রিকেটার।,kristofaro jemoso grifithoso (jonmo: 20 nobhemboro 1971) ekojono praktono ingrejo kriketaro.,২০ নভেম্বর ১৯৯৯,20 nobhemboro 1999,numeric,bnp_012454,,
pilot_000222,no_context,mathematics,low,,,একটি কনসার্ট টিকিটের দাম ৳৪০। জনাব বাসুদেব ১২ টি টিকিট কিনেছেন এবং ১০ এর বেশি কেনা প্রতিটি টিকিটের জন্য ৫% ছাড় পেয়েছেন। জনাব বাসুদেব মোট কত টাকা দিয়েছেন?,ekti konosarto tikitero daam tk40. jonabo basudebo 12 ta tikito kinechheno ebong 10 er beshi kena protiti tikitero jonno 5% chharo peyechheno. jonabo basudebo mott koto taka diyechheno?,৪৭৬,476,৪৮০,480,fabricated,bnp_012584,,
pilot_000223,has_context,law,low,ফলে যথাসময়ে নির্ধারিত রাজস্ব প্রদান করা জমিদারদের জন্য অনিশ্চিত হয়ে পড়ত।,fole jothasomoye nirdharito rajosbo prodano kora jomidarodero jonno onishchito hoye poroto.,"প্রদত্ত প্রসঙ্গ অনুযায়ী রাজস্ব বিক্রয় আইন, ১৭৯৩ সম্পর্কে কী তথ্য দেওয়া হয়েছে?","prodotto prosongo anujayi rajosbo bikroyo ain, 1793 somporke kii tothjo deoya hoyeche?",ফলে যথাসময়ে নির্ধারিত রাজস্ব প্রদান করা জমিদারদের জন্য অনিশ্চিত হয়ে পড়ত।,fole jothasomoye nirdharito rajosbo prodano kora jomidarodero jnno onishchito hoye poroto.,ফলে যথাসময়ে নির্ধারিত রাজস্ব প্রদান করা রায়তদের জন্য অনিশ্চিত হয়ে পড়ত।,fole jothasomoye nirdharito rajosbo prodano kora rayotodero jnno onishchito hoye poroto.,relational,bnp_012842,,
pilot_000224,no_context,antonym,low,,,'ঐকমত্য' শব্দের শুদ্ধ বিপরীত শব্দ কোনটি?,'oikomotjo' shobder shuddho biporito shobdo konti?,মতভেদ,motobhedo,স্বল্পভাষী,sbolpobhashi,fabricated,bnp_012898,,
pilot_000225,has_context,reading_comprehension,low,"দ্য লাঞ্চবক্স ২০১৩ সালের একটি ভারতীয় রোমান্টিক চলচ্চিত্র যা পরিচালনা করেছেন রিতেশ বাটরা এবং প্রযোজনায় গুণীত মোঙ্গা, অনুরাগ কাশ্যপ ও অরুণ রঙ্গচারী। ডার, ইউটিভি, ধর্ম প্রোডাকশনস, শিক্ষা এন্টারটেইনমেন্ট, এনএফডিসি সহ আরো কয়েকটি স্টুডিও যৌথভাবে চলচ্চিত্রটি প্রযোজনা করে।[1] এতে প্রধান চরিত্রে অভিনয় করেছেন ইরফান খান, নিমরাত কাউর এবং নওয়াজউদ্দিন সিদ্দিকী। চলচ্চিত্রটি কান চলচ্চিত্র উৎসবের আন্তর্জাতিক সমালোচকদের সপ্তাহে প্রদর্শিত হয় এবং পরবর্তীতে তা ক্রিটিকস উইক ভিউয়ারস চয়েস পুরস্কার তথা গ্র্যান্ড রেল ডি'অর জিতে নেয়।[2] এটি ২০১৩ সালের টরোন্টো চলচ্চিত্র উৎসবেও দেখানো হয়।[3] ভারতে চলচ্চিত্রটি মুক্তি দেয়া হয় সেবছর ২০ সেপ্টেম্বরে।[4] বক্স অফিসে এটি সাফল্য লাভ করে।[5]","djo lanchobokso 2013 saler ekta bharotiyo romantiko cholochchitro ja porichalona korechheno ritesho batora ebng projojonayo gunito mongga, onurago kashjopo o oruno ronggochari. daro, iutibhi, dhormo prodakoshonoso, shiksha entaroteinomento, enoefodisi soho aro koyekoti studio jouthobhabe cholochchitroti projojona kore.[1] ete prodhano choritre obhinoyo korechheno irofano khano, nimorato kauro ebong nooyajouddino siddiki. cholochchitroti kano cholochchitro utosobero antorjatiko somalochokodero soptahe prodorshito hoy ebong porobortite ta kritikoso uiko bhiuyaroso choyeso puroskaro totha grjando relo di'oro jite neyo.[2] eti 2013 shaler toronto cholochchitro utosobeo dekhano hoi.[3] bharote cholochchitroti mukti deya hoy sebochhoro 20 septembore.[4] bokso ofise eti safoljo labho kore.[5]",দ্য লাঞ্চবক্স চলচ্চিত্রটির নির্মাতা কে ?,djo lanchobokso cholochchitrotiro nirmata ke ?,অনুরাগ কাশ্যপ,onurago kashjopo,অভিনয় কাশ্যপ,obhinoyo kashjopo,relational,bnp_012919,,
pilot_000226,no_context,grammar,low,,,‘নীরদ’ শব্দের সন্ধি বিচ্ছেদ কী?,‘nirodo’ shobder sondhi bichchhedo ki?,নিঃ + রদ,nih + rodo,নিঃ + রধ,nih + rodho,fabricated,bnp_012947,,
pilot_000227,no_context,mathematics,low,,,"জিহাদ  তার গাছ থেকে ৫৪টি আম তুলেছিল। এক-তৃতীয়াংশ আম পাকলেও বাকি দুই-তৃতীয়াংশ এখনও পাকেনি। জিহাদ ১৬টি কাঁচা আম রেখেছিল এবং বাকিগুলি তার বোনকে দিয়েছিল যে সেগুলি কাচের পাত্রে আচার বানানর জন্য রেখেছিল। যদি একটি জার ভর্তি করতে ৪টি আম লাগে, তাহলে জিহাদ এর বোন আচারযুক্ত আমের কয়টি জার তৈরি করতে পারে?","jihado  tar gachho theke 54ta amo tulechhilo. eko-tritiyangsho amo pakoleo baki dui-tritiyangsho ekhonoo pakeni. jihado 16ti kacha amo rekhechhilo ebong bakiguli tar bonoke diyechhilo je seguli kachero patre acharo bananoro jonno rekhechhilo. jodi ekta jaro bhorti korte 4ta amo lage, tahle jihado er bono acharojukto amero koita jaro toiri korte pare?",৫,5,০,0,fabricated,bnp_012996,,
pilot_000228,has_context,reading_comprehension,low,কামাল খান (জন্ম: ২৫ এপ্রিল ১৯৮৯) হলেন একজন ভারতীয় সঙ্গীতশিল্পী যিনি সাধারণত বলিউড চলচ্চিত্রে প্লেব্যাক গায়ক হিসেবে কাজের জন্য সুপরিচিত। তিনি ২০১০ সালে ‘সা রে গা মা পা সিংগিং সুপারস্টার’ নামক একটি রিয়েলিটি গানের প্রতিযোগিতা বিজয়ী হয়েছিলেন। পরবর্তীতে তিনি ‘দ্য ডার্টি পিকচার’ (২০১২) নামক চলচ্চিত্রে 'ইশক সুফিয়ানা' গানটির জন্য জি সিনে অ্যাওয়ার্ডস-এর 'ফ্রেশ সিঙ্গিং ট্যালেন্ট ২০১২ (পুরুষ)' ক্যাটাগরিতে পুরস্কার লাভ করেন। ২০১৭ সালে তিনি কুওয়ার ভিরককে সাথে নিয়ে 'দিলি সারা' শিরোনামের পাঞ্জাবি গানে একক শিল্পী হিসেবে আত্মপ্রকাশ করেন। গানটি রাতারাতি সুপারহিট হয়ে যায়। ২০২২ সালের মে মাসের পরিসংখ্যা,kamalo khano (jonmo: 25 eprilo 1989) holeno ekojono bharotiyo songgitoshilpi jini sadharonoto boliudo cholochchitre plebjako gayoko hisebe kajero jonno suporichito. tini 2010 sale ‘sa re ga ma pa singging suparostaro’ namoko ekta riyeliti ganero protijogita bijoyi hoyechhileno. porobortite tini ‘djo darti pikocharo’ (2012) namoko cholochchitre 'ishoko sufiyana' ganotiro jnno ji sine ojaoyardoso-er 'fresho singging tjalento 2012 (purusho)' kjatagorite puroskaro labho koren. 2017 shale tini kuoyaro bhirokoke sathe niye 'dili sara' shironamero panjabi gane ekoko shilpi hisebe atmoprokasho korn. ganoti ratarati suparohito hoye jayo. 2022 shaler me masero porisongkhja,কামাল খান কবে জন্মগ্রহণ করেন?,kamalo khano kobe jonmogrohono koren?,কামাল খান (জন্ম: ২৫ এপ্রিল ১৯৮৯) হলেন একজন ভারতীয় সঙ্গীতশিল্পী যিনি সাধারণত বলিউড চলচ্চিত্রে প্লেব্যাক গায়ক হিসেবে কাজের জন্য সুপরিচিত।,kamalo khano (jonmo: 25 eprilo 1989) holeno ekojono bharotiyo songgitoshilpi jini sadharonoto boliudo cholochchitre plebjako gayoko hisebe kajero jnno suporichito.,২৫ এপ্রিল ২০১০,25 eprilo 2010,numeric,bnp_013028,,
pilot_000229,has_context,reading_comprehension,low,"জানুয়ারি, ১৯৯২ সালে অ্যাডিলেডে অস্ট্রেলিয়া ও ভারতের মধ্যকার খেলা পরিচালনার মাধ্যমে আম্পায়ার হিসেবে অভিষেক ঘটে তাঁর। আইসিসি নীতিমালা অনুযায়ী ২০০২ সাল থেকে হেয়ারকে অস্ট্রেলিয়ার বাইরে টেস্ট খেলা পরিচালনা করতে হয়েছে ও অস্ট্রেলিয়ার কোন টেস্টে খেলা পরিচালনা করেননি। ২৬ থেকে ২৯ ডিসেম্বর, ২০০১ তারিখে মেলবোর্নে অস্ট্রেলিয়ার প্রতিপক্ষ দক্ষিণ আফ্রিকার মধ্যকার খেলাটি সর্বশেষবারের মতো নিজ দেশে টেস্ট পরিচালনা করেছিলেন। ওয়েস্ট ইন্ডিয়ান আম্পায়ার এডি নিকোলসকে সাথে নিয়ে খেলাটি পরিচালনা করেছিলেন।","januyari, 1992 sale ojadilede ostreliya o bharoter modhjokaro khela porichalonaro madhjome ampayaro hisebe obhisheko ghote taro. aisisi nitimala anujayi 2002 shal theke heyaroke ostreliyaro baire testo khela porichalona korte hoyeche o ostreliyaro kon teste khela porichalona korenoni. 26 theke 29 disemboro, 2001 tarikhe meloborne ostreliyaro protipoksho dokshino afrikaro modhjokaro khelati sorbosheshobarero moto nijo deshe testo porichalona korechhileno. oyesto indiyano ampayaro edi nikolosoke sathe niye khelati porichalona korechhileno.",অনুচ্ছেদের ভিত্তিতে “ওয়েস্ট ইন্ডিয়ান আম্পায়ার এডি নিকোলসকে” বিষয়ে কোন বক্তব্যটি সঠিক?,onuchchhedero bhittite “oyesto indiyano ampayaro edi nikolosoke” bishoye kon boktobjoti sothik?,ওয়েস্ট ইন্ডিয়ান আম্পায়ার এডি নিকোলসকে সাথে নিয়ে খেলাটি পরিচালনা করেছিলেন।,oyesto indiyano ampayaro edi nikolosoke sathe niye khelati porichalona korechhileno.,ওয়েস্ট ইন্ডিয়ান আম্পায়ার এডি নিকোলসকে সাথে নিয়ে খেলাটি পরিচালনা করেননি।,oyesto indiyano ampayaro edi nikolosoke sathe niye khelati porichalona korenoni.,relational,bnp_013108,,
pilot_000230,has_context,reading_comprehension,low,"হার্ভার্ড বিশ্ববিদ্যালয়ে স্নাতক-পূর্ব শ্রেণীতে অধ্যয়রত অবস্থায় ওপেনহেইমার ল্যাটিন, গ্রীক, পদার্থবিদ্যা, রসায়ন প্রভৃতি বিষয়ে দক্ষ হয়ে উঠেন। ১৯২৫ সালে স্নাতক ডিগ্রী লাভ করেন। এরপর তিনি গবেষণাকর্মের জন্যে ইংল্যান্ড যান। ক্যামব্রিজ বিশ্ববিদ্যালয়ের ক্যাভেন্ডিস ল্যাবরেটরিতে লর্ড আর্নেস্ট রাদারফোর্ডের তত্ত্বাবধানে আণবিক গঠন বিষয়ে গবেষণা চালান। ক্যাভেন্ডিস ল্যাবরেটরিতে অবস্থানকালে তিনি পারমাণবিক গবেষণার উন্নয়নে ব্রিটিশ বৈজ্ঞানিক সম্প্রদায়ের সাথে মতবিনিময়ের সুযোগ পান। এরপর ম্যাক্স বর্নের ছত্রচ্ছায়াও তিনি অধ্যাপনা করেন। সেখানে তিনি নিলস বোর এবং পি.এ.এম. দিরাক প্রমূখ প্রথিতযশা পদার্থবিদদের সাহচর্য্য পান। ১৯২৭ সালে তিনি ডক্টরেট ডিগ্রী অর্জন করেন। লেইডেন এবং জুরিখের বিজ্ঞান কেন্দ্রগুলোয় সংক্ষিপ্ত পরিদর্শন শেষে মার্কিন যুক্তরাষ্ট্রে ফিরে আসেন ওপেনহেইমার। এরপর ক্যালিফোর্নিয়া বিশ্ববিদ্যালয় ও ক্যালিফোর্নিয়া ইনস্টিটিউট অব টেকনোলজিতে অধ্যাপনা করেন।","harbhardo bishbobidjaloye snatoko-purbo shrenite odhjoyoroto obosthayo openoheimaro ljatino, griko, podarthobidja, rosayono probhriti bishoye doksho hoye utheno. 1925 sale snatoko digri labho koren. eroporo tini gobeshonakormero jonje ingljando jano. kjamobrijo bishbobidjaloyero kjabhendiso ljaboretorite lordo arnesto radarofordero tottbabodhane anobiko gothono bishoye gobeshona chalano. kjabhendiso ljaboretorite obosthanokale tini paromanobiko gobeshonaro unnoyone britisho boijnaniko somprodayero sathe motobinimoyero sujogo pano. eroporo mjakso bornero chhotrochchhayao tini odhjapona koren. sekhane tini niloso boro ebong pi.e.emo. dirako promukho prothitojosha podarthobidodero sahochorjjo pano. 1927 sale tini doktoreto digri orjono korn. leideno ebong jurikhero biggan kendroguloyo songkshipto poridorshono sheshe markino juktorashtre fire aseno openoheimaro. eroporo kjaliforniya bishbobidjaloyo o kjaliforniya inostitiuto obo tekonolojite odhjapona koren.",জুলিয়াস রবার্ট ওপেনহেইমার কোন বিশ্ববিদ্যালয়ের ছাত্র ছিলেন ?,juliyaso robarto openoheimaro kon bishbobidjaloyero chhatro chhileno ?,হার্ভার্ড বিশ্ববিদ্যালয়ে,harbhardo bishbobidjaloye,হার্ভার্ড ক্যালিফোর্নিয়া,harbhardo kjaliforniya,relational,bnp_013138,,
pilot_000231,no_context,antonym,low,,,'কিনি' শব্দের শুদ্ধ বিপরীত শব্দ কোনটি?,'kini' shobder shuddho biporito shobdo konti?,বিকি,biki,পরোক্ষ,poroksho,fabricated,bnp_013186,,
pilot_000232,no_context,science,low,,,আত্মসংবৃতি ও অ্যাসপারগারের সংলক্ষণ DSM-IV-TR অনুযায়ী কয়টি পরিব্যাপক বিকাশমূলক ব্যাধির (PDD) মধ্যে দুইটি হিসেবে অন্তর্ভুক্ত?,atmosongbriti o ojasoparogarero songlokshono dsm-iv-tr onujayi koyti poribjapoko bikashomuloko bjadhiro (pdd) moddhe duiti hisebe ontorbhukto?,পাঁচটি,pachoti,তিনটি,tinoti,fabricated,bnp_013195,,
pilot_000233,no_context,idiom_meaning,low,,,"""ঘর তোলা"" এর ভাবার্থ কী?","""ghoro tola"" er bhabartho ki?",ঘর তৈরি করা,ghoro toiri kora,"ওত পেতে থাকা, লুকিয়ে বসে থাকা","oto pete thaka, lukiye bose thaka",fabricated,bnp_013227,,
pilot_000234,has_context,reading_comprehension,low,"বহু রাজ্য ও যুদ্ধবাজ নেতাদের শাসনামলে চৈনিক রাজবংশগুলো চীনের একটি অংশ শাসন করত। যার সীমানা বর্তমান জিংজিয়ান এবং তিব্বত পর্যন্ত বিস্তৃত ছিল। ২২১ খ্রিস্টপূর্বাব্দে কিন শি হুয়াং বিভিন্ন যুদ্ধরত রাজ্যগুলোকে একত্রিত করে কীন বংশের একটি ক্ষুদ্র “সাম্রাজ্য” (হুয়াংডি) প্রতিষ্ঠা করে, চৈনিক সম্রাজ্যের ইতিহাসে শুরু করেন। পরবর্তী রাজবংশগুলো একটি জনপ্রশাসন ব্যবস্থা প্রতিষ্ঠা করেছিল যা ক্রমে তৎকালিন চীনের বিশাল এলাকায় চৈনিক সম্রাটের নিয়ন্ত্রন প্রতিষ্ঠা করতে সাহায্য করে। চীনের সর্বশেষ সাম্রাজ্য ছিল কিং সাম্রাজ্য (১৬৪৪ থেকে ১৯১২), যার উচ্ছেদের পর ১৯১২ সালে রিপাবলিক অব চায়না, এবং ১৯৪৯ সালে গনপ্রজাতন্ত্রী চীন প্রতিষ্ঠিত হয়।","bohu rajjo o juddhobajo netadero shasonamole choiniko rajobongshogulo chinero ekta ongsho shasono koroto. jaro simana bortomano jingjiyano ebong tibboto porjonto bistrito chilo. 221 khristopurbabde kino shi huyang bibhinno juddhoroto rajjoguloke ekotrito kore kino bongshero ekti kshudro “samrajjo” (huyangdi) protishtha kore, choiniko somrajjero itihase shuru koren. poroborti rajobongshogulo ekta jonoproshasono bjobostha protishtha korechhilo ja krome totokalino chinero bishalo elakayo choiniko somratero niyontrono protishtha korte sahajjo kore. chinero sorboshesho samrajjo silo king samrajjo (1644 theke 1912), jaro uchchhedero poro 1912 sale ripaboliko obo chayona, ebng 1949 sale gonoprojatontri chino protishthito hoi.",চিন সাম্রাজ্যের প্রতিষ্ঠাতা কে ?,chino samrajjero protishthata ke ?,কিন শি হুয়াং,kino shi huyang,কিন শি করেছিল,kino shi korechhilo,relational,bnp_013229,,
pilot_000235,no_context,grammar,low,,,"তিনি বললেন, ""দয়া করে ভিতরে আসুন।""  বাক্যটি কিসের উদাহরণ?","tini bololeno, ""doya kore bhitore asuno.""  bakjoti kisero udahorono?",প্রত্যক্ষ উক্তির,protjoksho uktiro,কতৃর্বাচ্যের,kotrirbachjero,fabricated,bnp_013232,,
pilot_000236,has_context,reading_comprehension,low,"রিচা গঙ্গোপাধ্যায় (জন্ম নামঃ অন্তরা রিচা গঙ্গোপাধ্যায়, জন্মঃ ২০ মার্চ ১৯৮৬)[1] একজন ভারতীয় চলচ্চিত্র অভিনেত্রী, মডেল এবং প্রাক্তন বিউটি কুইন। বিভিন্ন বাণিজ্যিক বিজ্ঞাপনে কাজের পর, ২০১০ সালে তেলেগু রাজনৈতিক সিনেমা “লিডার” –এ অভিনয়ের মাধ্যমে তার চলচ্চিত্র জগতে অভিষেক ঘটে। চলচ্চিত্রে তার অভিনয় শুরু করার পর থেকে তিনি অনেক বাণিজ্যিকভাবে সফল তেলেগু সিনেমায় অভিনয় করেছেন, যেমনঃ “মিরাপাক্কায়” এবং “মির্‌চী”। ২০১১ সালে তিনি প্রথমবারের মত তামিল সিনেমায় অভিনয় করেন, “মায়াক্কাম এন্না”, এই সিনেমায় তার অভিনয় অনেক ইতিবাচক মতামত অর্জন করে।","richa gonggopadhjayo (jonmo namoh ontora richa gonggopadhjayo, jonmoh 20 marcho 1986)[1] ekojono bharotiyo cholochchitro obhinetri, modelo ebong praktono biuti kuino. bibhinno banijjiko bijnapone kajero poro, 2010 sale telegu rajonoitiko sinema “lidaro” –e obhinoyero madhjome tar cholochchitro jogote obhisheko ghote. cholochchitre tar obhinoyo shuru koraro poro theke tini oneko banijjikobhabe sofolo telegu sinemayo obhinoyo korechheno, jemonoh “mirapakkayo” ebong “mir‌chi”. 2011 sale tini prothomobarero moto tamilo sinemayo obhinoyo koren, “mayakkamo enna”, ei sinemayo tar obhinoyo oneko itibachoko motamoto orjono kore.",প্রদত্ত অনুচ্ছেদে “বিভিন্ন বাণিজ্যিক বিজ্ঞাপনে কাজের পর” সম্পর্কে মূল বক্তব্যটি কী?,prodotto onuchchhede “bibhinno banijjiko bijnapone kajero poro” somporke mulo boktobjoti ki?,"বিভিন্ন বাণিজ্যিক বিজ্ঞাপনে কাজের পর, ২০১০ সালে তেলেগু রাজনৈতিক সিনেমা “লিডার” –এ অভিনয়ের মাধ্যমে তার চলচ্চিত্র জগতে অভিষেক ঘটে।","bibhinno banijjiko bijnapone kajero poro, 2010 shale telegu rajonoitiko sinema “lidaro” –e obhinoyero madhjome tar cholochchitro jogote obhisheko ghote.","বিভিন্ন বাণিজ্যিক বিজ্ঞাপনে কাজের পর, ২০১১ সালে তেলেগু রাজনৈতিক সিনেমা “লিডার” –এ অভিনয়ের মাধ্যমে তার চলচ্চিত্র জগতে অভিষেক ঘটে।","bibhinno banijjiko bijnapone kajero poro, 2011 sale telegu rajonoitiko sinema “lidaro” –e obhinoyero madhjome tar cholochchitro jogote obhisheko ghote.",numeric,bnp_013281,,
pilot_000237,no_context,mathematics,low,,,"হিরণ ৩০ টি কুমড়ো গাছ চাষ করেছিল, ফিরহাদ ২০ টি কুমড়ো গাছ চাষ করেছিল এবং জোৎস্না ২০ টি কুমড়ো গাছ চাষ করেছে। তারা মোট কতগুলি কুমড়ো গাছ চাষ করেছে?","hirono 30 ta kumoro gachho chasho korechhilo, firohado 20 ta kumoro gachho chasho korechhilo ebng jotosna 20 ti kumoro gachho chasho korechhe. tara mot kotogula kumoro gachho chasho korechhe?",70,70,71,71,fabricated,bnp_013352,,
pilot_000238,no_context,grammar,low,,,‘অতৈশ্বর্য’ শব্দের সন্ধি বিচ্ছেদ কী?,‘otoishborjo’ shobder sondhi bichchhedo kii?,অতি + ঐশ্বর্য,oti + oishborjo,অতি + ঐশ্বর্জ,oti + oishborjo,fabricated,bnp_013354,,
pilot_000239,has_context,history,low,অবশেষে ১৯৭১ সালের ২৮ সেপ্টেম্বর ভারতের ডিমাপুরে গঠিত হয় বাংলাদেশ বিমান বাহিনী। শুরুতে বাংলাদেশ বিমান বাহিনীর জনবল ছিলেন পাকিস্তান বিমান বাহিনীর পক্ষত্যাগী বাঙালি কর্মকর্তা ও বিমানসেনারা।,obosheshe 1971 shaler 28 septemboro indian dimapure gothito hoi bangladesh bimano bahini. shurute bangladesh bimano bahiniro jonobolo chhileno pakistano bimano bahiniro pokshotjagi bangali kormokorta o bimanosenara.,বাংলাদেশ বিমান বাহিনী কবে এবং কোথায় গঠিত হয়?,bangladesh bimano bahini kobe ebng kothay gothito hoi?,"১৯৭১ সালের ২৮ সেপ্টেম্বর, ভারতের ডিমাপুরে","1971 shaler 28 septemboro, bharoter dimapure","১৯৭১ সালের ২৮ অক্টোবর, ভারতের আগরতলায়","1971 saler 28 oktoboro, indian agorotolayo",numeric,bnp_013356,,
pilot_000240,no_context,mathematics,low,,,সেরা হকি লীগে প্রথম মৌসুমের শেষ হকি ম্যাচে কাজি চারটি গোল করেছিলেন। তার ভাই দলে থাকা তিনটি মৌসুমের প্রতিটি খেলায় কাজি গত ম্যাচে যত গোল করেছেন তার দ্বিগুণ গোল করেছেন। প্রতি মৌসুমে ৫০টি খেলা থাকে। আগের ম্যাচে লুই ৪০টি গোল করলে তাদের মধ্যে ভাইয়েরা মোট কতটি গোল করেছে?,sera hoki lige prthom mousumero shesho hoki mjache kaji charoti golo korechhileno. tar bhai dole thaka tinoti mousumero protita khelayo kaji goto mjache joto golo korechheno tar dbiguno golo korechheno. prti mousume 50ta khela thak. agero mjache lui 40ta golo korole tader modhye bhaiyera mott kototi golo korechhe?,১২৪৪,1244,১৪২৪,1424,fabricated,bnp_013404,,
pilot_000241,has_context,law,low,"(ক) নারী ও শিশু নির্যাতন দমন ট্রাইব্যুনাল- নারী ও শিশু নির্যাতন দমন আইন, ২০০০ এ উল্লেখিত অপরাধসমূহের বিচার অত্র ট্রাইব্যুনাল কর্তৃক সম্পাদিত হয়।","(ko) nari o shishu nirjatono domono traibjunalo- nari o shishu nirjatono domono ain, 2000 e ullekhito oporadhosomuhero bicharo otro traibjunalo kortriko sompadito hoi.",প্রদত্ত প্রসঙ্গ অনুযায়ী বাংলাদেশের আদালতের এখতিয়ার সম্পর্কে কী তথ্য দেওয়া হয়েছে?,prodotto prosongo anujayi bangladesher adalotero ekhotiyaro somporke ki tothjo deoya hoise?,"(ক) নারী ও শিশু নির্যাতন দমন ট্রাইব্যুনাল- নারী ও শিশু নির্যাতন দমন আইন, ২০০০ এ উল্লেখিত অপরাধসমূহের বিচার অত্র ট্রাইব্যুনাল কর্তৃক সম্পাদিত হয়।","(ko) nari o shishu nirjatono domono traibjunalo- nari o shishu nirjatono domono ain, 2000 e ullekhito oporadhosomuhero bicharo otro traibjunalo kortriko sompadito hoy.","(ক) নারী ও শিশু নির্যাতন দমন ট্রাইব্যুনাল- নারী ও শিশু নির্যাতন দমন আইন, ২০০১ এ উল্লেখিত অপরাধসমূহের বিচার অত্র ট্রাইব্যুনাল কর্তৃক সম্পাদিত হয়।","(ko) nari o shishu nirjatono domono traibjunalo- nari o shishu nirjatono domono ain, 2001 e ullekhito oporadhosomuhero bicharo otro traibjunalo kortriko sompadito hoi.",numeric,bnp_013405,,
pilot_000242,no_context,grammar,low,,,সবর্নামের বহুবচন কোনটি?,sobornamero bohubochono konti?,তোমরা,tomora,মেঘমালা,meghomala,fabricated,bnp_013457,,
pilot_000243,no_context,science,low,,,স্বচ্ছ টাচস্ক্রিন কত সালে উদ্ভাবন করা হয়?,sbochchho tachoskrino koto shale udbhabono kora hoy?,১৯৭৪ সালে,1974 sale,২০০৭ সালে,2007 sale,fabricated,bnp_013479,,
pilot_000244,no_context,idiom_meaning,low,,,"""আমির-উমরা"" এর ভাবার্থ কী?","""amiro-umora"" er bhabartho kii?","গণ্যমান্য, প্রতিপত্তিযুক্ত, প্রভাবশালী","gonjomanjo, protipottijukto, probhaboshali",পেট ভরে আহার,peto bhore aharo,fabricated,bnp_013515,,
pilot_000245,has_context,reading_comprehension,low,"সোহেল আহমেদ (জন্ম ১০ ফেব্রুয়ারি ১৯৯২) একজন ইংরেজ সামাজিক কর্মী, প্রাক্তন ইসলামপন্থী এবং চরমপন্থী মুসলিম  একজন সমকামী পুরুষ হিসেবে নিজের পরিচয় প্রকাশ করার পর, তিনি এখন উগ্রবাদ বিরোধী, সন্ত্রাসবাদ বিরোধী এবং সামাজিক সংহতি নিয়ে কাজ করেন। তিনি মিডিয়ায় উপস্থিত হয়েছেন এবং তার ব্যক্তিগত যাত্রা, মুসলিম বিশ্বে এলজিবিটি অধিকার এবং ইসলামি উগ্রবাদ নিয়ে বেশ কয়েকটি প্রকাশনায় লিখেছেন। ২০১৫ সালে কুইন মেরি ইউনিভার্সিটির পদার্থবিদ্যার ছাত্র থাকাকালীন তিনি বলেছিলেন যে তিনি সেই বিশ্ববিদ্যালয়ে উগ্রবাদ এবং জিহাদবাদ প্রত্যক্ষ করেছেন।","sohelo ahomedo (jonmo 10 februyari 1992) ekojono ingrejo samajiko kormi, praktono isolamoponthi ebong choromoponthi musolimo  ekojono somokami purusho hisebe nijero porichoyo prokasho koraro poro, tini ekhon ugrobado birodhi, sontrasobado birodhi ebng samajiko songhoti niye kajo korn. tini midiyayo uposthito hoyechheno ebng tar bjoktigoto jatra, musolimo bishbe elojibiti odhikaro ebng isolami ugrobado niye besho koyekoti prokashonayo likhechheno. 2015 sale kuino meri iunibharsitiro podarthobidjaro chhatro thakakalino tini bolechhileno je tini sei bishbobidjaloye ugrobado ebng jihadobado protjoksho korechheno.",সোহেল আহমেদ (অ্যাক্টিভিস্ট) কবে জন্মগ্রহণ করেন?,sohelo ahomedo (ojaktibhisto) kobe jonmogrohono koren?,"সোহেল আহমেদ (জন্ম ১০ ফেব্রুয়ারি ১৯৯২) একজন ইংরেজ সামাজিক কর্মী, প্রাক্তন ইসলামপন্থী এবং চরমপন্থী মুসলিম একজন সমকামী পুরুষ হিসেবে নিজের পরিচয় প্রকাশ করার পর, তিনি এখন উগ্রবাদ বিরোধী, সন্ত্রাসবাদ বিরোধী এবং সামাজিক সংহতি নিয়ে কাজ করেন।","sohelo ahomedo (jonmo 10 februyari 1992) ekojono ingrejo samajiko kormi, praktono isolamoponthi ebng choromoponthi musolimo ekojono somokami purusho hisebe nijero porichoyo prokasho koraro poro, tini ekhon ugrobado birodhi, sontrasobado birodhi ebong samajiko songhoti niye kajo korn.",১০ ফেব্রুয়ারি ২০১৫,10 februyari 2015,numeric,bnp_013557,,
pilot_000246,has_context,reading_comprehension,low,"৫ই নভেম্বর, ২০০৭ সালে ওপেন হ্যান্ডসেট এল্যায়েন্স সূচনা করে যাতে ছিল ব্রডকম কর্পোরেশন, গুগল, এইচটিসি, ইন্টেল, এলজি, মার্ভেল টেকনোলজি গ্রুপ, মটোরোলা, এনভিডিয়া, কোয়ালকম, স্যামস্যাং ইলেক্ট্রনিকস, স্প্রিন্ট নেক্সটেল,  টি-মোবাইল এবং টেক্সাস ইনস্ট্রুমেন্ট। ওপেন হ্যান্ডসেট এল্যায়েন্সের উদ্দেশ্য হল মুক্ত ধরনের মোবাইল হ্যান্ডসেট প্লাটফর্ম তৈরী করা[9]। একই দিনে, ওপেন হ্যান্ডসেট এল্যায়েন্স তাদের প্রথম পণ্য অ্যানড্রয়েড ছাড়ে যা লিনাক্স কারনেল ২.৬.২৫ এর উপর ভিত্তি করে তৈরী[9][36]। প্রথম বাণিজ্যিকভাবে ছাড়া স্মার্টফোনটি ছিল এইচটিসি ড্রিম যা ২০০৮ সালের ২২ অক্টোবর ছাড়া হয়।[37]","5i nobhemboro, 2007 shale openo hjandoseto eljayenso suchona kore jate chilo brodokomo korporeshono, gugolo, eichotisi, intelo, eloji, marbhelo tekonoloji grupo, motorola, enobhidiya, koyalokomo, sjamosjang ilektronikoso, sprinto neksotelo,  ta-mobailo ebng teksaso inostrumento. openo hjandoseto eljayensero uddeshjo holo mukto dhoronero mobailo hjandoseto platoformo toiri kora[9]. ekoi dine, openo hjandoseto eljayenso tader prthom ponjo ojanodroyedo chhare ja linakso karonelo 2.6.25 er uporo bhitti kore toiri[9][36]. prothom banijjikobhabe chhara smartofonoti chilo eichotisi drimo ja 2008 shaler 22 oktoboro chhara hoi.[37]",বিশ্বের প্রথম স্মার্টফোনের নাম কী ?,bishbero prthom smartofonero naam kii ?,এইচটিসি ড্রিম,eichotisi drimo,অক্টোবর ড্রিম,oktoboro drimo,relational,bnp_013672,,
pilot_000247,has_context,reading_comprehension,low,"হ্যারি পটার (Harry Potter হচ্ছে ব্রিটিশ লেখিকা জে. কে. রাউলিং রচিত সাত খন্ডের কাল্পনিক উপন্যাসের একটি সিরিজ। এই সিরিজের উপন্যাসগুলিতে জাদুকরদের পৃথিবীর কথা বলা হয়েছে এবং কাহিনী আবর্তিত হয়েছে হ্যারি পটার নামের এক কিশোর জাদুকরকে ঘিরে, যে তার প্রিয় বন্ধু রন উইজলি ও হারমায়নি গ্রেঞ্জারকে সাথে নিয়ে নানা অ্যাডভেঞ্চারে অংশ নেয়। কাহিনীর বেশিরভাগ ঘটনা ঘটেছে হগওয়ার্টস স্কুল অব উইচক্র্যাফট এন্ড উইজার্ডরিতে। মূল চরিত্র হ্যারি পটারের বড় হওয়ার পথে যেসব ঘটনা ঘটে, তার শিক্ষাজীবন, সম্পর্ক ও অ্যাডভেঞ্চার নিয়েই কাহিনী রচিত হয়েছে। আবার বইটিতে মানুষের বন্ধুত্ব, উচ্চাশা, ইচ্ছা, গর্ব, সাহস, ভালবাসা, মৃত্যু প্রভৃতিকে জাদুর দুনিয়ার জটিল ইতিহাস, বৈচিত্র্যপূর্ণ অধিবাসী, অনন্য সংস্কৃতি ও সমাজ প্রভৃতির দৃষ্টিকোণ থেকে বর্ণনা করা হয়েছে। এর কাহিনী মূলত কালো-যাদুকর লর্ড ভলডেমর্ট, যে জাদু সাম্রাজ্যে প্রতিপত্তি লাভের উদ্দেশ্যে হ্যারির বাবা-মাকে হত্যা করেছিল ও তার চিরশত্রু হ্যারি পটারকে কেন্দ্র করেই আবর্তিত হয়েছে।","hjari potaro (harry potter hochchhe britisho lekhika je. ke. rauling rochito sato khondero kalponiko uponjasero ekta sirijo. ei sirijero uponjasogulite jadukorodero prithibiro kotha bola hoise ebng kahini abortito hoyeche hjari potaro namero eko kishoro jadukoroke ghire, je tar priyo bondhu rono uijoli o haromayoni grenjaroke sathe niye nana ojadobhenchare ongsho neyo. kahiniro beshirobhago ghotona ghotechhe hogooyartoso skulo obo uichokrjafoto endo uijardorite. mulo choritro hjari potarero boro hooyaro pothe jesobo ghotona ghote, tar shikshajibono, somporko o ojadobhencharo niyei kahini rochito hoyeche. abaro boitite manushero bondhutbo, uchchasha, ichchha, gorbo, sahoso, bhalobasa, mritju probhritike jaduro duniyaro jotilo itihas, boichitrjopurno odhibasi, ononjo songskriti o somajo probhritiro drishtikono theke bornona kora hoyeche. er kahini muloto kalo-jadukoro lordo bholodemorto, je jadu samrajje protipotti labhero uddeshje hjariro baba-make hotja korechhilo o tar chiroshotru hjari potaroke kendro korei abortito hoyeche.",হ্যারি পটার সিরিজের রচয়িতা কে ?,hjari potaro sirijero rochoyita ke ?,জে. কে. রাউলিং,je. ke. rauling,জে. কে. Potter,je. ke. potter,relational,bnp_013684,,
pilot_000248,has_context,reading_comprehension,low,"আলাউদ্দিন খিলজি ছিলেন খিলজি বংশের প্রতিষ্ঠাতা জালালুদ্দিন খিলজির ভাতিজা এবং জামাতা। বীরভূমদেরকে পরাজিত করে জালালুদ্দিন খিলজি যখন দিল্লি দখল করে নেন। তখন আলাউদ্দিন খিলজিকে আমির-ই-তুজুখ বা উদযাপন মন্ত্রী পদ দেওয়া হয়। ১২৯১ সালে জালালুদ্দিন খিলজি তার ভাতিজা আলাউদ্দিন খিলজির হাতে কারা্(কানপুরের নিকটবর্তী এক এলাকা)নামক অঞ্চলের শাসনভার তুলে দেন। ১২৯৬ সালে আলাউদ্দিন খিলজি বসিলা অবরোধ করে জালালুদ্দিন খিলজির কাছে থেকে আবাধ(উত্তর-প্রদেশ) দখল করে সেটা শাসন করা শুরু করেন। ১২৯৬ সালে দেভাগিরি অবরোধ করেন এবং জালালুদ্দিনের বিপুল পরিমানের সম্পদ দখল করে নেন।জালালুদ্দিন খিলজিকে হত্যা করে, তিনি দিল্লিতে নিজের শাসন প্রতিষ্ঠা করেন এবং পরবর্তীতে জালালুদ্দিনের ছেলের কাছ থেকে মুলতান দখল করে নেন।","alauddino khiloji chhileno khiloji bongshero protishthata jalaluddino khilojiro bhatija ebng jamata. birobhumoderoke porajito kore jalaluddino khiloji jokhono dilli dokholo kore neno. tokhono alauddino khilojike amiro-i-tujukho ba udojapono montri podo deoya hoy. 1291 shale jalaluddino khiloji tar bhatija alauddino khilojiro hate kara(kanopurero nikotoborti eko elaka)namoko oncholero shasonobharo tule deno. 1296 shale alauddino khiloji bosila oborodho kore jalaluddino khilojiro kase theke abadho(uttor-prodesho) dokholo kore seta shasono kora shuru korn. 1296 shale debhagiri oborodho koren ebng jalaluddinero bipulo porimanero sompodo dokholo kore neno.jalaluddino khilojike hotja kore, tini dillite nijero shasono protishtha koren ebng porobortite jalaluddinero chhelero kachho theke mulotano dokholo kore neno.",খিলজি বংশের প্রতিষ্ঠা কবে হয় ?,khiloji bongshero protishtha kobe hoy ?,জালালুদ্দিন খিলজি,jalaluddino khiloji,প্রতিষ্ঠাতা খিলজি,protishthata khiloji,relational,bnp_013762,,
pilot_000249,no_context,grammar,low,,,"""বিদ্বানকে সকলেই আদর করে।""  বাক্যটি কমর্বাচ্যে কী হবে?","""bidbanoke sokolei adoro kore.""  bakjoti komorbachje ki hobe?",বিদ্বান সকলের দ্বারা আদৃত হন,bidbano sokolero dbara adrito hono,বিদ্বান সকলের দ্বারা সমথির্ত,bidbano sokolero dbara somothirto,fabricated,bnp_013765,,
pilot_000250,has_context,reading_comprehension,low,"মোহাম্মদ মিঠুন আলী (জন্ম: ১৩ ফেব্রুয়ারি ১৯৯১) বাংলাদেশের একজন ক্রিকেটার। বাংলাদেশ জাতীয় ক্রিকেট দলের সদস্য মিঠুন আলী’র টুয়েন্টি২০ আন্তর্জাতিক ক্রিকেট খেলায় অভিষেক ঘটে সফরকারী শ্রীলঙ্কা ক্রিকেট দলের বিপক্ষে। ১২ ফেব্রুয়ারি, ২০১৪ তারিখে চট্টগ্রামের জহুর আহমেদ চৌধুরী স্টেডিয়ামে অনুষ্ঠিত ১ম টি২০আইয়ে তিনি অভিষিক্ত হন। প্রথম-শ্রেণীর ক্রিকেটে ২০০৬/০৭ মৌসুমে সিলেট বিভাগের হয়ে ক্রিকেটে তার প্রথম অংশগ্রহণ। খেলায় তিনি মূলতঃ উইকেট-রক্ষক হিসেবে অংশগ্রহণ করে থাকেন। পাশাপাশি ডানহাতে ব্যাটিং করে থাকেন। বাংলাদেশ প্রিমিয়ার লিগে (বিপিএল) তিনি ঢাকা ক্যাপিটালসের হয়ে খেলেন।","mohammodo mithuno ali (jonmo: 13 februyari 1991) bangladesher ekojono kriketaro. bangladesh jatio kriketo dolero sodosjo mithuno ali’ro tuyenti20 antorjatiko kriketo khelayo obhisheko ghote soforokari shrilongka kriketo dolero bipokshe. 12 februyari, 2014 tarikhe chottogramero johuro ahomedo choudhuri stediyame onushthito 1mo ta20aiye tini obhishikto hono. prthom-shreniro krikete 2006/07 mousume sileto bibhagero hoye krikete tar prothom ongshogrohono. khelayo tini mulotoh uiketo-rokshoko hisebe ongshogrohono kore thakeno. pashapashi danohate bjating kore thakeno. bangladesh primiyaro lige (bipielo) tini dhaka kjapitalosero hoye kheleno.",মোহাম্মদ মিঠুন কবে জন্মগ্রহণ করেন?,mohammodo mithuno kobe jonmogrohono koren?,মোহাম্মদ মিঠুন আলী (জন্ম: ১৩ ফেব্রুয়ারি ১৯৯১) বাংলাদেশের একজন ক্রিকেটার।,mohammodo mithuno ali (jonmo: 13 februyari 1991) bangladesher ekojono kriketaro.,১৩ ফেব্রুয়ারি ২০১৪,13 februyari 2014,numeric,bnp_013801,,
pilot_000251,no_context,science,low,,,জগদীশচন্দ্র বসু কোন সালে ক্রিস্টাল ডায়োড ব্যবহার করে রেডিও সংকেত পুনরুদ্ধার করতে সক্ষম হন?,jogodishochondro bosu kon shale kristalo dayodo bjoboharo kore redio songketo punoruddharo korte sokshomo hono?,১৮৯৪ সালে,1894 sale,৯৬৪ সালে,964 shale,fabricated,bnp_013822,,
pilot_000252,has_context,history,low,বাংলা ভাষার মর্যাদা রক্ষায় এই অনন্য অবদানের স্বীকৃতিস্বরূপ ইউনেস্কো ১৯৯৯ সালে ২১ ফেব্রুয়ারিকে আন্তর্জাতিক মাতৃভাষা দিবস হিসেবে ঘোষণা করে।,bangla bhasharo morjada rokshayo ei ononjo obodanero sbikritisborupo iunesko 1999 sale 21 februyarike antorjatiko matribhasha dibosh hisebe ghoshona kore.,বাংলা ভাষা আন্দোলনের অবদান স্বীকৃতির ফলে বিশ্বব্যাপী কী উদযাপিত হয়?,bangla bhasha andolonero obodano sbikritiro fole bishbobjapi kii udojapito hoi?,আন্তর্জাতিক মাতৃভাষা দিবস,antorjatiko matribhasha dibosh,আন্তর্জাতিক মাতৃভাষা দিবষ,antorjatiko matribhasha dibosho,relational,bnp_013840,,
pilot_000253,has_context,history,low,প্রথম গ্যালারিতে প্রাগৈতিহাসিক কাল থেকে ১৯৭০ সাল পর্যন্ত কালপর্বে এই জনপদের প্রতিনিধিত্বমূলক প্রত্ননিদর্শন রয়েছে। দ্বিতীয় গ্যালারিতে ১৯৭১ সালে বঙ্গবন্ধুর ঐতিহাসিক ৭ মার্চের ভাষণের ঘটনা থেকে ১৭ এপ্রিল মেহেরপুরের বৈদ্যনাথতলায় প্রবাসী সরকার গঠন পর্ব পর্যন্ত রয়েছে।,prthom gjalarite pragoitihasiko kalo theke 1970 sal porjonto kaloporbe ei jonopodero protinidhitbomuloko protnonidorshono royeche. dbitiyo gjalarite 1971 shale bonggobondhuro oitihasiko 7 marchero bhashonero ghotona theke 17 eprilo meheropurero boidjonathotolayo probasi sorkar gothono porbo porjonto royeche.,মুক্তিযুদ্ধ জাদুঘরের প্রথম গ্যালারিতে কোন সময়কালের নিদর্শন আছে?,muktijuddho jadughorero prthom gjalarite kon somoyokalero nidorshono asche?,প্রাগৈতিহাসিক কাল থেকে ১৯৭০ সাল পর্যন্ত,pragoitihasiko kalo theke 1970 shal porjonto,প্রাগৈতিহাসিক কাল থেকে ১৯৭২ সাল পর্যন্ত,pragoitihasiko kalo theke 1972 sal porjonto,numeric,bnp_013943,,
pilot_000254,has_context,law,low,"(ঘ) বিশেষ আদালত- বিশেষ ক্ষমতা আইন, ১৯৭৪ এর অধীনে দায়েরকৃত অপরাধসমূহের বিচার অত্র আদালত কর্তৃক সম্পন্ন হয়।","(gho) bishesho adaloto- bishesho kshomota ain, 1974 er odhine dayerokrito oporadhosomuhero bicharo otro adaloto kortriko somponno hoi.",প্রদত্ত প্রসঙ্গ অনুযায়ী বাংলাদেশের আদালতের এখতিয়ার সম্পর্কে কী তথ্য দেওয়া হয়েছে?,prodotto prosngo onujayi bangladesher adalotero ekhotiyaro somporke ki tothjo deoya hoise?,"(ঘ) বিশেষ আদালত- বিশেষ ক্ষমতা আইন, ১৯৭৪ এর অধীনে দায়েরকৃত অপরাধসমূহের বিচার অত্র আদালত কর্তৃক সম্পন্ন হয়।","(gho) bishesho adaloto- bishesho kshomota ain, 1974 er odhine dayerokrito oporadhosomuhero bicharo otro adaloto kortriko somponno hoy.","(ঘ) বিশেষ আদালত- বিশেষ ক্ষমতা আইন, ১৯৭৫ এর অধীনে দায়েরকৃত অপরাধসমূহের বিচার অত্র আদালত কর্তৃক সম্পন্ন হয়।","(gho) bishesho adaloto- bishesho kshomota ain, 1975 er odhine dayerokrito oporadhosomuhero bicharo otro adaloto kortriko somponno hoy.",numeric,bnp_013978,,
pilot_000255,has_context,law,low,এ হামলার পর সেনাবাহিনী ঐ অঞ্চলে প্রতিরক্ষা ব্যবস্থা জোরদার করে এবং পার্বত্য চট্টগ্রামকে ২৪তম ডিভিশনের জিওসির অধীনে আনা হয়।,e hamolaro poro senabahini oi onchole protiroksha bjobostha jorodaro kore ebng parbotjo chottogramoke 24tomo dibhishonero jiosiro odhine ana hoi.,"প্রদত্ত প্রসঙ্গ অনুযায়ী পার্বত্য চট্টগ্রাম শান্তিচুক্তি, ১৯৯৭ সম্পর্কে কী তথ্য দেওয়া হয়েছে?","prodotto prosngo onujayi parbotjo chottogramo shantichukti, 1997 somporke kii tothjo deoya hoise?",এ হামলার পর সেনাবাহিনী ঐ অঞ্চলে প্রতিরক্ষা ব্যবস্থা জোরদার করে এবং পার্বত্য চট্টগ্রামকে ২৪তম ডিভিশনের জিওসির অধীনে আনা হয়।,e hamolaro poro senabahini oi onchole protiroksha bjobostha jorodaro kore ebong parbotjo chottogramoke 24tomo dibhishonero jiosiro odhine ana hoi.,এ হামলার পর সেনাবাহিনী ঐ অঞ্চলে প্রতিরক্ষা ব্যবস্থা জোরদার করে এবং পার্বত্য চট্টগ্রামকে ২৫তম ডিভিশনের জিওসির অধীনে আনা হয়।,e hamolaro poro senabahini oi onchole protiroksha bjobostha jorodaro kore ebong parbotjo chottogramoke 25tomo dibhishonero jiosiro odhine ana hoi.,numeric,bnp_014002,,
pilot_000256,has_context,reading_comprehension,low,"গুগল এলএলসি[4] (English: Google LLC) বা গুগল লিমিটেড লায়াবেলিটি কোম্পানি ইন্টারনেটভিত্তিক সেবা ও পণ্যে বিশেষায়িত একটি আমেরিকান বহুজাতিক প্রযুক্তি কোম্পানি। স্ট্যানফোর্ড বিশ্ববিদ্যালয়ে পিএইচডি ছাত্র থাকাকালীন  ল্যারি পেজ ও সের্গেই ব্রিন ১৯৯৮ সালে গুগল নির্মান করেন। গুগলের ১৪ শতাংশ  শেয়ার তাদের এবং বিশেষ সুপারভোটিং ক্ষমতার মাধ্যমে ৫৬ শতাংশ স্টকহোল্ডারকে নিয়ন্ত্রণ করে। সেপ্টেম্বর ৪, ১৯৯৮ সালে তারা গুগলকে প্রাইভেট কোম্পানি হিসেবে অন্তর্ভুক্ত করে। গুগল আগস্ট ১৯, ২০০৪ সালে ইনিশিয়াল পাবলিক অফারিং (আইপিও) দেয় ও গুগলপ্লেক্স নামে মাউন্টেইন ভিউতে তাদের নতুন সদরদপ্তরে স্থানান্তরিত হয়। আগস্ট ২০১৫ সালে গুগল এর বিভিন্ন কার্যক্রম আলফাবেট ইনকর্পোরেটেড নামে সমন্বিত করার পরিকল্পনার কথা জানায়। আলফাবেটের প্রধান অধীনস্থ সংগঠন হিসেবে আলফাবেটের ইন্টারনেট কার্যক্রম পরিচালনা করবে। পুনগঠনের সমাপনী অংশ হিসেবে সুন্দর পিচাই গুগলের প্রধান নির্বাহী কর্মকর্তা হিসেবে ল্যারি পেজকে প্রতিস্থাপন করেন। (ল্যারি পেজ এখন আলফাবেটের প্রধান নির্বাহী কর্মকর্তা)","gugolo eloelosi[4] (english: google llc) ba gugolo limitedo layabeliti kompani intaronetobhittiko seba o ponje bisheshayito ekti amerikano bohujatiko projukti kompani. stjanofordo bishbobidjaloye pieichodi chhatro thakakalino  ljari pejo o sergei brino 1998 sale gugolo nirmano korn. gugolero 14 shotangsho  sheyaro tader ebong bishesho suparobhoting kshomotaro madhjome 56 shotangsho stokoholdaroke niyontrono kore. septemboro 4, 1998 sale tara gugoloke praibheto kompani hisebe ontorbhukto kore. gugolo agosto 19, 2004 sale inishiyalo paboliko ofaring (aipio) deyo o gugoloplekso name maunteino bhiute tader notuno sodorodoptore sthanantorito hoy. agosto 2015 sale gugolo er bibhinno karjokromo alofabeto inokorporetedo name somonbito koraro porikolponaro kotha janayo. alofabetero prodhano odhinostho songgothono hisebe alofabetero intaroneto karjokromo porichalona korobe. punogothonero somaponi ongsho hisebe sundoro pichai gugolero prodhano nirbahi kormokorta hisebe ljari pejoke protisthapono koren. (ljari pejo akhn alofabetero prodhano nirbahi kormokorta)",গুগুল কোম্পানিটির সদর অফিস কোথায় ?,gugulo kompanitiro sodoro ofiso kothay ?,মাউন্টেইন ভিউতে,maunteino bhiute,আলফাবেটের ভিউতে,alofabetero bhiute,relational,bnp_014158,,
pilot_000257,no_context,mathematics,low,,,তোমার কাছে ১৫ টি খেলনা ছিল। একটি তুমি তোমার বোন কে ২ দিয়ে দিলে এখন কয়টি খেলনা থাকল?,tomaro kase 15 ti khelona silo. ekti tumi tomaro bono ke 2 diye dile ekhon koyti khelona thakolo?,13,13,8,8,fabricated,bnp_014225,,
pilot_000258,has_context,law,low,জমিদারদের প্রবল প্রতিবাদ সত্ত্বেও ১৭৯৩ সালে রাজস্ব বিক্রয় আইন বলবৎ করা হয়।,jomidarodero probolo protibado sottbeo 1793 sale rajosbo bikroyo ain boloboto kora hoi.,"প্রদত্ত প্রসঙ্গ অনুযায়ী রাজস্ব বিক্রয় আইন, ১৭৯৩ সম্পর্কে কী তথ্য দেওয়া হয়েছে?","prodotto prosongo anujayi rajosbo bikroyo ain, 1793 somporke ki tothjo deoya hoyeche?",জমিদারদের প্রবল প্রতিবাদ সত্ত্বেও ১৭৯৩ সালে রাজস্ব বিক্রয় আইন বলবৎ করা হয়।,jomidarodero probolo protibado sottbeo 1793 sale rajosbo bikroyo ain boloboto kora hoi.,রায়তদের প্রবল প্রতিবাদ সত্ত্বেও ১৭৯৩ সালে রাজস্ব বিক্রয় আইন বলবৎ করা হয়।,rayotodero probolo protibado sottbeo 1793 shale rajosbo bikroyo ain boloboto kora hoy.,numeric,bnp_014319,,
pilot_000259,has_context,others,low,"৬টি ঘণ্টাধ্বনির মধ্যে ৫টি সমান ব্যবধান থাকে। ৫ সেকেন্ডে ৫ ব্যবধান হলে প্রতিটি ব্যবধান ১ সেকেন্ড। ১২টি ধ্বনিতে ১১ ব্যবধান, তাই সময় ১১ সেকেন্ড।","6ta ghontadhboniro modhye 5ta somano bjobodhano thake. 5 sekende 5 bjobodhano hole protita bjobodhano 1 sekendo. 12ta dhbonite 11 bjobodhano, tai somoyo 11 sekendo.","একটি ঘড়িতে ৬টার ধ্বনি ঠিক ৬টায় শুরু করে বাজতে ৫ সেকেন্ড সময় লাগে, ঐ ঘড়িতে ১২টার ঘণ্টাধ্বনি বাজতে কত সময় লাগবে? ঘণ্টাধ্বনি সমান সময় ব্যবধানে বাজে।","ekti ghorite 6taro dhboni thiko 6tayo shuru kore bajote 5 sekendo somoyo lage, oi ghorite 12taro ghontadhboni bajote koto somoyo lagobe? ghontadhboni somano somoyo bjobodhane baje.",১১ সেকেন্ড।,11 sekendo.,১০ সেকেন্ড।,10 sekendo.,numeric,bnp_014346,,
pilot_000260,has_context,reading_comprehension,low,"ডিম্বাশয় দেখতে অনেকটা ডিম্বাকার এবং মানুষে এটার আকার—দৈর্ঘে ৩ সে.মি., প্রস্থে ১.৫ সে.মি., এবং পুরুত্বে ১.৫ সে.মি.। (যেকোনো একটির জন্য) শরীরে এর অবস্থান পেলভিস বা শ্রোণীর দেয়াল ঘেষে, যাকে বলা হয় ওভারিয়ান ফসা। সাধারণত ফসার নিচে থাকে বহিঃস্থ ইলিয়াক ধমনী এবং সামনে থাকে মূত্রনালী ও অন্তঃস্থ ইলিয়াক ধমনী।","dimbashoyo dekhote onekota dimbakaro ebong manushe etaro akaro—doirghe 3 se.mi., prosthe 1.5 se.mi., ebng purutbe 1.5 se.mi.. (jekono ekotiro jnno) shorire er obosthano pelobhiso ba shroniro deyalo gheshe, jake bola hoi obhariyano fosa. sadharonoto fosaro niche thak bohihstho iliyako dhomoni ebong samone thake mutronali o ontohstho iliyako dhomoni.",ডিম্বাশয়ের আকৃতি কেমন হয় ?,dimbashoyero akriti kemono hoi ?,অনেকটা ডিম্বাকার,onekota dimbakaro,অনেকটা ওভারিয়ান,onekota obhariyano,relational,bnp_014418,,
pilot_000261,no_context,mathematics,low,,,"কলি , বিশাল এবং বারেক সল্ট রক লেকে সাঁতার কাটতে গিয়েছিলেন এবং কে তাদের দীর্ঘতম সময়ের জন্য পানির নিচে শ্বাস আটকে রাখতে পারে তা দেখার জন্য একটি প্রতিযোগিতার আয়োজন করেছিল। কলি ৩ মিনিটের জন্য পানির নিচে তার শ্বাস ধরে রেখেছিল। বিশাল কলির চেয়ে ২০ সেকেন্ড কম সময়ের জন্য পানির নিচে তার শ্বাস ধরেছিল এবং বারেক বিশালের চেয়ে ৪০ সেকেন্ড কম সময়ের জন্য পানির নিচে তার শ্বাস ধরেছিল। কতক্ষণ, সেকেন্ডের মধ্যে, বারেক তার শ্বাস পানির নিচে ধরে রেখেছিল?","koli , bishalo ebng bareko solto roko leke sataro katote giyechhileno ebng ke tader dirghotomo somoyero jonno paniro niche shbaso atoke rakhote pare ta dekharo jnno ekta protijogitaro ayojono korechhilo. koli 3 minitero jnno paniro niche tar shbaso dhore rekhechhilo. bishalo koliro cheye 20 sekendo komo somoyero jonno paniro niche tar shbaso dhorechhilo ebong bareko bishalero cheye 40 sekendo komo somoyero jonno paniro niche tar shbaso dhorechhilo. kotokshono, sekendero moddhe, bareko tar shbaso paniro niche dhore rekhechhilo?",১২০,120,১২২,122,fabricated,bnp_014504,,
pilot_000262,has_context,history,low,১ মিটার উঁচু বেদির ওপর স্থাপিত দ্বিতল প্রাসাদ ভবনটির পরিমাপ ১২৫.৪ মিটার এবং ২৮.৭৫ মিটার। নিচতলায় মেঝে থেকে ছাদ পর্যন্ত উচ্চতা ৫ মিটার ও দোতলায় ৫.৮ মিটার। আহসান মঞ্জিলের গম্বুজটির ভূমি থেকে শীর্ষের উচ্চতা ২৭.১৩ মিটার।,1 mitaro uchu bediro oporo sthapito dbitolo prasado bhobonotiro porimapo 125.4 mitaro ebong 28.75 mitaro. nichotolayo mejhe theke chhado porjonto uchchota 5 mitaro o dotolayo 5.8 mitaro. ahosano monjilero gombujotiro bhumi theke shirshero uchchota 27.13 mitaro.,আহসান মঞ্জিল প্রাসাদ ভবনের পরিমাপ কত?,ahosano monjilo prasado bhobonero porimapo koto?,১২৫.৪ মিটার এবং ২৮.৭৫ মিটার,125.4 mitaro ebng 28.75 mitaro,১২৮.৪ মিটার এবং ২৮.৭৫ মিটার,128.4 mitaro ebong 28.75 mitaro,numeric,bnp_014617,,
pilot_000263,no_context,bcs,low,,,মীর মশাররফ হোসেনের 'বিষাদসিন্ধু' একটি –,miro mosharorofo hosenero 'bishadosindhu' ekta –,উপন্যাস,uponjaso,মহাকাব্য,mohakabjo,fabricated,bnp_014619,,
pilot_000264,has_context,law,low,এই বিরাট সুবিধা ছাড়াও জমিদারগণ একটি নির্দিষ্ট হারে সরকারকে কর প্রদানের একটি বিশেষ সুবিধা লাভ করেন।,ei birato subidha chharao jomidarogono ekti nirdishto hare sorokaroke koro prodanero ekta bishesho subidha labho korn.,"প্রদত্ত প্রসঙ্গ অনুযায়ী রাজস্ব বিক্রয় আইন, ১৭৯৩ সম্পর্কে কী তথ্য দেওয়া হয়েছে?","prodotto prosongo anujayi rajosbo bikroyo ain, 1793 somporke ki tothjo deoya hoyeche?",এই বিরাট সুবিধা ছাড়াও জমিদারগণ একটি নির্দিষ্ট হারে সরকারকে কর প্রদানের একটি বিশেষ সুবিধা লাভ করেন।,ei birato subidha chharao jomidarogono ekta nirdishto hare sorokaroke koro prodanero ekti bishesho subidha labho korn.,এই বিরাট সুবিধা ছাড়াও রায়তগণ একটি নির্দিষ্ট হারে সরকারকে কর প্রদানের একটি বিশেষ সুবিধা লাভ করেন।,ei birato subidha chharao rayotogono ekti nirdishto hare sorokaroke koro prodanero ekti bishesho subidha labho koren.,relational,bnp_014888,,
pilot_000265,no_context,grammar,low,,,'ঋণমুক্ত' শব্দের ব্যাসবাক্য কোনটি?,'rinomukto' shobder bjasobakjo konta?,ঋণ থেকে মুক্ত,rino theke mukto,ঋণ দ্বারা মুক্ত,rino dbara mukto,fabricated,bnp_014932,,
pilot_000266,no_context,science,low,,,ল্যাথিরিজম রোগটি একবার হলে কী ঘটে বলে বলা হয়েছে?,ljathirijomo rogoti ekobaro hole kii ghote bole bola hoyeche?,"তা থেকে ফিরে আসার আর কোনো রাস্তা থাকে না, স্থায়ী পঙ্গুত্ব দেখা দেয়","ta theke fire asaro aro kono rasta thak na, sthayi ponggutbo dekha deyo",সঠিক চিকিৎসায় কয়েক মাসে সম্পূর্ণ সেরে যায়,sothik chikitosayo koyeko mase sompurno sere jayo,fabricated,bnp_014939,,
pilot_000267,has_context,law,low,"ইউনিয়ন পরিষদের তহবিলের হিসাবসমূহ সরকার যেরূপ বিহিত করিবে, সেইরূপ সময়ে ও স্থানে এবং নির্ধারিত প্রক্রিয়ায় নিযুক্ত কোন নিরীক্ষক কর্তৃক পরীক্ষিত ও নিরীক্ষিত হইবে।","iuniyono porishodero tohobilero hisabosomuho sorkar jerupo bihito koribe, seirupo somoye o sthane ebng nirdharito prokriyayo nijukto kon nirikshoko kortriko porikshito o nirikshito hoibe.","প্রদত্ত প্রসঙ্গ অনুযায়ী স্থানীয় সরকার (ইউনিয়ন পরিষদ) আইন, ২০০৯-এর ধারা ৫৯ সম্পর্কে কী বলা হয়েছে?","prodotto prosngo onujayi sthaniyo sorkar (iuniyono porishodo) ain, 2009-er dhara 59 somporke kii bola hoise?","ইউনিয়ন পরিষদের তহবিলের হিসাবসমূহ সরকার যেরূপ বিহিত করিবে, সেইরূপ সময়ে ও স্থানে এবং নির্ধারিত প্রক্রিয়ায় নিযুক্ত কোন নিরীক্ষক কর্তৃক পরীক্ষিত ও নিরীক্ষিত হইবে।","iuniyono porishodero tohobilero hisabosomuho shorkar jerupo bihito koribe, seirupo somoye o sthane ebng nirdharito prokriyayo nijukto kon nirikshoko kortriko porikshito o nirikshito hoibe.","উপজেলা পরিষদের তহবিলের হিসাবসমূহ সরকার যেরূপ বিহিত করিবে, সেইরূপ সময়ে ও স্থানে এবং নির্ধারিত প্রক্রিয়ায় নিযুক্ত কোন নিরীক্ষক কর্তৃক পরীক্ষিত ও নিরীক্ষিত হইবে।","upojela porishodero tohobilero hisabosomuho sorkar jerupo bihito koribe, seirupo somoye o sthane ebng nirdharito prokriyayo nijukto kon nirikshoko kortriko porikshito o nirikshito hoibe.",relational,bnp_014942,,
pilot_000268,no_context,science,low,,,বাঙালি জাতি সশস্ত্র বিপ্লবের মাধ্যমে স্বাধীন বাংলাদেশ লাভ করে কত সালে?,bangali jati soshostro biplobero madhjome sbadhino bangladesh labho kore koto shale?,১৯৭১ সালে,1971 sale,১৯৪৭ সালে,1947 sale,fabricated,bnp_014944,,
pilot_000269,no_context,mathematics,low,,,"$\triangle ABC$ র বাহুAB = 5, BC = 3, CA = 4। Bবিন্দুকে স্থির রেখে ত্রিভুজকেঘুরালেতা যে জায়গা দখল করবে তার ক্ষেত্রফলaাহলে $a$ কত?","$\triangle abc$ ro bahuab = 5, bc = 3, ca = 4. bbinduke sthiro rekhe tribhujokeghuraleta je jayoga dokholo korobe tar kshetrofoloahole $a$ koto?",9,9,6,6,fabricated,bnp_014947,,
pilot_000270,no_context,science,low,,,আইবিএম কোম্পানি সর্বপ্রথম কোন ধরনের কম্পিউটার তৈরি করে?,aibiemo kompani sorboprothomo kon dhoronero kompiutaro toiri kore?,মেইনফ্রেম কম্পিউটার,meinofremo kompiutaro,মাইক্রোকম্পিউটার,maikrokompiutaro,fabricated,bnp_014963,,
pilot_000271,has_context,reading_comprehension,low,"মুহম্মদ কুদরাত-এ-খুদা বা ড. কুদরাত-এ-খুদা (১ ডিসেম্বর, ১৯০০ - ৩ নভেম্বর, ১৯৭৭) ছিলেন একজন বাংলাদেশী রসায়নবিদ, গ্রন্থকার এবং শিক্ষাবিদ। শিক্ষায় অবদানের জন্য বাংলাদেশ সরকার তাকে ১৯৭৬ সালে একুশে পদক এবং ১৯৮৪ সালে মরণোত্তর স্বাধীনতা পুরস্কারে ভূষিত করে।","muhommodo kudorato-e-khuda ba do. kudorato-e-khuda (1 disemboro, 1900 - 3 nobhemboro, 1977) chhileno ekojono bangladeshi rosayonobido, gronthokaro ebong shikshabido. shikshayo obodanero jnno bangladesh sorkar take 1976 sale ekushe podoko ebng 1984 shale moronottoro shadhinota puroskare bhushito kore.",অনুচ্ছেদের আলোকে “মুহম্মদ কুদরাত খুদা” বিষয়ে প্রাসঙ্গিক তথ্যটি কী?,onuchchhedero aloke “muhommodo kudorato khuda” bishoye prasonggiko tothjoti kii?,মুহম্মদ কুদরাত-এ-খুদা বা ড.,muhommodo kudorato-e-khuda ba do.,অবদানের কুদরাত-এ-খুদা বা ড.,obodanero kudorato-e-khuda ba do.,relational,bnp_015018,,
pilot_000272,has_context,reading_comprehension,low,"এরোপ্লেন জেলি বার্ট অ্যাপলেরথের তৈরি অস্ট্রেলিয়ার একটি জেলি ব্র্যান্ড। অ্যাপলেরথ পারিবারিক ব্যবসা প্রতিষ্ঠান ট্রেডারস প্রোপাইটারি লিমিটেড, অস্ট্রেলিয়ার অন্যতম বৃহত্তম পারিবারিক খাদ্য প্রস্তুতকারী প্রতিষ্ঠানে পরিণত হয় এবং পরবর্তীতে ১৯৯৫ সালে যুক্তরাষ্ট্র ভিত্তিক ম্যাককরমিক অ্যান্ড কোম্পানির সহায়ক প্রতিষ্ঠান ম্যাককরমিক ফুডস অস্ট্রেলিয়ার অধিনে বিক্রি হয়ে যায়। বার্ষিক ১৮ মিলিয়ন প্যাকেট বিক্রি করে অস্ট্রেলিয়ার জেলির বাজারে এরোপ্লেন জেলি শীর্ষস্থানে অবস্থান নিয়েছে। সবচেয়ে বিক্রিত আস্বাদন (ফ্লেভার) হল স্ট্রবেরি।[2]","eropleno jeli barto ojapolerothero toiri ostreliyaro ekti jeli brjando. ojapolerotho paribariko bjobosa protishthano tredaroso propaitari limitedo, ostreliyaro onjotomo brihottomo paribariko khadjo prostutokari protishthane porinoto hoi ebng porobortite 1995 shale juktorashtro bhittiko mjakokoromiko ojando kompaniro sohayoko protishthano mjakokoromiko fudoso ostreliyaro odhine bikri hoye jayo. barshiko 18 miliyono pjaketo bikri kore ostreliyaro jeliro bajare eropleno jeli shirshosthane obosthano niyechhe. sobocheye bikrito asbadono (flebharo) holo stroberi.[2]",এরোপ্লেন জেলির বর্তমানে (২০১৯) কোন কোম্পানির পণ্য ?,eropleno jeliro bortomane (2019) kon kompaniro ponjo ?,ম্যাককরমিক ফুডস অস্ট্রেলিয়া,mjakokoromiko fudoso ostreliya,ম্যাককরমিক ফুডস প্রস্তুতকারী,mjakokoromiko fudoso prostutokari,relational,bnp_015038,,
pilot_000273,has_context,law,low,১৯৭৫ থেকে ১৯৭৭ সালের মধ্যে শান্তি বাহিনী সামরিক দিক থেকে অধিকতর সংগঠিত হয়।,1975 theke 1977 shaler modhye shanti bahini samoriko diko theke odhikotoro songgothito hoi.,"প্রদত্ত প্রসঙ্গ অনুযায়ী পার্বত্য চট্টগ্রাম শান্তিচুক্তি, ১৯৯৭ সম্পর্কে কী তথ্য দেওয়া হয়েছে?","prodotto prosongo anujayi parbotjo chottogramo shantichukti, 1997 somporke ki tothjo deoya hoise?",১৯৭৫ থেকে ১৯৭৭ সালের মধ্যে শান্তি বাহিনী সামরিক দিক থেকে অধিকতর সংগঠিত হয়।,1975 theke 1977 shaler modhye shanti bahini samoriko diko theke odhikotoro songgothito hoi.,১৯৭৫ থেকে ১৯৭৭ সালের মধ্যে পুলিশ বাহিনী সামরিক দিক থেকে অধিকতর সংগঠিত হয়।,1975 theke 1977 saler modhye pulisho bahini samoriko diko theke odhikotoro songgothito hoy.,numeric,bnp_015040,,
pilot_000274,has_context,reading_comprehension,low,দাউদ খান ১৯০৯ সালের ১৮ জুলাই আফগানিস্তানের রাজপরিবারে জন্মগ্রহণ করেন। তার বাবা মুহাম্মদ আজিজ খান ও মা খুরশিদ বেগম। তার বাবা জার্মানিতে আফগানিস্তানের রাষ্ট্রদূত হিসেবে দায়িত্বপালন করার সময় ১৯৩৩ সালে বার্লিনে নিহত হন। এরপর তিনি ও তার ভাই নাইম খান তাদের চাচা হাশিম খানের তত্ত্বাবধানে ছিলেন। দাউদ খান ফ্রান্সে পড়াশোনা করেছেন। ১৯৩৪-৩৫ ও ১৯৩৮-৩৯ সাল সময়কালে তিনি পূর্বাঞ্চলীয় প্রদেশের এ গভর্নর ছিলেন। ১৯৩৫ থেকে ১৯৩৮ সাল পর্যন্ত তিনি কান্দাহার প্রদেশের গভর্নর ছিলেন।,daudo khano 1909 shaler 18 julai afoganistanero rajoporibare jonmogrohono koren. tar baba muhammodo ajijo khano o ma khuroshido begomo. tar baba jarmanite afoganistanero rashtroduto hisebe dayitbopalono koraro somoyo 1933 sale barline nihoto hono. eroporo tini o tar bhai naimo khano tader chacha hashimo khanero tottbabodhane chhileno. daudo khano franse porashona korechheno. 1934-35 o 1938-39 sal somoyokale tini purbancholiyo prodeshero e gobhornoro chhileno. 1935 theke 1938 sal porjonto tini kandaharo prodeshero gobhornoro chhileno.,আফগানিস্তানের প্রধানমন্ত্রী মুহাম্মদ দাউদ খানের বাবার নাম কী ছিল ?,afoganistanero prodhanmntri muhammodo daudo khanero babaro naam ki silo ?,মুহাম্মদ আজিজ খান,muhammodo ajijo khano,পড়াশোনা আজিজ খান,porashona ajijo khano,relational,bnp_015103,,
pilot_000275,has_context,reading_comprehension,low,এলিয়েসার ওয়াত্তেবোসি (জন্ম ২০ আগস্ট ১৯৬৪) একজন ইন্দোনেশীয় স্প্রিন্টার। তিনি ১৯৮৮ গ্রীষ্মকালীন অলিম্পিকে পুরুষদের ৪০০ মিটারে প্রতিদ্বন্দ্বিতা করেছিলেন।,eliyesaro oyattebosi (jonmo 20 agosto 1964) ekojono indoneshiyo sprintaro. tini 1988 grishmokalino olimpike purushodero 400 mitare protidbondbita korechhileno.,এলিয়েসার ওয়াত্তেবোসি কবে জন্মগ্রহণ করেন?,eliyesaro oyattebosi kobe jonmogrohono koren?,এলিয়েসার ওয়াত্তেবোসি (জন্ম ২০ আগস্ট ১৯৬৪) একজন ইন্দোনেশীয় স্প্রিন্টার।,eliyesaro oyattebosi (jonmo 20 agosto 1964) ekojono indoneshiyo sprintaro.,২০ আগস্ট ১৯৮৮,20 agosto 1988,numeric,bnp_015140,,
pilot_000276,has_context,reading_comprehension,low,"পণ্ডিতরা মায়া সভ্যতার যুগের শুরু নিয়ে অবিরত আলোচনা করে যাচ্ছেন। বেলিজের কিউল্লোতে মায়া বসবাসের সাম্প্রতিক আবিষ্কারের কার্বন পরীহ্মা হতে পাওয়া তারিখ অনুযায়ী খ্রিস্টপূর্ব প্রায় ২৬০০ বছর আগের।[3][4] তারা বিস্ময়কর কাঠামো নির্মিত করে। মায়ার বর্ষপঞ্জিকা তথাকথিত মেসআমেরিকানর দীর্ঘ গণনীয় বর্ষপঞ্জিকার উপর ভিত্তি করে করা হয়েছে, যা খ্রিস্টপূর্ব ১১ই আগষ্ট, ৩১১৪ খ্রিস্টাব্দের সমতুল্য।","ponditora maya sobhjotaro jugero shuru niye obiroto alochona kore jachchheno. belijero kiullote maya bosobasero samprotiko abishkarero karbono porihma hote paoya tarikh anujayi khristopurbo prayo 2600 bochor agero.[3][4] tara bismoyokoro kathamo nirmito kore. mayaro borshoponjika tothakothito mesoamerikanoro dirgho gononiyo borshoponjikaro uporo bhitti kore kora hoyeche, ja khristopurbo 11i agoshto, 3114 khristabdero somotuljo.",মায়া জনগোষ্ঠীর আবির্ভাব প্রথম কোথায় হয়েছিল ?,maya jonogoshthiro abirbhabo prothom kothay hoyechhilo ?,বেলিজের কিউল্লোতে,belijero kiullote,বেলিজের বিস্ময়কর,belijero bismoyokoro,relational,bnp_015241,,
pilot_000277,has_context,reading_comprehension,low,"এ. কে. ফজলুক হকের প্রাথমিক শিক্ষা বাড়িতেই শুরু হয়। পরে তিনি গ্রাম্য পাঠশালায় ভর্তি হয়েছিলেন। গৃহ শিক্ষকদের কাছে তিনি আরবি, ফার্সি এবং বাংলা ভাষা শিক্ষা লাভ করেন। ১৮৮১ সালে তিনি বরিশাল জিলা স্কুলে তৃতীয় শ্রেণীতে ভর্তি হন। ১৮৮৬ সালে অষ্টম শ্রেণীতে তিনি বৃত্তি লাভ করেন এবং ১৮৮৯ সালে ফজলুল হক প্রবেশিকা পরীক্ষায় তৎকালীন ঢাকা বিভাগে মুসলমানদের মধ্যে প্রথম স্থান দখল করেন। ফজলুল হক তাঁর প্রখর স্মৃতিশক্তির কারণে শিক্ষকদের খুবই স্নহভাজন ছিলেন।প্রবেশিকা পাশ করার পর উচ্চ শিক্ষা লাভের জন্যে তিনি কলকাতায় গমন করেন। ১৮৯১ সালে কলকাতা প্রেসিডেন্সি কলেজ থেকে এফ.এ. পরীক্ষায় প্রথম বিভাগে উত্তীর্ণ হন। সে সময় প্রেসিডেন্সি কলেজে রসায়ন শাস্ত্রের অধ্যাপক ছিলেন আচার্য প্রফুল্লচন্দ্র রায়। নিজের মেধার বলে তিনি প্রফুল্লচন্দ্র রায়ের দৃষ্টি আকর্ষন করেন। এফ.এ. পাশ করার পর তিনি গণিত, রসায়ন ও পদার্থ বিদ্যায় অনার্সসহ একই কলেজে বি.এ. ক্লাসে ভর্তি হন। ১৮৯৩ সালে তিনি তিনটি বিষয়ে অনার্সসহ প্রথম শ্রেণীতে বি.এ. পাশ করেন। বি.এ. পাশ করার পর এম.এ. ক্লাসে প্রথমে ভর্তি হয়েছিলেন ইংরেজি ভাষায়। পরীক্ষার মাত্র ছয় মাস আগে তাকে এক বন্ধু ব্যঙ্গ করে বলেছিলেন যে, মুসলমান ছাত্ররা অঙ্ক নিয়ে পড়ে না, কারণ তারা মেধাবী নয়। এই কথা শুনে এ. কে. ফজলুক হকের জিদ চড়ে যায়। তিনি প্রতিজ্ঞাবদ্ধ হন যে, অঙ্কশাস্ত্রেই পরীক্ষা দেবেন। এরপর, মাত্র ছয় মাস অঙ্ক পড়েই তিনি প্রথম শ্রেণী লাভ করেন। [3]","e. ke. fojoluko hokero prathomiko shiksha baritei shuru hoi. pore tini gramjo pathoshalayo bhorti hoyechhileno. griho shikshokodero kase tini arobi, farsi ebong bangla bhasha shiksha labho koren. 1881 sale tini borishalo jila skule tritiyo shrenite bhorti hono. 1886 sale oshtomo shrenite tini britti labho koren ebong 1889 shale fojolulo hoko probeshika porikshayo totokalino dhaka bibhage musolomanodero moddhe prothom sthano dokholo koren. fojolulo hoko taro prokhoro smritishoktiro karone shikshokodero khuboi snohobhajono chhileno.probeshika pasho koraro poro uchcho shiksha labhero jonje tini kolokatayo gomono koren. 1891 shale kolokata presidensi kolejo theke efo.e. porikshayo prthom bibhage uttirno hono. se somoyo presidensi koleje rosayono shastrero odhjapoko chhileno acharjo profullochondro rayo. nijero medharo bole tini profullochondro rayero drishti akorshono korn. efo.e. pasho koraro poro tini ganit, rosayono o podartho bidjayo onarsosoho ekoi koleje bi.e. klase bhorti hono. 1893 shale tini tinoti bishoye onarsosoho prothom shrenite bi.e. pasho korn. bi.e. pasho koraro poro emo.e. klase prothome bhorti hoyechhileno ingreji bhashayo. poriksharo matro chhoyo mas age take eko bondhu bjonggo kore bolechhileno je, musolomano chhatrora ongko niye pore naa, karono tara medhabi noyo. ei kotha shune e. ke. fojoluko hokero jido chore jayo. tini protijnaboddho hono je, ongkoshastrei poriksha debeno. eroporo, matro chhoyo mas ongko porei tini prothom shreni labho korn. [3]",শেরেবাংলা আবুল কাশেম ফজলুল হক কোন কলেজ থেকে পড়াশোনা করেন ?,sherebangla abulo kashemo fojolulo hoko kon kolejo theke porashona korn ?,প্রেসিডেন্সি,presidensi,প্রেসিডেন্সি নয়।,presidensi noyo.,relational,bnp_015283,,
pilot_000278,has_context,reading_comprehension,low,"Jurchen ছিলেন ঝিন বংশের প্রতিষ্ঠাতা যিনি মঙ্গলদের দ্বারা পরাজিত হয়েছিলেন। এরপর মঙ্গলরা  দক্ষিণ সং রাজ্যের দিকে অগ্রসর হয় এবং এক দীর্ঘ রক্তক্ষয়ী সংঘর্ষে লিপ্ত হয়। এটাই ছিল প্রথম যুদ্ধ যেখানে আগ্নেয়াস্ত্র গুরুত্বপূর্ণ ভূমিকা পালন করে। এই যুদ্ধের পরবর্তী সময়কে বলা হয় Pax Mongolica, এ সময় মার্কো পোলো ও অন্যান্য ইউরোপীয় পরিব্রাজকরা চীন ভ্রমণ করেন এবং চীন সম্পর্কিত বিভিন্ন তথ্য ইউরোপে পৌছায়।  ইউয়ান শাসনামলে, মঙ্গলদেরকে দুইটি অংশে ভাগ করা হয়, একটি অংশ স্তেপে থেকে যায় এবং আর একটি অংশ চৈনিক রীতিনীতি গ্রহন করে। চেঙ্গিস খানের পৌত্র কুবলাই খান ইউয়ান বংশ প্রতিষ্ঠা করেন। ইউয়ান শাসনামলে সর্ব প্রথম বেইজিং থেকে সমগ্র চীন সম্রাজ্য পরিচালিত হয়। এর আগে ঝিন সম্রাটদের রাজধানী ছিল বেইজিং। কিন্তু তারা সমগ্র চীনের শাসক ছিলেন না। মঙ্গলদের আগ্রাসনের পূর্বে চীনের জনসংখ্যা ছিল ১২০ মিলিয়ন। ১২৭৯ সালে যুদ্ধ শেষ হবার পর চীনের জনসংখ্যা ছিল ৬০ মিলিয়নের মত।[25] Frederick W. Mote এর মতে যুদ্ধ জনসংখ্যার এই ব্যাপক হ্রাসের একমাত্কার করান ছিল না। পূর্বে জনসংখ্যার গণনা সঠিক ছিল না বলে তিনি মনে করেন।","jurchen chhileno jhino bongshero protishthata jini monggolodero dbara porajito hoyechhileno. eroporo monggolora  dokshino song rajjero dike ogrosoro hoi ebong eko dirgho roktokshoyi songghorshe lipto hoi. etai chilo prthom juddho jekhane agneyastro gurutbopurno bhumika palono kore. ei juddhero poroborti somoyoke bola hoi pax mongolica, e somoyo marko polo o onjanjo iuropiyo poribrajokora chino bhromono korn ebong chino somporkito bibhinno tothjo iurope pouchhayo.  iuyano shasonamole, monggoloderoke duiti ongshe bhago kora hoi, ekti ongsho stepe theke jayo ebong aro ekti ongsho choiniko ritiniti grohono kore. chenggiso khanero poutro kubolai khano iuyano bongsho protishtha koren. iuyano shasonamole sorbo prthom beijing theke somogro chino somrajjo porichalito hoy. er age jhino somratodero rajdhani chilo beijing. kintu tara somogro chinero shasoko chhileno naa. monggolodero agrasonero purbe chinero jonosongkhja silo 120 miliyono. 1279 shale juddho shesho hobaro poro chinero jonosongkhja chilo 60 miliyonero moto.[25] frederick w. mote er mote juddho jonosongkhjaro ei bjapoko hrasero ekomatkaro korano silo na. purbe jonosongkhjaro gonona sothik silo na bole tini mone korn.",ইউয়ান রাজবংশের প্রতিষ্ঠাতা কে ?,iuyano rajobongshero protishthata ke ?,কুবলাই খান,kubolai khano,অগ্রসর খান,ogrosoro khano,relational,bnp_015311,,
pilot_000279,has_context,history,low,২৮ জানুয়ারি ১৯৫২ : ঢাকা বিশ্ববিদ্যালয় রাষ্ট্রভাষা সংগ্রাম পরিষদ ঢাকা বিশ্ববিদ্যালয়ে একটি বিক্ষোভ সমাবেশের আয়োজন করে।,28 januyari 1952 : dhaka bishbobidjaloyo rashtrobhasha songgramo porishodo dhaka bishbobidjaloye ekti bikshobho somabeshero ayojono kore.,নাজিমুদ্দিনের ঘোষণার প্রতিবাদে ২৮ জানুয়ারি ১৯৫২ সালে কে বিক্ষোভ সমাবেশের আয়োজন করে?,najimuddinero ghoshonaro protibade 28 januyari 1952 sale ke bikshobho somabeshero ayojono kore?,ঢাকা বিশ্ববিদ্যালয় রাষ্ট্রভাষা সংগ্রাম পরিষদ,dhaka bishbobidjaloyo rashtrobhasha songgramo porishodo,সর্বদলীয় রাষ্ট্রভাষা সংগ্রাম পরিষদ,sorbodoliyo rashtrobhasha songgramo porishodo,relational,bnp_015331,,
pilot_000280,no_context,science,low,,,টাইকো ব্রাহে কত সালে গ্রহের অবস্থানের মডেল প্রদান করেন?,taiko brahe koto shale grohero obosthanero modelo prodano koren?,১৬ শতাব্দীতে,16 shotabdite,১৯৯৪ সালে,1994 shale,fabricated,bnp_015446,,
pilot_000281,no_context,vocabulary,low,,,"""ঘরসন্ধানে রাবণ নষ্ট"" এর শাব্দিক অর্থ কী?","""ghorosondhane rabono noshto"" er shabdiko orth ki?",ঘর খোঁজার সময় রাবণের ধ্বংস,ghoro khojaro somoyo rabonero dhbongso,এক হাত দেখানো বা প্রদর্শন করা (যেমন চড় মারার ভঙ্গিতে),eko hato dekhano ba prodorshono kora (jemono choro mararo bhonggite),fabricated,bnp_015559,,
pilot_000282,no_context,mathematics,low,,,রাজা দোকানে গিয়ে ৩ টাকা ২৫ পয়সার জিরে এবং ১ টাকা ২৫ পয়সার কালো জিরে কিনল । রাজা কত টাকার জিনিস কিনল ?,raja dokane giye 3 taka 25 poyosaro jire ebng 1 taka 25 poyosaro kalo jire kinolo . raja koto takaro jiniso kinolo ?,4.5,4.5,2.95,2.95,fabricated,bnp_015565,,
pilot_000283,has_context,law,low,সমাবেশের অধিকার: জনশৃঙ্খলা বা জনস্বাস্থ্যের স্বার্থে আইনের দ্বারা আরোপিত যুক্তিসঙ্গত বাধা-নিষেধ সাপেক্ষে শান্তিপূর্ণভাবে ও নিরস্ত্র অবস্থায় সমবেত হবার এবং জনসভা ও শোভাযাত্রায় যোগদান করার অধিকার প্রত্যেক নাগরিকের থাকবে।,somabeshero odhikaro: jonoshringkhola ba jonosbasthjero sbarthe ainero dbara aropito juktisonggoto badha-nishedho sapekshe shantipurnobhabe o nirostro obosthayo somobeto hobaro ebong jonosobha o shobhajatrayo jogodano koraro odhikaro protjeko nagorikero thakobe.,প্রদত্ত প্রসঙ্গ অনুযায়ী বাংলাদেশের সংবিধানে বর্ণিত মৌলিক অধিকার সম্পর্কে কী তথ্য দেওয়া হয়েছে?,prodotto prosongo anujayi bangladesher songbidhane bornito mouliko odhikaro somporke kii tothjo deoya hoise?,সমাবেশের অধিকার: জনশৃঙ্খলা বা জনস্বাস্থ্যের স্বার্থে আইনের দ্বারা আরোপিত যুক্তিসঙ্গত বাধা-নিষেধ সাপেক্ষে শান্তিপূর্ণভাবে ও নিরস্ত্র অবস্থায় সমবেত হবার এবং জনসভা ও শোভাযাত্রায় যোগদান করার অধিকার প্রত্যেক নাগরিকের থাকবে।,somabeshero odhikaro: jonoshringkhola ba jonosbasthjero sbarthe ainero dbara aropito juktisonggoto badha-nishedho sapekshe shantipurnobhabe o nirostro obosthayo somobeto hobaro ebong jonosobha o shobhajatrayo jogodano koraro odhikaro protjeko nagorikero thakobe.,সমাবেশের অধিকার: জনশৃঙ্খলা বা জনস্বাস্থ্যের স্বার্থে আইনের দ্বারা আরোপিত যুক্তিসঙ্গত বাধা-নিষেধ সাপেক্ষে শান্তিপূর্ণভাবে ও নিরস্ত্র অবস্থায় সমবেত হবার এবং জনসভা ও শোভাযাত্রায় যোগদান করার অধিকার প্রত্যেক নাগরিকের থাকবে না।,somabeshero odhikaro: jonoshringkhola ba jonosbasthjero sbarthe ainero dbara aropito juktisonggoto badha-nishedho sapekshe shantipurnobhabe o nirostro obosthayo somobeto hobaro ebong jonosobha o shobhajatrayo jogodano koraro odhikaro protjeko nagorikero thakobe naa.,relational,bnp_015570,,
pilot_000284,no_context,grammar,low,,,কোনটি অপাদান কারকের উদাহরণ?,konta opadano karokero udahorono?,জিজ্ঞাসিব জনে জনে,jijnasibo jone jone,ভাত খাও,bhato khao,fabricated,bnp_015578,,
pilot_000285,has_context,reading_comprehension,low,"এডওয়ার্ড ক্রিস্টোফার শিরান, MBE (জন্ম ১৭ ফেব্রুয়ারী ১৯৯১)[5] একজন ব্রিটিশ গায়ক-গীতিকার, গিটারিষ্ট এবং রেকর্ড প্রযোজক।  তার জন্ম ইংল্যান্ডের হ্যালিফাক্স শহরের ওয়েষ্ট ইয়র্কশ্যায়ার পৌরসভায়, এবং তিনি প্রতিপালিত হন ফ্রামলিংহ্যাম শহরের সুফল্ক নামক স্থানে। ২০০৯ সালে তার বয়স যখন ১৮, তখন তিনি গির্ডফোর্ড শহরের সোরে নামক স্থানের একাডেমী অব কন্টেমপোরারী মিউজিক গানের স্কুলে  স্নাতকার্থী হিসেবে ভর্তি হয়েছিলেন। [6][7] ২০০৯ সালের প্রথম দিকে, শিরান তার প্রথম কোন স্বাধীন কাজ , নাম্বার.৫ কলেবোরেশনস প্রজেক্ট প্রকাশ করেন. এসিলাম রেকর্স এর সাথে চুক্তিবদ্ধ হওয়ার পর, তিনি তার আত্বপ্রকাশকারী অ্যালবাম , + (""প্লাস"" হিসেবেও বলা যায়) প্রকাশ করেন, যেটির প্রকাশ কাল ছিল ২০১১ সালের ৯ই সেপ্টেম্বর, এটি এখন পযন্ত যুক্তরাজ্যে ৭ বার প্লাটিনাম অ্যালবাম হিসেবে স্বীকৃতি পেয়েছে। এই অ্যালবামটিতেই রয়েছে ""দ্য এ টিম"" নামক এককটি, যে এককটি দ্বারা তিনি সেরা গান হিসেবে, সেরা গানের কথার জন্য  ইভর নোভেল্লো অ্যাওয়ার্ড জিতেছিলেন। [8] ২০১২ সালের নভেম্বরে শিরান সেরা ব্রিটিশ পুরুষ সোলো গায়ক এবং সাফল্যমন্ডিত ব্রিটিশ কাজ হিসেবে ব্রিট অ্যাওয়ার্ডস জিতে নেন। [9] ২০১২ সাল থেকে বিদেশে শিরানের জনপ্রিয়তা ব্যাপকভাবে বাড়তে শুরু করে। মার্কিন যুক্তরাষ্ট্রে তাকে গায়িকা টেইলর সুইফ্ট এর ৪র্থ স্টুডিও অ্যালবাম রেড"" এ তাকে অতিথি শিল্পী হিসেবে উপস্থিত হতে দেখা গিয়েছিল। [10] ""দ্য এ টিম"" গানটি বছরের সেরা গান হিসেবে ২০১৩ গ্রামি অ্যাওয়ার্ডস এ মনোনয়ন পেয়েছিল, তিনি সেখানে এই গানটি ইল্টন জনের সাথে পরিবেশন করেছিলেন। [11][12] ২০১৩ সালে  তিনি তার অনেক সময়-ই উত্তর আমেরিকা অন্চলে টেইলর সুইফ্টের দ্য রেড ট্যুরে ব্যয় করেন। [13] ২০১৪ সালে ২৩শে জুনে তিনি তার দ্বিতীয় স্টুডিও অ্যালবাম, x ( ""মাল্টিপ্লাই"" হিসেবেও বলা যায়) প্রকাশ করেন। [14] এবং এটি যুক্তরাজ্য এবং যুক্তরাষ্ট্রে তালিকা গুলোয় সবার উপরে উঠে আসে। ২০১৫ সালে, তার x অ্যালবামটি বছরের সেরা অ্যালবাম হিসেবে ""দ্য ব্রিট অ্যওয়ার্ডস"" পেয়ে যায়, এবং তিনি বছরের সেরা গীতিকার হিসেবে ইভর নভেল্লো অ্যাওয়ার্ড গ্রহণ করেন। তার x অ্যালবামের  ""থিংকিং আউট লাউড"" এককটি তাকে   দুটি গ্রামি অ্যাওয়ার্ড জিততে সাহায্য করে, তিনি ২০১৬ অনুষ্ঠানে: বছরের সেরা গান এবং সেরা পপ সোলো পরিবেশন এর জন্য দুটি গ্রাম","edooyardo kristofaro shirano, mbe (jonmo 17 februyari 1991)[5] ekojono britisho gayoko-gitikaro, gitarishto ebng rekordo projojoko.  tar jonmo ingljandero hjalifakso shohorero oyeshto iyorkoshjayaro pourosobhayo, ebong tini protipalito hono framolinghjamo shohorero sufolko namoko sthane. 2009 sale tar boyoso jokhono 18, tokhono tini girdofordo shohorero sore namoko sthanero ekademi obo kontemoporari miujiko ganero skule  snatokarthi hisebe bhorti hoyechhileno. [6][7] 2009 shaler prothom dike, shirano tar prothom kon sbadhino kajo , nambaro.5 koleboreshonoso projekto prokasho koren. esilamo rekorso er sathe chuktiboddho hooyaro poro, tini tar atboprokashokari ojalobamo , + (""plaso"" hisebeo bola jayo) prokasho koren, jetiro prokasho kalo chilo 2011 shaler 9i septemboro, eti ekhon pojonto juktorajje 7 baro platinamo ojalobamo hisebe sbikriti peyechhe. ei ojalobamotitei roeche ""djo e timo"" namoko ekokoti, je ekokoti dbara tini sera gano hisebe, sera ganero kotharo jonno  ibhoro nobhello ojaoyardo jitechhileno. [8] 2012 shaler nobhembore shirano sera britisho purusho solo gayoko ebong safoljomondito britisho kajo hisebe brito ojaoyardoso jite neno. [9] 2012 sal theke bideshe shiranero jonopriyota bjapokobhabe barote shuru kore. markino juktorashtre take gayika teiloro suifto er 4rtho studio ojalobamo redo"" e take otithi shilpi hisebe uposthito hote dekha giyechhilo. [10] ""djo e timo"" ganoti bochhorero sera gano hisebe 2013 grami ojaoyardoso e mononoyono peyechhilo, tini sekhane ei ganoti iltono jonero sathe poribeshono korechhileno. [11][12] 2013 sale  tini tar oneko somoyo-i uttar amerika onchole teiloro suiftero djo redo tjure bjoyo koren. [13] 2014 shale 23she june tini tar dbitiyo studio ojalobamo, x ( ""maltiplai"" hisebeo bola jayo) prokasho koren. [14] ebng eti juktorajjo ebong juktorashtre talika guloyo sobaro upore uthe ase. 2015 shale, tar x ojalobamoti bochhorero sera ojalobamo hisebe ""djo brito ojooyardoso"" peye jayo, ebong tini bochhorero sera gitikaro hisebe ibhoro nobhello ojaoyardo grohono koren. tar x ojalobamero  ""thingking auto laudo"" ekokoti take   duti grami ojaoyardo jitote sahajjo kore, tini 2016 onushthane: bochhorero sera gano ebng sera popo solo poribeshono er jnno duti gramo","অনুচ্ছেদ অনুযায়ী, “এসিলাম রেকর্স সাথে চুক্তিবদ্ধ হওয়ার” প্রসঙ্গে কী তথ্য দেওয়া হয়েছে?","onuchchhedo anujayi, “esilamo rekorso sathe chuktiboddho hooyaro” prosongge ki tothjo deoya hoyeche?","এসিলাম রেকর্স এর সাথে চুক্তিবদ্ধ হওয়ার পর, তিনি তার আত্বপ্রকাশকারী অ্যালবাম , + (""প্লাস"" হিসেবেও বলা যায়) প্রকাশ করেন, যেটির প্রকাশ কাল ছিল ২০১১ সালের ৯ই সেপ্টেম্বর, এটি এখন পযন্ত যুক্তরাজ্যে ৭ বার প্লাটিনাম অ্যালবাম হিসেবে স্বীকৃতি পেয়েছে।","esilamo rekorso er sathe chuktiboddho hooyaro poro, tini tar atboprokashokari ojalobamo , + (""plaso"" hisebeo bola jayo) prokasho koren, jetiro prokasho kalo silo 2011 saler 9i septemboro, eti ekhon pojonto juktorajje 7 baro platinamo ojalobamo hisebe sbikriti peyechhe.","এসিলাম রেকর্স এর সাথে চুক্তিবদ্ধ হওয়ার পর, তিনি তার আত্বপ্রকাশকারী অ্যালবাম , + (""প্লাস"" হিসেবেও বলা যায়) প্রকাশ করেন, যেটির প্রকাশ কাল ছিল ২০১২ সালের ৯ই সেপ্টেম্বর, এটি এখন পযন্ত যুক্তরাজ্যে ৭ বার প্লাটিনাম অ্যালবাম হিসেবে স্বীকৃতি পেয়েছে।","esilamo rekorso er sathe chuktiboddho hooyaro poro, tini tar atboprokashokari ojalobamo , + (""plaso"" hisebeo bola jayo) prokasho korn, jetiro prokasho kalo chilo 2012 shaler 9i septemboro, eti ekhon pojonto juktorajje 7 baro platinamo ojalobamo hisebe sbikriti peyechhe.",numeric,bnp_015721,,
pilot_000286,has_context,history,low,"উমাইয়া মসজিদ কমপ্লেক্সে মোট তিনটি মিনার আছে। মাধানাত আল-আরুস (দ্য মিনারেট অব দ্য ব্রাইড) হল নির্মিত প্রথম মিনার, যা মসজিদের উত্তরদিকের দেয়ালে অবস্থিত। মাধানাত ঈসা (দ্য মিনারেট অব জেসাস) মসজিদ কমপ্লেক্সের দক্ষিণ-পূর্ব দিকে অবস্থিত ও উচ্চতম মিনার, যার উচ্চতা প্রায় ৭৭ মিঃ (২৫৩ ফুট); এর বর্তমান কাঠামো ১২৪৭ সালে নির্মিত হয়। মাধানাত আল-ঘারবিয়্যা যা মিনার অব কাইতবাই নামেও পরিচিত, তা মামলুক সুলতান কাইতবাঈ ১৪৮৮ সালে নির্মাণ করেন।","umaiya mosojido komoplekse mot tinoti minaro ache. madhanato alo-aruso (djo minareto obo djo braido) holo nirmito prothom minaro, ja mosojidero uttorodikero deyale obosthito. madhanato isa (djo minareto obo jesaso) mosojido komopleksero dokshino-purbo dike obosthito o uchchotomo minaro, jaro uchchota prayo 77 mih (253 futo); er bortomano kathamo 1247 shale nirmito hoi. madhanato alo-gharobiyja ja minaro obo kaitobai nameo porichito, ta mamoluko sulotano kaitobai 1488 shale nirmano korn.",মাধানাত আল-ঘারবিয়্যা মিনারটি অন্য কী নামে পরিচিত?,madhanato alo-gharobiyja minaroti onjo kii name porichito?,মিনার অব কাইতবাই,minaro obo kaitobai,মিনার অব কাইতবাঈ,minaro obo kaitobai,relational,bnp_015823,,
pilot_000287,no_context,bcs,low,,,কোন ক্ষেত্রে অবদানের জন্য প্রধানমন্ত্রী শেখ হাসিনা ২০১৬ সালে প্ল্যানেট ৫০-৫০ চ্যাম্পিয়ন পদক পান?,kon kshetre obodanero jnno prodhanmntri shekho hasina 2016 sale pljaneto 50-50 chjampiyono podoko pano?,নারীর ক্ষমতায়ন,nariro kshomotayono,মাতৃ মৃত্যুহার হ্রাস,matri mritjuharo hraso,fabricated,bnp_015830,,
pilot_000288,no_context,vocabulary,low,,,"""কথান্তর"" এর শাব্দিক অর্থ কী?","""kothantoro"" er shabdiko orth kii?",কথার অন্তরায়ণ বা কথার পরিবর্তন,kotharo ontorayono ba kotharo poribortono,বিরোধিতা বা বিপক্ষে (আরবি শব্দ থেকে উদ্ভূত),birodhita ba bipokshe (arobi shobdo theke udbhuto),fabricated,bnp_015918,,
pilot_000289,has_context,history,low,জাতীয় পরিচয়পত্র তৈরির কাজে বাংলাদেশ নির্বাচন কমিশন অভ্র ব্যবহার করে। অভ্রকে বাংলা কিবোর্ড রিসোর্স হিসেবে ইউনিকোড সংস্থার ওয়েব সাইটে অন্তর্ভুক্ত করা হয়েছে। বাংলাদেশ এসোসিয়েশন অফ সফটওয়্যার এন্ড ইনফরমেশন সার্ভিস (বেসিস) বাংলা তথ্য প্রযুক্তিতে বিশেষ অবদানের জন্য 'বিশেষ অবদান পুরস্কার ২০১১' প্রদান করে।,jatio porichoyopotro toiriro kaje bangladesh nirbachono komishono obhro bjoboharo kore. obhroke bangla kibordo risorso hisebe iunikodo songstharo oyebo saite ontorbhukto kora hoise. bangladesh esosiyeshono ofo sofotooyjaro endo inoforomeshono sarbhiso (besiso) bangla tothjo projuktite bishesho obodanero jonno 'bishesho obodano puroskaro 2011' prodano kore.,বেসিস অভ্রকে কোন পুরস্কার প্রদান করে?,besiso obhroke kon puroskaro prodano kore?,'বিশেষ অবদান পুরস্কার ২০১১','bishesho obodano puroskaro 2011','বিশেষ অবদান পুরস্কার ২০০৯','bishesho obodano puroskaro 2009',numeric,bnp_015943,,
pilot_000290,no_context,vocabulary,low,,,"""মাথা চাড়া দেওয়া"" এর শাব্দিক অর্থ কী?","""matha chara deoya"" er shabdiko orth kii?",মাথায় চাপ দেওয়া বা মাথা চাপানো,mathayo chapo deoya ba matha chapano,কুসুম কুসুম (ফুল ফুলের মতো হালকা বা নরম),kusumo kusumo (fulo fulero moto haloka ba noromo),fabricated,bnp_015958,,
pilot_000291,no_context,idiom_meaning,low,,,"""একদৃষ্টি"" এর ভাবার্থ কী?","""ekodrishti"" er bhabartho ki?","অনিমেষ/অপলক দৃষ্টি, স্থিরনেত্র","onimesho/opoloko drishti, sthironetro","উপর থেকে নীচ পর্যন্ত, আপাদমস্তক; সর্বত্র","uporo theke nicho porjonto, apadomostoko; sorbotro",fabricated,bnp_015977,,
pilot_000292,has_context,history,low,"১৪৯২ খ্রিষ্টাব্দের ২ জানুয়ারি কর্ডোবার নাসরি রাজ্যের পতনের মাধ্যমে ইবেরিয়ায় মুসলিম শাসনের সমাপ্তি হয়। গ্রানাডার শেষ মুসলিম শাসক দ্বাদশ মুহাম্মদ যিনি বোয়াবদিল নামে পরিচিত, আরাগনের রাজা দ্বিতীয় ফার্ডিনেন্ড ও কাস্টিলের রাণী প্রথম ইসাবেলার কাছে আত্মসমর্পণ করেন।","1492 khrishtabdero 2 januyari kordobaro nasori rajjero potonero madhjome iberiyayo musolimo shasonero somapti hoy. granadaro shesho musolimo shasoko dbadosho muhammodo jini boyabodilo name porichito, aragonero raja dbitiyo fardinendo o kastilero rani prthom isabelaro kase atmosomorpono koren.",উমাইয়া রাজবংশের সর্বশেষ রাজা কে ?,umaiya rajobongshero sorboshesho raja ke ?,দ্বিতীয় মারওয়ান,dbitiyo marooyano,একাদশ মুহাম্মদ বোয়াবদিল,ekadosho muhammodo boyabodilo,relational,bnp_015997,,
pilot_000293,no_context,history,low,,,‘চিত্র’ ও ‘অর্পিত’ শব্দ দুটির সন্ধিতে কোন শব্দ গঠিত হয়?,‘chitro’ o ‘orpito’ shobdo dutiro sondhite kon shobdo gothito hoy?,চিত্রার্পিত,chitrarpito,চিত্রঅর্পিত,chitroorpito,fabricated,bnp_016079,,
pilot_000294,has_context,history,low,উহুদের যুদ্ধ (Arabic: غزوة أحد‎ Ġazwat ‘Uḥud) ৩ হিজরির ৭ শাওয়াল (২৩ মার্চ ৬২৫ খ্রিষ্টাব্দ) উহুদ পর্বতের সংলগ্ন স্থানে সংঘটিত হয়।[2] মদিনার মুসলিম ও মক্কার কুরাইশদের মধ্যে এই যুদ্ধ সংঘটিত হয়েছে। এই দুই পক্ষের নেতৃত্বে ছিলেন যথাক্রমে মুহাম্মাদ (সা) ও আবু সুফিয়ান। ইসলামের ইতিহাসে সংঘটিত প্রধান যুদ্ধসমূহের মধ্যে এটি দ্বিতীয়। এর পূর্বে ৬২৪ সালে এই দুইপক্ষের মধ্যে বদরের যুদ্ধ সংঘটিত হয়েছিল।,uhudero juddho (arabic: غزوة أحد‎ Ġazwat ‘uḥud) 3 hijoriro 7 shaoyalo (23 marcho 625 khrishtabdo) uhudo porbotero songlogno sthane songghotito hoi.[2] modinaro musolimo o mokkaro kuraishodero moddhe ei juddho songghotito hoise. ei dui pokshero netritbe chhileno jothakrome muhammado (sa) o abu sufiyano. isolamero itihase songghotito prodhano juddhosomuhero modhye eti dbitiyo. er purbe 624 sale ei duipokshero modhye bodorero juddho songghotito hoyechhilo.,বদরের যুদ্ধ কবে শুরু হয়েছিল ?,bodorero juddho kobe shuru hoyechhilo ?,৬২৪ সালে,624 shale,৬২৫ সালে,625 shale,numeric,bnp_016316,,
pilot_000295,has_context,history,low,শায়েস্তা খান মুঘল আমলে বাংলার একজন সুবাদার তথা প্রাদেশিক শাসক ছিলেন। দু'দফায় সর্বমোট ২২ বছর তিনি বাংলা শাসন করেন। তিনি সম্রাট আওরঙ্গজেবের মামা ছিলেন। প্রথমে ১৬৬৪ সাল থেকে ১৬৭৮ সাল এবং দ্বিতীয়বার ১৬৮০ সাল থেকে ১৬৮৮ সাল পর্যন্ত। তার শাসনামলে টাকায় ৮ মন চাল পাওয়া যেতো। এর উল্লেখযোগ্য কীর্তিগুলির মধ্যে একটি ছিল মুঘলদের চট্টগ্রাম বিজয়।,shayesta khano mugholo amole banglaro ekojono subadaro totha pradeshiko shasoko chhileno. du'dofayo sorbomoto 22 bochor tini bangla shasono korn. tini somrato aoronggojebero mama chhileno. prothome 1664 shal theke 1678 sal ebong dbitiyobaro 1680 sal theke 1688 shal porjonto. tar shasonamole takayo 8 mono chalo paoya jeto. er ullekhojogjo kirtiguliro modhye ekta silo mugholodero chottogramo bijoy.,শায়েস্তা খান বাংলার সুবাদার হিসেবে মোট কত বছর দায়িত্ব পালন করেন?,shayesta khano banglaro subadaro hisebe mott koto bochor dayitbo palono korn?,সর্বমোট ২২ বছর,sorbomoto 22 bochor,সর্বমোট ২৫ বছর,sorbomoto 25 bochor,numeric,bnp_016328,,
pilot_000296,has_context,reading_comprehension,low,"চূর্ণী পরে যাদবপুর বিশ্ববিদ্যালয়ের ছাত্রী থাকাকালীন ,১৯৮৭ সালে সুমন মুখোপাধ্যায়ের ও হবু স্বামী কৌশিক গাঙ্গুলির সঙ্গে একটি নাটিকের দল গঠন করেন। [3] চূর্ণী চিত্র পরিচালক কৌশিক গাঙ্গুলিকে বিবাহ করেন এবং তাঁদের একটি পুত্র সন্তান আছে।পুত্রের নাম উজান গাঙ্গুলি।[4]","churni pore jadobopuro bishbobidjaloyero chhatri thakakalino ,1987 sale sumono mukhopadhjayero o hobu sbami koushiko gangguliro songge ekta natikero dolo gothono koren. [3] churni chitro porichaloko koushiko ganggulike bibaho korn ebong tadero ekti putro sontano asche.putrero naam ujano gangguli.[4]",চূর্ণী গাঙ্গুলির স্বামীর নাম কী ?,churni gangguliro sbamiro naam ki ?,সুমন মুখোপাধ্যায়,sumono mukhopadhjayo,সুমন গাঙ্গুলিকে,sumono ganggulike,relational,bnp_016344,,
pilot_000297,no_context,history,low,,,‘মহীন্দ্র’ শব্দের সন্ধি বিচ্ছেদ কী?,‘mohindro’ shobder sondhi bichchhedo kii?,মহী + ইন্দ্র,mohi + indro,মহী + ইন্ধ্র,mohi + indhro,fabricated,bnp_016387,,
pilot_000298,has_context,reading_comprehension,low,ম্যানলো পার্কে ফেসবুকের সদর দফতরের সম্মুখ,mjanolo parke fesobukero sodoro dofotorero sommukho,ফেইসবুকের সদর দপ্তর কোথায় ?,feisobukero sodoro doptoro kothay ?,ম্যানলো পার্কে,mjanolo parke,দফতরের পার্কে,dofotorero parke,relational,bnp_016422,,
pilot_000299,no_context,mathematics,low,,,সুমানা পিঠে তৈরী করছে। প্রণালীতে ১০ বাটি ময়দা লাগবে। তিনি ইতিমধ্যে ৩ বাটি ময়দা দিয়েছেন। তাকে আর কত বাটি ময়দা দিতে হবে?,sumana pithe toiri korochhe. pronalite 10 bati moyoda lagobe. tini itimodhje 3 bati moyoda diyechheno. take aro koto bati moyoda dite hbe?,7,7,5,5,fabricated,bnp_016464,,
pilot_000300,has_context,law,low,১৯৯১ সাল নাগাদ পার্বত্য চট্টগ্রামে বাঙালির সংখ্যা দাঁড়ায় মোট জনসংখ্যার ৪৮.৫%; অথচ বসতি স্থাপন কর্মসূচির আগে ১৯৭৪ সালে সেখানে বাঙালির সংখ্যা ছিল প্রায় ১১.৬%।,1991 sal nagado parbotjo chottograme bangaliro songkhya darayo mot jonosongkhjaro 48.5%; othocho bosoti sthapono kormosuchiro age 1974 sale sekhane bangaliro songkha chilo prayo 11.6%.,"প্রদত্ত প্রসঙ্গ অনুযায়ী পার্বত্য চট্টগ্রাম শান্তিচুক্তি, ১৯৯৭ সম্পর্কে কী তথ্য দেওয়া হয়েছে?","prodotto prosngo anujayi parbotjo chottogramo shantichukti, 1997 somporke ki tothjo deoya hoyeche?",১৯৯১ সাল নাগাদ পার্বত্য চট্টগ্রামে বাঙালির সংখ্যা দাঁড়ায় মোট জনসংখ্যার ৪৮.৫%; অথচ বসতি স্থাপন কর্মসূচির আগে ১৯৭৪ সালে সেখানে বাঙালির সংখ্যা ছিল প্রায় ১১.৬%।,1991 sal nagado parbotjo chottograme bangaliro songkhya darayo mot jonosongkhjaro 48.5%; othocho bosoti sthapono kormosuchiro age 1974 sale sekhane bangaliro songkhya chilo prayo 11.6%.,১৯৯২ সাল নাগাদ পার্বত্য চট্টগ্রামে বাঙালির সংখ্যা দাঁড়ায় মোট জনসংখ্যার ৪৮.৫%; অথচ বসতি স্থাপন কর্মসূচির আগে ১৯৭৪ সালে সেখানে বাঙালির সংখ্যা ছিল প্রায় ১১.৬%।,1992 sal nagado parbotjo chottograme bangaliro songkha darayo mot jonosongkhjaro 48.5%; othocho bosoti sthapono kormosuchiro age 1974 sale sekhane bangaliro songkhya silo prayo 11.6%.,numeric,bnp_016521,,
pilot_000301,has_context,reading_comprehension,low,"মালয় ভাষা ও ইংরেজি ভাষা ব্রুনাইয়ের সরকারি ভাষা। ব্রুনাইয়ের অর্ধেকেরও বেশি লোকের মাতৃভাষা মালয় ভাষা। অন্যদিকে ইংরেজি মাতৃভাষী লোকের সংখ্যা হাজার দশেক। এখানকার প্রায় ১২% লোক চীনা ভাষার বিভিন্ন উপভাষাতে কথা বলেন। এছাড়াও বেশ কিছু সংখ্যালঘু ভাষা প্রচলিত। মালয় ভাষা দেশটির সার্বজনীন ভাষা বা লিঙ্গুয়া ফ্রাংকা, তবে ইদানীং পর্যটন ও বাণিজ্যে ইংরেজি ভাষার প্রসার বেড়েছে।","maloyo bhasha o ingreji bhasha brunaiyero sorokari bhasha. brunaiyero ordhekeroo beshi lokero matribhasha maloyo bhasha. onjodike ingreji matribhashi lokero songkhya hajaro dosheko. ekhanokaro prayo 12% loko china bhasharo bibhinno upobhashate kotha boleno. echharao besho kichhu songkhjaloghu bhasha procholito. maloyo bhasha deshotiro sarbojonino bhasha ba lingguya frangka, tobe idaning porjotono o banijje ingreji bhasharo prosaro berechhe.",ব্রুনাই-এর সরকারি ভাষা কী ?,brunai-er sorokari bhasha kii ?,মালয় ভাষা ও ইংরেজি,maloyo bhasha o ingreji,মালয় ভাষা ও ইদানীং,maloyo bhasha o idaning,relational,bnp_016574,,
pilot_000302,has_context,law,low,প্রত্যেক ইউনিয়ন পরিষদ প্রতি অর্থ বৎসর শুরু হইবার অন্যূন ৬০ (ষাট) দিন পূর্বে নির্ধারিত পদ্ধতিতে ওয়ার্ড সভা হইতে প্রাপ্ত অগ্রাধিকারের ভিত্তিতে উক্ত অর্থ বৎসরের সম্ভাব্য আয় ও ব্যয় বিবরণী সম্বলিত একটি বাজেট প্রণয়ন করিবে।,protjeko iuniyono porishodo proti orth botosoro shuru hoibaro onjuno 60 (shato) dine purbe nirdharito poddhotite oyardo sobha hoite prapto ogradhikarero bhittite ukto orth botosorero sombhabjo ayo o bjoyo biboroni sombolito ekta bajeto pronoyono koribe.,"প্রদত্ত প্রসঙ্গ অনুযায়ী স্থানীয় সরকার (ইউনিয়ন পরিষদ) আইন, ২০০৯-এর ধারা ৫৭ সম্পর্কে কী বলা হয়েছে?","prodotto prosongo anujayi sthaniyo shorkar (iuniyono porishodo) ain, 2009-er dhara 57 somporke kii bola hoyeche?",প্রত্যেক ইউনিয়ন পরিষদ প্রতি অর্থ বৎসর শুরু হইবার অন্যূন ৬০ (ষাট) দিন পূর্বে নির্ধারিত পদ্ধতিতে ওয়ার্ড সভা হইতে প্রাপ্ত অগ্রাধিকারের ভিত্তিতে উক্ত অর্থ বৎসরের সম্ভাব্য আয় ও ব্যয় বিবরণী সম্বলিত একটি বাজেট প্রণয়ন করিবে।,protjeko iuniyono porishodo prti ortho botosoro shuru hoibaro onjuno 60 (shato) din purbe nirdharito poddhotite oyardo sobha hoite prapto ogradhikarero bhittite ukto orth botosorero sombhabjo ayo o bjoyo biboroni sombolito ekti bajeto pronoyono koribe.,প্রত্যেক উপজেলা পরিষদ প্রতি অর্থ বৎসর শুরু হইবার অন্যূন ৬০ (ষাট) দিন পূর্বে নির্ধারিত পদ্ধতিতে ওয়ার্ড সভা হইতে প্রাপ্ত অগ্রাধিকারের ভিত্তিতে উক্ত অর্থ বৎসরের সম্ভাব্য আয় ও ব্যয় বিবরণী সম্বলিত একটি বাজেট প্রণয়ন করিবে।,protjeko upojela porishodo prti orth botosoro shuru hoibaro onjuno 60 (shato) din purbe nirdharito poddhotite oyardo sobha hoite prapto ogradhikarero bhittite ukto ortho botosorero sombhabjo ayo o bjoyo biboroni sombolito ekti bajeto pronoyono koribe.,numeric,bnp_016801,,
pilot_000303,no_context,bcs,low,,,পৃথিবীর বিভিন্ন দেশের মধ্যে জনসংখ্যার দিক থেকে বাংলাদেশের স্থান কততম?,prithibiro bibhinno deshero modhye jonosongkhjaro diko theke bangladesher sthano kototomo?,অষ্টম,oshtomo,নবম,nobomo,fabricated,bnp_016851,,
pilot_000304,no_context,science,low,,,বাণিজ্যিকভাবে গুরুত্বপূর্ণ কোন কোন রাসায়নিক পদার্থ জৈবিক পদ্ধতিতে অণুজীব দ্বারা উৎপাদন করা সাশ্রয়ী?,banijjikobhabe gurutbopurno kon kon rasayoniko podartho joibiko poddhotite onujibo dbara utopadono kora sashroyi?,"এসিটিক এসিড, সাইট্রিক এসিড, এলকোহল, এসিটোন, বিউটানল ও ফিউমারিক এসিড","esitiko esido, saitriko esido, elokoholo, esitono, biutanolo o fiumariko esido","গ্লুকোজ, সুক্রোজ ও ফ্রুক্টোজ","glukojo, sukrojo o fruktojo",fabricated,bnp_016856,,
pilot_000305,has_context,reading_comprehension,low,"তিতুমীরের জন্ম হয় চব্বিশ পরগনার বাদুড়িয়া থানার হায়দারপুর গ্রামে (বর্তমানে ভারতের পশ্চিমবঙ্গ রাজ্যে)।[4] তাঁর পিতার নাম মীর হাসান আলী এবং মাতার নাম আবিদা রোকেয়া খাতুন। তিতুমীরের প্রাথমিক শিক্ষা হয় তাঁর গ্রামের বিদ্যালয়ে। পরবর্তীকালে তিনি স্থানীয় একটি মাদ্রাসাতে লেখাপড়া করেন। ১৮ বছর বয়সে তিতুমীর কোরানে হাফেজ হন এবং হাদিস বিষয়ে পাণ্ডিত্য লাভ করেন। একই সাথে তিনি বাংলা, আরবি ও ফার্সি ভাষায় ব্যুৎপত্তি লাভ করেন।[5]","titumirero jonmo hoi chobbisho porogonaro baduriya thanaro hayodaropuro grame (bortomane bharoter poshchimobonggo rajje).[4] taro pitaro naam miro hasano ali ebng mataro nam abida rokeya khatuno. titumirero prathomiko shiksha hoi taro gramero bidjaloye. porobortikale tini sthaniyo ekta madrasate lekhapora koren. 18 bosor boyose titumiro korane hafejo hono ebng hadiso bishoye panditjo labho korn. ekoi sathe tini bangla, arobi o farsi bhashayo bjutopotti labho koren.[5]",তিতুমীরের পিতার নাম কি ছিল ?,titumirero pitaro nam kii silo ?,মীর হাসান আলী,miro hasano ali,মীর আবিদা আলী,miro abida ali,relational,bnp_016890,,
pilot_000306,has_context,history,low,"রাজা চৌধুরী (জন্ম: ২৩ জুলাই ১৯৭৫) হলেন একজন ভারতীয় টেলিভিশন অভিনেতা, লেখক ও চলচ্চিত্র প্রযোজক। তিনি প্রধানত ভোজপুরি চলচ্চিত্রে কাজ করেন। ২০০৮ সালে তিনি কালার্স টিভির আপাতবাস্তব অনুষ্ঠান বিগ বস-এ প্রতিযোগী হিসেবে অংশগ্রহণ করেন, যেখানে তিনি প্রথম রানার আপ হন।","raja choudhuri (jonmo: 23 julai 1975) holeno ekojono bharotiyo telibhishono obhineta, lekhoko o cholochchitro projojoko. tini prodhanoto bhojopuri cholochchitre kajo koren. 2008 shale tini kalarso tibhiro apatobastobo onushthano bigo boso-e protijogi hisebe ongshogrohono korn, jekhane tini prothom ranaro apo hono.",রাজা চৌধুরী কবে জন্মগ্রহণ করেন?,raja choudhuri kobe jonmogrohono korn?,২৩ জুলাই ১৯৭৫,23 julai 1975,২৩ জুলাই ২০০৮,23 julai 2008,numeric,bnp_017001,,
pilot_000307,no_context,antonym,low,,,'মঞ্জুর' শব্দের শুদ্ধ বিপরীত শব্দ কোনটি?,'monjuro' shobder shuddho biporito shobdo konta?,নামঞ্জুর,namonjuro,বুড়া,bura,fabricated,bnp_017018,,
pilot_000308,no_context,antonym,low,,,'উত্তর' শব্দের বিপরীতার্থক শব্দ-,'uttor' shobder biporitarthoko shobdo-,দক্ষিণ,dokshino,রূপবান,rupobano,fabricated,bnp_017051,,
pilot_000309,has_context,reading_comprehension,low,"মোহনদাস করমচাঁদ গান্ধী ১৮৬৯ সালে পোরবন্দরের হিন্দু মোধ পরিবারে জন্মগ্রহণ করেন। তার পিতা করমচাঁদ গান্ধী ছিলেন পোরবন্দরের দেওয়ান (প্রধান মন্ত্রী)। মা পুতলিবা করমচাঁদের চতুর্থ স্ত্রী ছিলেন। পুতলিবা প্রনামী বৈষ্ণব গোষ্ঠীর ছিলেন। করমচাঁদের প্রথম দুই স্ত্রীর প্রত্যেকেই একটি করে কন্যা সন্তান জন্ম দিয়েছিলেন। অজানা কারণে তাদের মৃত্যু হয়েছিল (এরকম শোনা যায় যে সন্তান জন্ম দেবার সময়ে তারা মারা যান)। ধার্মিক মায়ের সাথে এবং গুজরাটের জৈন প্রভাবিত পরিবেশে থেকে গান্ধী ছোটবেলা থেকেই জীবের প্রতি অহিংসা, নিরামিষ ভোজন, আত্মশুদ্ধির জন্য উপবাসে থাকা, বিভিন্ন ধর্মাবলম্বী ও সম্প্রদায়ের পারস্পরিক সহিষ্ণুতা ইত্যাদি বিষয় শিখতে শুরু করেন। তিনি জন্মেছিলেন হিন্দু বৈশ্য গোত্রে যা ছিল ব্যবসায়ী গোত্র।","mohonodaso koromochado gandhi 1869 sale porobondorero hindu modho poribare jonmogrohono koren. tar pita koromochado gandhi chhileno porobondorero deoyano (prodhano montri). ma putoliba koromochadero choturtho stri chhileno. putoliba pronami boishnobo goshthiro chhileno. koromochadero prothom dui striro protjekei ekti kore konja sontano jonmo diyechhileno. ojana karone tader mritju hoyechhilo (erokomo shona jayo je sontano jonmo debaro somoye tara mara jano). dharmiko mayero sathe ebng gujoratero joino probhabito poribeshe theke gandhi chhotobela thekei jibero prti ohingsa, niramisho bhojono, atmoshuddhiro jnno upobase thaka, bibhinno dhormabolombi o somprodayero parosporiko sohishnuta itjadi bishoyo shikhote shuru koren. tini jonmechhileno hindu boishjo gotre ja chilo bjobosayi gotro.",মোহনদাস করমচাঁদ গান্ধী বা মহাত্মা গান্ধীর বাবার নাম কী ?,mohonodaso koromochado gandhi ba mohatma gandhiro babaro naam ki ?,করমচাঁদ গান্ধী,koromochado gandhi,ইত্যাদি গান্ধী,itjadi gandhi,relational,bnp_017113,,
pilot_000310,has_context,law,low,বাংলাদেশের সংবিধান প্রণয়নের প্রাক্কালে মানবেন্দ্র নারায়ণ লারমার নেতৃত্বে পাহাড়ি জনগণের একটি প্রতিনিধিদল প্রধানমন্ত্রী বঙ্গবন্ধু শেখ মুজিবুর রহমানের সঙ্গে সাক্ষাৎ করে তাদের পূর্ণ স্বায়ত্তশাসন এবং সাংস্কৃতিক ও ভাষাগত পরিচিতির স্বীকৃতি সম্পর্কিত কতিপয় দাবি পেশ করেন।,bangladesher songbidhan pronoyonero prakkale manobendro narayono laromaro netritbe pahari jonogonero ekta protinidhidolo prodhanmontri bonggobondhu shekho mujiburo rohomanero songge sakshato kore tader purno sbayottoshasono ebng sangskritiko o bhashagoto porichitiro sbikriti somporkito kotipoyo dabi pesho koren.,"প্রদত্ত প্রসঙ্গ অনুযায়ী পার্বত্য চট্টগ্রাম শান্তিচুক্তি, ১৯৯৭ সম্পর্কে কী তথ্য দেওয়া হয়েছে?","prodotto prosongo anujayi parbotjo chottogramo shantichukti, 1997 somporke ki tothjo deoya hoyeche?",বাংলাদেশের সংবিধান প্রণয়নের প্রাক্কালে মানবেন্দ্র নারায়ণ লারমার নেতৃত্বে পাহাড়ি জনগণের একটি প্রতিনিধিদল প্রধানমন্ত্রী বঙ্গবন্ধু শেখ মুজিবুর রহমানের সঙ্গে সাক্ষাৎ করে তাদের পূর্ণ স্বায়ত্তশাসন এবং সাংস্কৃতিক ও ভাষাগত পরিচিতির স্বীকৃতি সম্পর্কিত কতিপয় দাবি পেশ করেন।,bangladesher shongbidhan pronoyonero prakkale manobendro narayono laromaro netritbe pahari jonogonero ekti protinidhidolo prodhanmontri bonggobondhu shekho mujiburo rohomanero songge sakshato kore tader purno sbayottoshasono ebong sangskritiko o bhashagoto porichitiro sbikriti somporkito kotipoyo dabi pesho korn.,বাংলাদেশের সংবিধান প্রণয়নের প্রাক্কালে মানবেন্দ্র নারায়ণ লারমার নেতৃত্বে পাহাড়ি জনগণের একটি প্রতিনিধিদল প্রধানমন্ত্রী বঙ্গবন্ধু শেখ মুজিবুর রহমানের সঙ্গে সাক্ষাৎ করে তাদের পূর্ণ স্বায়ত্তশাসন এবং সাংস্কৃতিক ও ভাষাগত পরিচিতির স্বীকৃতি সম্পর্কিত কতিপয় দাবি পেশ করেন না।,bangladesher songbidhan pronoyonero prakkale manobendro narayono laromaro netritbe pahari jonogonero ekti protinidhidolo prodhanmntri bonggobondhu shekho mujiburo rohomanero songge sakshato kore tader purno sbayottoshasono ebng sangskritiko o bhashagoto porichitiro sbikriti somporkito kotipoyo dabi pesho korn naa.,relational,bnp_017128,,
pilot_000311,has_context,history,low,"কলেজটি প্রায় ৯৮ একর (৪০ হেক্টর) জুড়ে অবস্থিত। সম্পত্তির উপর নির্মিত ভবনগুলোর মধ্যে রয়েছে একটি মসজিদ, একটি দ্বিতল শিক্ষা ব্লক, নাঈম হল (প্রাক্তন ক্যাডেট ক্যাপ্টেন নাঈম আক্তার শহীদের স্মরণে), খাতলানী হল ও হুসেন শাহ হল নামে দুটি ক্যাডেট মেস, একটি সুইমিং পুল, একটি ১-শয্যা বিশিষ্ট হাসপাতাল।","kolejoti prayo 98 ekoro (40 hektoro) jure obosthito. sompottiro uporo nirmito bhobonoguloro modhye roeche ekta mosojido, ekta dbitolo shiksha bloko, naimo holo (praktono kjadeto kjapteno naimo aktaro shohidero smorone), khatolani holo o huseno shaho holo name duti kjadeto meso, ekta suiming pulo, ekta 1-shojja bishishto hasopatalo.",নাঈম হল কার স্মরণে নামকরণ করা হয়েছে?,naimo holo karo smorone namokorono kora hoyeche?,প্রাক্তন ক্যাডেট ক্যাপ্টেন নাঈম আক্তার (শহীদ),praktono kjadeto kjapteno naimo aktaro (shohido),প্রাক্তন ক্যাডেট ক্যাপ্টেন নাঈম আক্তার (শহীধ),praktono kjadeto kjapteno naimo aktaro (shohidho),relational,bnp_017139,,
pilot_000312,has_context,reading_comprehension,low,"পারভীন আজম আলী (জন্ম ৪ এপ্রিল ১৯৭৯) একজন পাকিস্তানি বংশোদ্ভূত ব্রিটিশ নার্স এবং রেডিও উপস্থাপক যিনি শেফিল্ড বিশ্ববিদ্যালয়-এ কর্মরত। তিনি শেফিল্ড বিশ্ববিদ্যালয়ের মেডিসিন, ডেন্টিস্ট্রি অ্যান্ড হেলথ ফ্যাকাল্টির হেলথ সায়েন্সেস স্কুলের নার্সিং বিভাগের অধ্যাপক। তিনি ২০২১ সাল পর্যন্ত 'নার্সিং ওপেন'-এর সহযোগী সম্পাদক ছিলেন, 'দ্য কনভারসেশন' ওয়েবসাইটের একজন নিয়মিত লেখক এবং লিঙ্ক এফএম-এর একজন উপস্থাপক। তিনি ল্যানসেট কমিশন অন নার্সিং-এর একজন প্রতিষ্ঠাতা সদস্য ছিলেন। ২০২০ সালে তিনি ইন্টারন্যাশনাল কাউন্সিল অফ নার্সেস-এর সোসাইটি জার্নাল 'ইন্টারন্যাশনাল নার্সিং রিভিউ'-এর প্রধান সম্পাদক হন। তিনি ২০২৯ সালে","parobhino ajomo ali (jonmo 4 eprilo 1979) ekojono pakistani bongshodbhuto britisho narso ebong redio uposthapoko jini shefildo bishbobidjaloyo-e kormoroto. tini shefildo bishbobidjaloyero medisino, dentistri ojando helotho fjakaltiro helotho sayenseso skulero narsing bibhagero odhjapoko. tini 2021 shal porjonto 'narsing openo'-er sohojogi sompadoko chhileno, 'djo konobharoseshono' oyebosaitero ekojono niyomito lekhoko ebng lingko efoemo-er ekojono uposthapoko. tini ljanoseto komishono ono narsing-er ekojono protishthata sodosjo chhileno. 2020 shale tini intaronjashonalo kaunsilo ofo narseso-er sosaiti jarnalo 'intaronjashonalo narsing ribhiu'-er prodhano sompadoko hono. tini 2029 shale",অনুচ্ছেদের আলোকে “২০২০ তিনি ইন্টারন্যাশনাল কাউন্সিল অফ” বিষয়ে প্রাসঙ্গিক তথ্যটি কী?,onuchchhedero aloke “2020 tini intaronjashonalo kaunsilo ofo” bishoye prasonggiko tothjoti kii?,২০২০ সালে তিনি ইন্টারন্যাশনাল কাউন্সিল অফ নার্সেস-এর সোসাইটি জার্নাল 'ইন্টারন্যাশনাল নার্সিং রিভিউ'-এর প্রধান সম্পাদক হন।,2020 sale tini intaronjashonalo kaunsilo ofo narseso-er sosaiti jarnalo 'intaronjashonalo narsing ribhiu'-er prodhano sompadoko hono.,২০২১ সালে তিনি ইন্টারন্যাশনাল কাউন্সিল অফ নার্সেস-এর সোসাইটি জার্নাল 'ইন্টারন্যাশনাল নার্সিং রিভিউ'-এর প্রধান সম্পাদক হন।,2021 sale tini intaronjashonalo kaunsilo ofo narseso-er sosaiti jarnalo 'intaronjashonalo narsing ribhiu'-er prodhano sompadoko hono.,numeric,bnp_017148,,
pilot_000313,has_context,reading_comprehension,low,"এছাড়া যাত্রীসাচ্ছন্দ্য ও নিরাপত্তার জন্য লাইন ১-এও আধুনিকীকরণ করা হচ্ছে। শীতাতপনিয়ন্ত্রিত রেক চালু করা হয়েছে, স্বয়ংক্রিয় সিগনালিং ব্যবস্থা, স্বচালিত সিঁড়ি, আধুনিক টোকেন ও ফ্লিপগেট পদ্ধতিতে ভাড়া নেওয়াও শুরু হয়েছে। কলকাতা মেট্রোর কয়েকটি গুরুত্বপূর্ণ স্টেশন হল: কবি সুভাষ (নিউ গড়িয়া), মহানায়ক উত্তমকুমার (টালিগঞ্জ), কালীঘাট, রবীন্দ্র সদন, এসপ্ল্যানেড, সেন্ট্রাল, মহাত্মা গান্ধী রোড, শ্যামবাজার, দমদম ও নোয়াপাড়া।","echhara jatrisachchhondjo o nirapottaro jnno laino 1-eo adhunikikorono kora hochchhe. shitatoponiyontrito reko chalu kora hoyeche, sboyongkriyo sigonaling bjobostha, sbochalito siri, adhuniko tokeno o flipogeto poddhotite bhara neoyao shuru hoise. kolokata metroro koyekoti gurutbopurno steshono holo: kobi subhasho (niu goriya), mohanayoko uttomokumaro (taligonjo), kalighato, robindro sodono, esopljanedo, sentralo, mohatma gandhi rodo, shjamobajaro, domodomo o noyapara.",বর্তমানে টালিগঞ্জ মেট্রো স্টেশনের পরিবর্তিত নতুন নামটি কী ?,bortomane taligonjo metro steshonero poribortito notuno namoti kii ?,মহানায়ক উত্তমকুমার,mohanayoko uttomokumaro,মহানায়ক আধুনিকীকরণ,mohanayoko adhunikikorono,relational,bnp_017180,,
pilot_000314,has_context,reading_comprehension,low,"স্টিভ জবস (পুরোনাম: স্টিভেন পল জবস) (English: Steven Paul ""Steve"" Jobs) (জন্ম ফেব্রুয়ারি ২৪, ১৯৫৫, মৃত্যু ৫ অক্টোবর ২০১১)[10][11] যুক্তরাষ্ট্রের একজন উদ্যোক্তা ও প্রযুক্তি উদ্ভাবক। তাকে পার্সোনাল কম্পিউটার বিপ্লবের পথিকৃৎ বলা হয়। তিনি স্টিভ ওজনিয়াক এবং রোনাল্ড ওয়েন -এর সাথে ১৯৭৬ খ্রিস্টাব্দে ""অ্যাপল কম্পিউটার"" প্রতিষ্ঠা করেন। তিনি অ্যাপল ইনকর্পোরেশনের প্রতিষ্ঠাতাদের অন্যতম ও সাবেক প্রধান নির্বাহী কর্মকর্তা। তিনি ""পিক্সার এ্যানিমেশন স্টুডিওস""-এরও প্রতিষ্ঠাতাদের অন্যতম ও সাবেক প্রধান নির্বাহী কর্মকর্তা। ১৯৮৫ সালে অ্যাপল ইনকর্পোরেশনের ""বোর্ড অব ডিরেক্টর্সের"" সদস্যদের সাথে বিরোধে জড়িয়ে তিনি অ্যাপল ইনকর্পোরেশনের থেকে পদত্যাগ করেন এবং নেক্সট কম্পিউটার প্রতিষ্ঠা করেন। ১৯৯৬ সালে অ্যাপল কম্পিউটার নেক্সট কম্পিউটারকে কিনে নিলে তিনি অ্যাপলে ফিরে আসেন। তিনি ১৯৯৫ সালে টয় স্টোরি নামের অ্যানিমেটেড চলচ্চিত্র প্রযোজনা করেন।","stibho joboso (puronamo: stibheno polo joboso) (english: steven paul ""steve"" jobs) (jonmo februyari 24, 1955, mritju 5 oktoboro 2011)[10][11] juktorashtrero ekojono udjokta o projukti udbhaboko. take parsonalo kompiutaro biplobero pothikrito bola hoi. tini stibho ojoniyako ebng ronaldo oyeno -er sathe 1976 khristabde ""ojapolo kompiutaro"" protishtha korn. tini ojapolo inokorporeshonero protishthatadero onjotomo o sabeko prodhano nirbahi kormokorta. tini ""piksaro ejanimeshono studioso""-eroo protishthatadero onjotomo o sabeko prodhano nirbahi kormokorta. 1985 shale ojapolo inokorporeshonero ""bordo obo direktorsero"" sodosjodero sathe birodhe joriye tini ojapolo inokorporeshonero theke podotjago korn ebng neksoto kompiutaro protishtha korn. 1996 sale ojapolo kompiutaro neksoto kompiutaroke kine nile tini ojapole fire aseno. tini 1995 shale toyo stori namero ojanimetedo cholochchitro projojona koren.",অ্যাপল কোম্পানির প্রতিষ্ঠাতা কে ?,ojapolo kompaniro protishthata ke ?,স্টিভ ওজনিয়াক এবং রোনাল্ড ওয়েন,stibho ojoniyako ebng ronaldo oyeno,স্টিভ নির্বাহী এবং রোনাল্ড ওয়েন,stibho nirbahi ebng ronaldo oyeno,relational,bnp_017295,,
pilot_000315,has_context,law,low,সরকার ১৯৭৯ সালে ঐ অঞ্চলে বাঙালি বসতি স্থাপনের এক কর্মসূচি গ্রহণ করে।,sorkar 1979 shale oi onchole bangali bosoti sthaponero eko kormosuchi grohono kore.,"প্রদত্ত প্রসঙ্গ অনুযায়ী পার্বত্য চট্টগ্রাম শান্তিচুক্তি, ১৯৯৭ সম্পর্কে কী তথ্য দেওয়া হয়েছে?","prodotto prosngo anujayi parbotjo chottogramo shantichukti, 1997 somporke ki tothjo deoya hoise?",সরকার ১৯৭৯ সালে ঐ অঞ্চলে বাঙালি বসতি স্থাপনের এক কর্মসূচি গ্রহণ করে।,sorkar 1979 shale oi onchole bangali bosoti sthaponero eko kormosuchi grohono kore.,সরকার ১৯৮০ সালে ঐ অঞ্চলে বাঙালি বসতি স্থাপনের এক কর্মসূচি গ্রহণ করে।,sorkar 1980 shale oi onchole bangali bosoti sthaponero eko kormosuchi grohono kore.,numeric,bnp_017301,,
pilot_000316,has_context,history,low,"শাহ এ এম এস কিবরিয়া (পুরো নামঃ শাহ আবু মোহাম্মদ শামসুল কিবরিয়া, জন্ম: মে ১, ১৯৩১ - মৃত্যু: ২৭ জানুয়ারি, ২০০৫) বাংলাদেশী অর্থনীতিবিদ, কূটনীতিবিদ এবং রাজনীতিবিদ।","shaho e emo eso kiboriya (puro namoh shaho abu mohammodo shamosulo kiboriya, jonmo: me 1, 1931 - mritju: 27 januyari, 2005) bangladeshi orthonitibido, kutonitibido ebong rajonitibido.",শাহ এ এম এস কিবরিয়া কত সালে জন্মগ্রহণ করেন ?,shaho e emo eso kiboriya koto sale jonmogrohono koren ?,শাহ এ এম এস কিবরিয়া ১৯৩১ সালে জন্মগ্রহণ করেন।,shaho e emo eso kiboriya 1931 shale jonmogrohono koren.,শাহ এ এম এস কিবরিয়া ১৯৩২ সালে জন্মগ্রহণ করেন।,shaho e emo eso kiboriya 1932 shale jonmogrohono korn.,numeric,bnp_017323,,
pilot_000317,has_context,others,low,১৯১৯ সালের ১৩ এপ্রিল অমৃতসরের জালিয়ানওয়ালাবাগে ব্রিগেডিয়ার জেনারেল রেগিনাল্ড ডায়ারের নির্দেশে নিরস্ত্র জনতার ওপর গুলি চালানো হয়।,1919 shaler 13 eprilo omritosorero jaliyanooyalabage brigediyaro jenarelo reginaldo dayarero nirdeshe nirostro jonotaro oporo guli chalano hoi.,জালিয়ানওয়ালাবাগ হত্যাকাণ্ড কত তারিখে ঘটে?,jaliyanooyalabago hotjakando koto tarikhe ghote?,১৩ এপ্রিল ১৯১৯।,13 eprilo 1919.,১৪ এপ্রিল ১৯১৯।,14 eprilo 1919.,numeric,bnp_017346,,
pilot_000318,has_context,reading_comprehension,low,"মমতা বন্দ্যোপাধ্যায় (জন্ম ৫ জানুয়ারি, ১৯৫৫) পশ্চিমবঙ্গের বর্তমান মুখ্যমন্ত্রী এবং সর্বভারতীয় তৃণমূল কংগ্রেসের প্রতিষ্ঠাতা-সভানেত্রী।[1][2][3] বর্তমানে তিনি পশ্চিমবঙ্গ সরকারের স্বরাষ্ট্র, স্বাস্থ্য ও পরিবার পরিকল্পনা, ভূমি ও ভূমিসংস্কার, তথ্য ও সংস্কৃতি, পর্বতাঞ্চল বিষয়ক, কৃষি, বিদ্যুৎ, কর্মী ও প্রশাসনিক সংস্কার, সংখ্যালঘু কল্যাণ ও মাদ্রাসা শিক্ষা বিভাগেরও ভারপ্রাপ্ত মন্ত্রী।[4] তিনি পশ্চিমবঙ্গের প্রথম মহিলা মুখ্যমন্ত্রী।[5] মমতা বন্দ্যোপাধ্যায় একজন বাগ্মী রাজনীতিবিদ। তিনি তাঁর অনুগামীদের কাছে ""দিদি"" নামে পরিচিত। ২০১১ সালে তাঁর নেতৃত্বে তৃণমূল কংগ্রেস পশ্চিমবঙ্গের ৩৪ বছরের বামফ্রন্ট সরকারকে পরাজিত করতে সক্ষম হয়েছিল। এই সরকার বিশ্বে সবচেয়ে বেশি সময় গণতান্ত্রিক উপায়ে রাজত্বকারী কমিউনিস্ট সরকার ছিল।[6][7][8] ভারতীয় প্রজাতন্ত্রের কেন্দ্রীয় ক্যাবিনেটে তিনি দুই বার রেল, এক বার কয়লা মন্ত্রকের এবং এক বার মানবসম্পদ উন্নয়ন, যুব, ক্রীড়া, নারী ও শিশুকল্যাণ বিভাগের রাষ্ট্রমন্ত্রীর দায়িত্ব সামলেছেন।[9] তিনি পশ্চিমবঙ্গে কৃষকদের জমি বলপূর্বক অধিগ্রহণ করে বিশেষ অর্থনৈতিক অঞ্চল স্থাপনের বিরোধিতা করে আন্দোলন করেছিলেন।[1][8]","momota bondjopadhjayo (jonmo 5 januyari, 1955) poshchimobonggero bortomano mukhjomontri ebong sorbobharotiyo trinomulo konggresero protishthata-sobhanetri.[1][2][3] bortomane tini poshchimobonggo sorokarero sborashtro, sbasthjo o poribaro porikolpona, bhumi o bhumisongskaro, tothjo o songskriti, porbotancholo bishoyoko, krishi, bidjuto, kormi o proshasoniko songskaro, songkhjaloghu koljano o madrasa shiksha bibhageroo bharoprapto montri.[4] tini poshchimobonggero prthom mohila mukhjomontri.[5] momota bondjopadhjayo ekojono bagmi rajonitibido. tini taro onugamidero kase ""didi"" name porichito. 2011 shale taro netritbe trinomulo konggreso poshchimobonggero 34 bochhorero bamofronto sorokaroke porajito korte sokshomo hoyechhilo. ei sorkar bishbe sobocheye beshi somoyo gonotantriko upaye rajotbokari komiunisto sorkar chilo.[6][7][8] bharotiyo projatontrero kendriyo kjabinete tini dui baro relo, eko baro koyola montrokero ebng eko baro manobosompodo unnoyono, jubo, krira, nari o shishukoljano bibhagero rashtromontriro dayitbo samolechheno.[9] tini poshchimobongge krishokodero jomi bolopurboko odhigrohono kore bishesho orthonoitiko oncholo sthaponero birodhita kore andolono korechhileno.[1][8]",পশ্চিমবঙ্গের প্রথম মহিলা মুখ্যমন্ত্রীর নাম কী ?,poshchimobonggero prthom mohila mukhjomontriro nam kii ?,মমতা বন্দ্যোপাধ্যায়,momota bondjopadhjayo,মমতা রাষ্ট্রমন্ত্রীর,momota rashtromontriro,relational,bnp_017358,,
pilot_000319,has_context,reading_comprehension,low,"""পৃথিবীর শেষপ্রান্তে"" পৌছনোর স্পৃহায় তিনি ৩২৬ খ্রিস্টপূর্বাব্দে ভারত অভিযান শুরু করেন, কিন্তু তাঁর সেনাবাহিনীর দাবীর কারণে ফিরে যেতে বাধ্য হন। ৩২৩ খ্রিস্টপূর্বাব্দে ব্যাবিলন শহরে তাঁর মৃত্যু হলে তাঁর সেনাপতি ও উত্তরাধিকারীদের মধ্যে বেশ কয়েকটি গৃহযুদ্ধে তাঁর অধিকৃত সাম্রাজ্য বহু খন্ডে ভেঙে যায়।","""prithibiro sheshoprante"" pouchhonoro sprihayo tini 326 khristopurbabde india obhijano shuru koren, kintu taro senabahiniro dabiro karone fire jete badhjo hono. 323 khristopurbabde bjabilono shohore taro mritju hole taro senapoti o uttoradhikaridero moddhe besho koyekoti grihojuddhe taro odhikrito samrajjo bohu khonde bhenge jayo.",আলেকজান্ডারের মৃত্যু হয় কোথায় ?,alekojandarero mritju hoi kothay ?,ব্যাবিলন শহরে,bjabilono shohore,স্পৃহায় শহরে,sprihayo shohore,relational,bnp_017535,,
pilot_000320,no_context,mathematics,low,,,বিমলবাবু প্রথমদিন সকালে ৮ কিমি পথ ভ্রমণ করেন এবং দ্বিতীয় দিনে তিনি ৫ কিমি পথ ভ্রমণ করেন । দু - দিনে বিমলবাবু মোট কত কিমি পথ ভ্রমণ করেন ?,bimolobabu prothomodino sokale 8 kimi potho bhromono koren ebong dbitiyo dine tini 5 kimi potho bhromono koren . du - dine bimolobabu mot koto kimi potho bhromono korn ?,13,13,31,31,fabricated,bnp_017616,,
pilot_000321,has_context,law,low,"বছরের যেকোন মাসে রাজস্ব বিক্রয় আইন তাদের ধ্বংস করতে পারে, এই ভয়ে মাঝারি ও ছোট জমিদারগণ সব সময়ই তটস্থ ছিলেন।","bochhorero jekono mase rajosbo bikroyo ain tader dhbongso korte pare, ei bhoye majhari o chhoto jomidarogono sobo somoyoi totostho chhileno.","প্রদত্ত প্রসঙ্গ অনুযায়ী রাজস্ব বিক্রয় আইন, ১৭৯৩ সম্পর্কে কী তথ্য দেওয়া হয়েছে?","prodotto prosngo onujayi rajosbo bikroyo ain, 1793 somporke ki tothjo deoya hoise?","বছরের যেকোন মাসে রাজস্ব বিক্রয় আইন তাদের ধ্বংস করতে পারে, এই ভয়ে মাঝারি ও ছোট জমিদারগণ সব সময়ই তটস্থ ছিলেন।","bochhorero jekono mase rajosbo bikroyo ain tader dhbongso korte pare, ei bhoye majhari o chhoto jomidarogono sobo somoyoi totostho chhileno.","বছরের যেকোন মাসে রাজস্ব বিক্রয় আইন তাদের ধ্বংস করতে পারে, এই ভয়ে মাঝারি ও ছোট রায়তগণ সব সময়ই তটস্থ ছিলেন।","bochhorero jekono mase rajosbo bikroyo ain tader dhbongso korte pare, ei bhoye majhari o chhoto rayotogono sobo somoyoi totostho chhileno.",relational,bnp_017626,,
pilot_000322,no_context,mathematics,low,,,"রেজার পিগি ব্যাঙ্কে কিছু টাকা আছে। তিনি প্রতিবার দোকানে ২ টাকা খরচ করেন। তিনি প্রতি মাসে ৪টি দোকানে যান। যদি এক বছর পর তার পিগি ব্যাঙ্কে তার ৳১০৪ টাকা অবশিষ্ট থাকে, তবে প্রথমে তার কাছে কত টাকা টাকা ছিল?","rejaro pigi bjangke kichhu taka asche. tini protibaro dokane 2 taka khorocho korn. tini proti mase 4ta dokane jano. jodi eko bochor poro tar pigi bjangke tar tk104 taka oboshishto thake, tobe prothome tar kase koto taka taka silo?",২০০,200,১৭৩,173,fabricated,bnp_017806,,
pilot_000323,no_context,bcs,low,,,বাংলাদেশ সংবিধানের কোন অনুচ্ছেদে নারী-পুরুষের সমতা নিশ্চিত করা হয়েছে?,bangladesh songbidhanero kon onuchchhede nari-purushero somota nishchito kora hoyeche?,২৮ (২),28 (2),২৯ (২),29 (2),fabricated,bnp_017937,,
pilot_000324,no_context,mathematics,low,,,লুইস সামান্থার চেয়ে স্ক্যাভেঞ্জার হান্টে আরও ৪টি আইটেম খুঁজে পেয়েছেন। সামান্থা তানিয়ার চেয়ে চারগুণ আইটেম খুঁজে পেয়েছেন যিনি শুধুমাত্র ৪টি আইটেম খুঁজে পেতে সক্ষম হয়েছেন। লুইস কত আইটেম খুঁজে পেয়েছেন?,luiso samantharo cheye skjabhenjaro hante aro 4ta aitemo khuje peyechheno. samantha taniyaro cheye charoguno aitemo khuje peyechheno jini shudhumatro 4ti aitemo khuje pete sokshomo hoyechheno. luiso koto aitemo khuje peyechheno?,২০,20,২৮,28,fabricated,bnp_018103,,
pilot_000325,no_context,mathematics,low,,,জিদান প্রতিদিন  একটা বই পড়ে। তিনি প্রতিদিন ২ ঘন্টা বই  পড়েন এবং প্রতি ঘন্টায় ৫০ পৃষ্ঠা বই পড়েন। বইটি যদি ২৮০০ পৃষ্ঠার হয় তবে তার পুরো বইটি  পড়তে কত সপ্তাহ লাগবে?,jidano protidino  ekota boi pore. tini protidino 2 ghonta boi  poreno ebng prti ghontayo 50 prishtha boi poreno. boiti jodi 2800 prishtharo hoi tbe tar puro boiti  porote koto soptaho lagobe?,৪,4,২,2,fabricated,bnp_018164,,
pilot_000326,has_context,law,low,১৮৬০ সালের ১৮ মে থেকে ১৪ আগস্ট পর্যন্ত এ সাক্ষ্যদান প্রক্রিয়া অব্যাহত থাকে।,1860 shaler 18 me theke 14 agosto porjonto e sakshjodano prokriya objahoto thake.,প্রদত্ত প্রসঙ্গ অনুযায়ী নীল কমিশন সম্পর্কে কী তথ্য দেওয়া হয়েছে?,prodotto prosngo onujayi nilo komishono somporke kii tothjo deoya hoise?,১৮৬০ সালের ১৮ মে থেকে ১৪ আগস্ট পর্যন্ত এ সাক্ষ্যদান প্রক্রিয়া অব্যাহত থাকে।,1860 shaler 18 me theke 14 agosto porjonto e sakshjodano prokriya objahoto thake.,১৮৬১ সালের ১৮ মে থেকে ১৪ আগস্ট পর্যন্ত এ সাক্ষ্যদান প্রক্রিয়া অব্যাহত থাকে।,1861 shaler 18 me theke 14 agosto porjonto e sakshjodano prokriya objahoto thake.,numeric,bnp_018286,,
pilot_000327,has_context,others,low,"ভালো-মন্দ, ন্যায়-অন্যায় ও উচিত-অনুচিতের বিচার নৈতিক মূল্যবোধের অন্তর্ভুক্ত। অর্থনৈতিক মূল্যবোধ লাভ-ক্ষতি বা সম্পদ ব্যবহারের সঙ্গে সম্পর্কিত।","bhalo-mondo, njayo-onjayo o uchito-onuchitero bicharo noitiko muljobodhero ontorbhukto. orthonoitiko muljobodho labho-kshoti ba sompodo bjoboharero songge somporkito.",ভালো-মন্দ কোন ধরনের মূল্যবোধ?,bhalo-mondo kon dhoronero muljobodho?,নৈতিক মূল্যবোধ।,noitiko muljobodho.,অর্থনৈতিক মূল্যবোধ।,orthonoitiko muljobodho.,relational,bnp_018332,,
pilot_000328,has_context,history,low,১৯৮৩ সালের ১৮ মার্চ ঢাকা বিশ্ববিদ্যালয়ের উপাচার্য অধ্যাপক ফজলুল হালিম চৌধুরীকে অব্যাহতি প্রদান করা হয়। ঐ বছর ৮ ডিসেম্বর সকাল সন্ধ্যা দেশব্যাপি সর্বাত্মক হরতাল পালিত হয়।,1983 shaler 18 marcho dhaka bishbobidjaloyero upacharjo odhjapoko fojolulo halimo choudhurike objahoti prodano kora hoi. oi bochor 8 disemboro sokalo sondhja deshobjapi sorbatmoko horotalo palito hoi.,১৯৮৩ সালে কোন উপাচার্যকে অব্যাহতি প্রদান করা হয়?,1983 shale kon upacharjoke objahoti prodano kora hoy?,অধ্যাপক ফজলুল হালিম চৌধুরী,odhjapoko fojolulo halimo choudhuri,অধ্যাপক ফজলুল হালিম চৌধুরি,odhjapoko fojolulo halimo choudhuri,relational,bnp_018414,,
pilot_000329,no_context,law,low,,,"স্থানীয় সরকার (ইউনিয়ন পরিষদ) আইন, ২০০৯-এর ধারা ৫১-এর বিষয় কী?","sthaniyo sorkar (iuniyono porishodo) ain, 2009-er dhara 51-er bishoyo ki?","পরিষদের সম্পত্তি অর্জন, দখলে রাখিবার ও নিষ্পত্তি করিবার ক্ষমতা","porishodero sompotti orjono, dokhole rakhibaro o nishpotti koribaro kshomota",পরিষদে সম্পদ হস্তান্তর,porishode sompodo hostantoro,fabricated,bnp_018422,,
pilot_000330,has_context,law,low,চিরস্থায়ী বন্দোবস্ত আইনে জমিদারদের ওপর নির্ধারিত রাজস্ব দাবি সরকার কর্তৃক বৃদ্ধিকরণ স্থায়িভাবে নিষিদ্ধ করা হয়।,chirosthayi bondobosto aine jomidarodero oporo nirdharito rajosbo dabi sorkar kortriko briddhikorono sthayibhabe nishiddho kora hoy.,"প্রদত্ত প্রসঙ্গ অনুযায়ী রাজস্ব বিক্রয় আইন, ১৭৯৩ সম্পর্কে কী তথ্য দেওয়া হয়েছে?","prodotto prosngo anujayi rajosbo bikroyo ain, 1793 somporke ki tothjo deoya hoyeche?",চিরস্থায়ী বন্দোবস্ত আইনে জমিদারদের ওপর নির্ধারিত রাজস্ব দাবি সরকার কর্তৃক বৃদ্ধিকরণ স্থায়িভাবে নিষিদ্ধ করা হয়।,chirosthayi bondobosto aine jomidarodero oporo nirdharito rajosbo dabi sorkar kortriko briddhikorono sthayibhabe nishiddho kora hoy.,চিরস্থায়ী বন্দোবস্ত আইনে রায়তদের ওপর নির্ধারিত রাজস্ব দাবি সরকার কর্তৃক বৃদ্ধিকরণ স্থায়িভাবে নিষিদ্ধ করা হয়।,chirosthayi bondobosto aine rayotodero oporo nirdharito rajosbo dabi shorkar kortriko briddhikorono sthayibhabe nishiddho kora hoy.,relational,bnp_018433,,
pilot_000331,no_context,grammar,low,,,কোন বাগ্‌ধারা দুটি সম্পূর্ণ ভিন্নাথর্ক?,kon bag‌dhara duti sompurno bhinnathorko?,ঢাকের কাঠি/ঢাকের বায়া,dhakero kathi/dhakero baya,পটল তোলা/অক্কা পাওয়া,potolo tola/okka paoya,fabricated,bnp_018662,,
pilot_000332,no_context,bcs,low,,,"'মোদের গরব, মোদের আশা/আ-মরি বাংলা ভাষা' রচিয়তা-","'modero gorobo, modero asha/a-mori bangla bhasha' rochiyota-",অতুল প্রসাদ সেন,otulo prosado seno,রামনিধি গুপ্ত,ramonidhi gupto,fabricated,bnp_018736,,
pilot_000333,has_context,law,low,২৪ তম ডিভিশনের জিওসি ছিলেন উন্নয়ন বোর্ডের চেয়ারম্যান এবং এর ব্যবস্থাপনা অনেকটা ছিল বাঙালিদের হাতে।,24 tomo dibhishonero jiosi chhileno unnoyono bordero cheyaromjano ebong er bjobosthapona onekota chilo bangalidero hate.,"প্রদত্ত প্রসঙ্গ অনুযায়ী পার্বত্য চট্টগ্রাম শান্তিচুক্তি, ১৯৯৭ সম্পর্কে কী তথ্য দেওয়া হয়েছে?","prodotto prosngo anujayi parbotjo chottogramo shantichukti, 1997 somporke ki tothjo deoya hoyeche?",২৪ তম ডিভিশনের জিওসি ছিলেন উন্নয়ন বোর্ডের চেয়ারম্যান এবং এর ব্যবস্থাপনা অনেকটা ছিল বাঙালিদের হাতে।,24 tomo dibhishonero jiosi chhileno unnoyono bordero cheyaromjano ebong er bjobosthapona onekota chilo bangalidero hate.,২৪ তম ডিভিশনের জিওসি ছিলেন উন্নয়ন বোর্ডের সদস্য এবং এর ব্যবস্থাপনা অনেকটা ছিল বাঙালিদের হাতে।,24 tomo dibhishonero jiosi chhileno unnoyono bordero sodosjo ebng er bjobosthapona onekota silo bangalidero hate.,numeric,bnp_018767,,
pilot_000334,no_context,literature,low,,,'মোসলেম ভারত' সাহিত্য পত্রিকার সম্পাদক কে ছিলেন?,'mosolemo india' shahitto potrikaro sompadoko ke chhileno?,مোজাম্মেল হক,مjammelo hoko,দীনেশরঞ্জন দাশ,dineshoronjono dasho,fabricated,bnp_018967,,
pilot_000335,has_context,law,low,[(২) নির্বাচন সম্পন্ন হইবার পর অবিলম্বে চেয়ারম্যান ও সদস্যের নাম সরকারি গেজেটে প্রকাশিত হইবে এবং তাঁহাদের শপথ গ্রহণের তারিখ হইতে পরবর্তী ১০ (দশ) কার্যদিবসের মধ্যে ইউনিয়ন পরিষদের প্রথম সভা অনুষ্ঠিত হইবে|]।,[(2) nirbachono somponno hoibaro poro obilombe cheyaromjano o sodosjero nam sorokari gejete prokashito hoibe ebng tahadero shopotho grohonero tarikh hoite poroborti 10 (dosho) karjodibosero moddhe iuniyono porishodero prothom sobha onushthito hoibe|].,"প্রদত্ত প্রসঙ্গ অনুযায়ী স্থানীয় সরকার (ইউনিয়ন পরিষদ) আইন, ২০০৯-এর ধারা ২৯ সম্পর্কে কী বলা হয়েছে?","prodotto prosngo onujayi sthaniyo shorkar (iuniyono porishodo) ain, 2009-er dhara 29 somporke ki bola hoise?",[(২) নির্বাচন সম্পন্ন হইবার পর অবিলম্বে চেয়ারম্যান ও সদস্যের নাম সরকারি গেজেটে প্রকাশিত হইবে এবং তাঁহাদের শপথ গ্রহণের তারিখ হইতে পরবর্তী ১০ (দশ) কার্যদিবসের মধ্যে ইউনিয়ন পরিষদের প্রথম সভা অনুষ্ঠিত হইবে|]।,[(2) nirbachono somponno hoibaro poro obilombe cheyaromjano o sodosjero nam sorokari gejete prokashito hoibe ebong tahadero shopotho grohonero tarikh hoite poroborti 10 (dosho) karjodibosero modhye iuniyono porishodero prthom sobha onushthito hoibe|].,[(২) নির্বাচন সম্পন্ন হইবার পর অবিলম্বে চেয়ারম্যান ও সদস্যের নাম সরকারি গেজেটে প্রকাশিত হইবে এবং তাঁহাদের শপথ গ্রহণের তারিখ হইতে পরবর্তী ১০ (দশ) কার্যদিবসের মধ্যে উপজেলা পরিষদের প্রথম সভা অনুষ্ঠিত হইবে|]।,[(2) nirbachono somponno hoibaro poro obilombe cheyaromjano o sodosjero naam sorokari gejete prokashito hoibe ebng tahadero shopotho grohonero tarikh hoite poroborti 10 (dosho) karjodibosero moddhe upojela porishodero prothom sobha onushthito hoibe|].,numeric,bnp_018995,,
pilot_000336,has_context,law,low,"কমিশনের অন্যান্য সদস্যের মধ্যে ছিলেন আর টেম্পল (সরকারি প্রতিনিধি), রেভারেন্ড জে. সেল (খ্রিস্টান মিশনারিদের প্রতিনিধি), ডব্লিউ.এফ ফারগুসন (নীলকরদের প্রতিনিধি) ও চন্দ্রমোহন চ্যাটার্জী (জমিদারদের প্রতিনিধি)।","komishonero onjanjo sodosjero moddhe chhileno aro tempolo (sorokari protinidhi), rebharendo je. selo (khristano mishonaridero protinidhi), dobliu.efo farogusono (nilokorodero protinidhi) o chondromohono chjatarji (jomidarodero protinidhi).",প্রদত্ত প্রসঙ্গ অনুযায়ী নীল কমিশন সম্পর্কে কী তথ্য দেওয়া হয়েছে?,prodotto prosongo onujayi nilo komishono somporke ki tothjo deoya hoyeche?,"কমিশনের অন্যান্য সদস্যের মধ্যে ছিলেন আর টেম্পল (সরকারি প্রতিনিধি), রেভারেন্ড জে. সেল (খ্রিস্টান মিশনারিদের প্রতিনিধি), ডব্লিউ.এফ ফারগুসন (নীলকরদের প্রতিনিধি) ও চন্দ্রমোহন চ্যাটার্জী (জমিদারদের প্রতিনিধি)।","komishonero onjanjo sodosjero moddhe chhileno aro tempolo (sorokari protinidhi), rebharendo je. selo (khristano mishonaridero protinidhi), dobliu.efo farogusono (nilokorodero protinidhi) o chondromohono chjatarji (jomidarodero protinidhi).","কমিশনের অন্যান্য সদস্যের মধ্যে ছিলেন আর টেম্পল (সরকারি প্রতিনিধি), রেভারেন্ড জে. সেল (খ্রিস্টান মিশনারিদের প্রতিনিধি), ডব্লিউ.এফ ফারগুসন (নীলকরদের প্রতিনিধি) ও চন্দ্রমোহন চ্যাটার্জী (রায়তদের প্রতিনিধি)।","komishonero onjanjo sodosjero modhye chhileno aro tempolo (sorokari protinidhi), rebharendo je. selo (khristano mishonaridero protinidhi), dobliu.efo farogusono (nilokorodero protinidhi) o chondromohono chjatarji (rayotodero protinidhi).",relational,bnp_019083,,
pilot_000337,has_context,law,low,"রাজস্ব বিক্রয় আইন, ১৭৯৩ সাধারণভাবে ’সূর্যাস্ত আইন’ নামে পরিচিত এই আইনটি চিরস্থায়ী বন্দোবস্ত সংক্রান্ত আইনসমষ্টির একটি অবিচ্ছেদ্য অংশ।","rajosbo bikroyo ain, 1793 sadharonobhabe ’surjasto ain’ name porichito ei ainoti chirosthayi bondobosto songkranto ainosomoshtiro ekta obichchhedjo ongsho.","প্রদত্ত প্রসঙ্গ অনুযায়ী রাজস্ব বিক্রয় আইন, ১৭৯৩ সম্পর্কে কী তথ্য দেওয়া হয়েছে?","prodotto prosongo anujayi rajosbo bikroyo ain, 1793 somporke kii tothjo deoya hoise?","রাজস্ব বিক্রয় আইন, ১৭৯৩ সাধারণভাবে ’সূর্যাস্ত আইন’ নামে পরিচিত এই আইনটি চিরস্থায়ী বন্দোবস্ত সংক্রান্ত আইনসমষ্টির একটি অবিচ্ছেদ্য অংশ।","rajosbo bikroyo ain, 1793 sadharonobhabe ’surjasto ain’ name porichito ei ainoti chirosthayi bondobosto songkranto ainosomoshtiro ekti obichchhedjo ongsho.","রাজস্ব বিক্রয় আইন, ১৭৯৪ সাধারণভাবে ’সূর্যাস্ত আইন’ নামে পরিচিত এই আইনটি চিরস্থায়ী বন্দোবস্ত সংক্রান্ত আইনসমষ্টির একটি অবিচ্ছেদ্য অংশ।","rajosbo bikroyo ain, 1794 sadharonobhabe ’surjasto ain’ name porichito ei ainoti chirosthayi bondobosto songkranto ainosomoshtiro ekti obichchhedjo ongsho.",numeric,bnp_019269,,
pilot_000338,has_context,others,low,প্রীতি জিনতা ২০১৬ সালের ২৯ ফেব্রুয়ারি যুক্তরাষ্ট্রের জিন গুডএনাফকে বিয়ে করেন।,priti jinota 2016 shaler 29 februyari juktorashtrero jino gudoenafoke biye koren.,প্রীতি জিনতার স্বামীর নাম কী ?,priti jinotaro sbamiro nam ki ?,জিন গুডএনাফ।,jino gudoenafo.,জিন গুডম্যান।,jino gudomjano.,relational,bnp_019276,,
pilot_000339,no_context,mathematics,low,,,এক টাকায় ৩ টি কলা পাওয়া যায় । ১০ টাকার কতগুলি কলা পাবে ?,eko takayo 3 ti kola paoya jayo . 10 takaro kotogula kola pabe ?,30,30,3,3,fabricated,bnp_019325,,
pilot_000340,no_context,antonym,low,,,'সিক্ত' শব্দের বিপরীতার্থক শব্দ-,'sikto' shobder biporitarthoko shobdo-,শুষ্ক,shushko,নিগ্রহ,nigroho,fabricated,bnp_019473,,
pilot_000341,no_context,idiom_meaning,low,,,"""ডাকে ওঠা"" এর ভাবার্থ কী?","""dake otha"" er bhabartho kii?",নষ্ট হওয়া,noshto hooya,"অস্তিত্ব নেই এমন বস্তু, অলীকবস্তু","ostitbo nei emono bostu, olikobostu",fabricated,bnp_019489,,
pilot_000342,no_context,bcs,low,,,বাংলাদেশের পানি সম্পদের চাহিদা সবচেয়ে বেশি কোন খাতে?,bangladesher pani sompodero chahida sobocheye beshi kon khate?,কৃষি,krishi,শিল্প,shilpo,fabricated,bnp_019513,,
pilot_000343,has_context,history,low,প্রথম গ্যালারিতে প্রাগৈতিহাসিক কাল থেকে ১৯৭০ সাল পর্যন্ত কালপর্বে এই জনপদের প্রতিনিধিত্বমূলক প্রত্ননিদর্শন রয়েছে। দ্বিতীয় গ্যালারিতে ১৯৭১ সালে বঙ্গবন্ধুর ঐতিহাসিক ৭ মার্চের ভাষণের ঘটনা থেকে ১৭ এপ্রিল মেহেরপুরের বৈদ্যনাথতলায় প্রবাসী সরকার গঠন পর্ব পর্যন্ত রয়েছে।,prthom gjalarite pragoitihasiko kalo theke 1970 shal porjonto kaloporbe ei jonopodero protinidhitbomuloko protnonidorshono royeche. dbitiyo gjalarite 1971 sale bonggobondhuro oitihasiko 7 marchero bhashonero ghotona theke 17 eprilo meheropurero boidjonathotolayo probasi sorkar gothono porbo porjonto roeche.,মুক্তিযুদ্ধ জাদুঘরের দ্বিতীয় গ্যালারিতে কোন ঘটনা থেকে কোন ঘটনা পর্যন্ত প্রদর্শিত হয়?,muktizuddho jadughorero dbitiyo gjalarite kon ghotona theke kon ghotona porjonto prodorshito hoy?,৭ মার্চের ভাষণ থেকে ১৭ এপ্রিল প্রবাসী সরকার গঠন পর্যন্ত,7 marchero bhashono theke 17 eprilo probasi shorkar gothono porjonto,৮ মার্চের ভাষণ থেকে ১৭ এপ্রিল প্রবাসী সরকার গঠন পর্যন্ত,8 marchero bhashono theke 17 eprilo probasi sorkar gothono porjonto,numeric,bnp_019731,,
pilot_000344,no_context,mathematics,low,,,লিসা প্রতি মিনিটে ১০ মিটার হাঁটে। প্রতিদিন সে এক ঘণ্টা হাঁটে। লিসা দুই দিনে কত মিটার হাঁটবে?,lisa prti minite 10 mitaro hate. protidino se eko ghonta hate. lisa dui dine koto mitaro hatobe?,১২০০,1200,২৪০০,2400,fabricated,bnp_020017,,
pilot_000345,has_context,law,low,"বিনা খরচে ভূমিতে জমিদারদের মালিকানা-স্বত্ব লাভ এবং স্থায়িভাবে সরকারি রাজস্ব দাবি নির্ধারণ, এই দুটি বিশেষ সুবিধার বিপরীতে উপনিবেশিক সরকার একটি কঠোর আইন প্রণয়ন করেন।","bina khoroche bhumite jomidarodero malikana-sbotbo labho ebng sthayibhabe sorokari rajosbo dabi nirdharono, ei duti bishesho subidharo biporite uponibeshiko shorkar ekta kothoro ain pronoyono koren.","প্রদত্ত প্রসঙ্গ অনুযায়ী রাজস্ব বিক্রয় আইন, ১৭৯৩ সম্পর্কে কী তথ্য দেওয়া হয়েছে?","prodotto prosongo anujayi rajosbo bikroyo ain, 1793 somporke ki tothjo deoya hoyeche?","বিনা খরচে ভূমিতে জমিদারদের মালিকানা-স্বত্ব লাভ এবং স্থায়িভাবে সরকারি রাজস্ব দাবি নির্ধারণ, এই দুটি বিশেষ সুবিধার বিপরীতে উপনিবেশিক সরকার একটি কঠোর আইন প্রণয়ন করেন।","bina khoroche bhumite jomidarodero malikana-sbotbo labho ebong sthayibhabe sorokari rajosbo dabi nirdharono, ei duti bishesho subidharo biporite uponibeshiko shorkar ekta kothoro ain pronoyono korn.","বিনা খরচে ভূমিতে রায়তদের মালিকানা-স্বত্ব লাভ এবং স্থায়িভাবে সরকারি রাজস্ব দাবি নির্ধারণ, এই দুটি বিশেষ সুবিধার বিপরীতে উপনিবেশিক সরকার একটি কঠোর আইন প্রণয়ন করেন।","bina khoroche bhumite rayotodero malikana-sbotbo labho ebng sthayibhabe sorokari rajosbo dabi nirdharono, ei duti bishesho subidharo biporite uponibeshiko sorkar ekta kothoro ain pronoyono koren.",relational,bnp_020086,,
pilot_000346,no_context,mathematics,low,,,একটি 3 অঙ্কের সংখ্যা আছে এটিকে উল্টো দিক থেকে লিখে আরেকটি 3 অঙ্কের সংখ্যা পাওয়া গেল। এবার এই দুটির মধ্যে বড়টি থেকে ছোটটি বিয়োগ করা হল এবং প্রাপ্ত বিয়োগফলও 3 অঙ্কের। বিয়োগফলের কতটি মান থাকা সম্ভব?,ekta 3 ongkero songkhya asche etike ulto diko theke likhe arekoti 3 ongkero songkha paoya gelo. ebaro ei dutiro modhye boroti theke chhototi biyogo kora holo ebong prapto biyogofoloo 3 ongkero. biyogofolero kototi mano thaka sombhobo?,8,8,9,9,fabricated,bnp_020113,,
pilot_000347,no_context,grammar,low,,,পত্রের ভাষা কীরূপ হওয়া উচিত?,potrero bhasha kirupo hooya uchito?,সহজ-সরল ও বিষয়ভিত্তিক,sohojo-sorolo o bishoyobhittiko,কঠিন ও ধরাবাধা গৎ,kothino o dhorabadha goto,fabricated,bnp_020242,,
pilot_000348,no_context,idiom_meaning,low,,,"""একাকার"" এর ভাবার্থ কী?","""ekakaro"" er bhabartho kii?",সর্বত্র সমান আকার,sorbotro somano akaro,"কাণ্ডজ্ঞানহীন মূর্খ, যে কেবল হিজিবিজি রেখা টানে লিখতে জানে না","kandojnanohino murkho, je kebolo hijibiji rekha tane likhote jane na",fabricated,bnp_020256,,
pilot_000349,no_context,science,low,,,একটি রুগড বা শক্ত ল্যাপটপের উদাহরণ কোনটি?,ekti rugodo ba shokto ljapotopero udahorono konti?,প্যানাসনিক টাফবুক,pjanasoniko tafobuko,লিনাস রাইট-টপ,linaso raito-topo,fabricated,bnp_020373,,
pilot_000350,has_context,law,low,১৯৩৭ সালে ভারতের ফেডারেল কোর্ট উচ্চ আদালতগুলোর ঊর্ধ্বতন আপিল আদালত হিসেবে প্রতিষ্ঠিত হয়।,1937 sale bharoter fedarelo korto uchcho adalotoguloro urdhbotono apilo adaloto hisebe protishthito hoy.,প্রদত্ত প্রসঙ্গ অনুযায়ী বাংলাদেশের বিচারব্যবস্থার ঐতিহাসিক বিকাশ সম্পর্কে কী বলা হয়েছে?,prodotto prosngo onujayi bangladesher bicharobjobostharo oitihasiko bikasho somporke kii bola hoise?,১৯৩৭ সালে ভারতের ফেডারেল কোর্ট উচ্চ আদালতগুলোর ঊর্ধ্বতন আপিল আদালত হিসেবে প্রতিষ্ঠিত হয়।,1937 sale bharoter fedarelo korto uchcho adalotoguloro urdhbotono apilo adaloto hisebe protishthito hoy.,১৯৩৮ সালে ভারতের ফেডারেল কোর্ট উচ্চ আদালতগুলোর ঊর্ধ্বতন আপিল আদালত হিসেবে প্রতিষ্ঠিত হয়।,1938 sale indian fedarelo korto uchcho adalotoguloro urdhbotono apilo adaloto hisebe protishthito hoi.,numeric,bnp_020377,,
pilot_000351,has_context,others,low,প্রীতি জিনতা ২০১৬ সালের ২৯ ফেব্রুয়ারি যুক্তরাষ্ট্রের জিন গুডএনাফকে বিয়ে করেন।,priti jinota 2016 saler 29 februyari juktorashtrero jino gudoenafoke biye korn.,প্রীতি জিনতা কত তারিখে বিয়ে করেন?,priti jinota koto tarikhe biye koren?,২৯ ফেব্রুয়ারি ২০১৬।,29 februyari 2016.,২৮ ফেব্রুয়ারি ২০১৬।,28 februyari 2016.,numeric,bnp_020408,,
pilot_000352,has_context,others,low,"২৬৩-এর বর্গমূল ১৭-এর কম। ২, ৩, ৫, ৭, ১১ বা ১৩—কোনো মৌলিক সংখ্যা দিয়ে ২৬৩ নিঃশেষে বিভাজ্য নয়; তাই ২৬৩ মৌলিক। মূল প্রশ্নে বিকল্প না থাকায় কোনটি অমৌলিক তা নির্দিষ্ট করা যায় না।","263-er borgomulo 17-er komo. 2, 3, 5, 7, 11 ba 13—kono mouliko songkha diye 263 nihsheshe bibhajjo noyo; tai 263 mouliko. mulo proshne bikolpo naa thakayo konti omouliko ta nirdishto kora jayo naa.",২৬৩ কি মৌলিক সংখ্যা?,263 kii mouliko songkhya?,"হ্যাঁ, ২৬৩ মৌলিক।","han, 263 mouliko.","না, ২৬৩ যৌগিক।","naa, 263 jougiko.",numeric,bnp_020509,,
pilot_000353,has_context,history,low,প্রায় দুই বিঘা জায়গার ওপর নির্মিত এই ভবনের ব্যবহারযোগ্য আয়তনের পরিমাণ ১ লাখ ৮৫ হাজার বর্গফুট। নতুন ভবনে ছয়টি গ্যালারি রয়েছে। গ্যালারিগুলো ভবনের চতুর্থ ও পঞ্চম তলায়। এর মধ্যে ২১ হাজার বর্গফুট জায়গাজুড়ে রয়েছে চারটি স্থায়ী গ্যালারি।,prayo dui bigha jayogaro oporo nirmito ei bhobonero bjoboharojogjo ayotonero porimano 1 lakho 85 hajaro borgofuto. notuno bhobone chhoyoti gjalari royeche. gjalarigulo bhobonero choturtho o ponchomo tolayo. er moddhe 21 hajaro borgofuto jayogajure royeche charoti sthayi gjalari.,মুক্তিযুদ্ধ জাদুঘরের চারটি স্থায়ী গ্যালারি কত বর্গফুট এলাকা জুড়ে বিস্তৃত?,muktijuddho jadughorero charoti sthayi gjalari koto borgofuto elaka jure bistrito?,২১ হাজার বর্গফুট,21 hajaro borgofuto,২৫ হাজার বর্গফুট,25 hajaro borgofuto,numeric,bnp_020592,,
pilot_000354,no_context,literature,low,,,'কপালকুণ্ডলা' উপন্যাস কত সালে প্রকাশিত হয়?,'kopalokundola' uponjaso koto sale prokashito hoy?,১৮৬৬ সালে,1866 shale,১৮৫৮ সালে,1858 shale,fabricated,bnp_020668,,
pilot_000355,no_context,bcs,low,,,অনুভূতিজাত দ্বিরুক্ত শব্দ কোনটি?,onubhutijato dbirukto shobdo konti?,ছমছম,chhomochhomo,ঝমঝম,jhomojhomo,fabricated,bnp_020789,,
pilot_000356,no_context,mathematics,low,,,"হালিম প্রতি বছর ৩ ইঞ্চি হারে বৃদ্ধি পায়। যদি সে বর্তমানে ২০ ইঞ্চি লম্বা হয়, ১০ বছর পর তার উচ্চতা কত হবে?","halimo prti bochor 3 inchi hare briddhi payo. jodi she bortomane 20 inchi lomba hoy, 10 bosor poro tar uchchota koto hobe?",৫০,50,১০০,100,fabricated,bnp_020848,,
pilot_000357,no_context,history,low,,,‘বিপদ’ ও ‘ছায়া’ শব্দ দুটির সন্ধিতে কোন শব্দ গঠিত হয়?,‘bipodo’ o ‘chhaya’ shobdo dutiro sondhite kon shobdo gothito hoy?,বিপচ্ছায়া,bipochchhaya,বিপদছায়া,bipodochhaya,fabricated,bnp_020912,,
pilot_000358,no_context,bcs,low,,,রবীন্দ্রনাথ কোন কারক বাদ দিতে চেয়েছিলেন?,robindronatho kon karoko bado dite cheyechhileno?,সম্প্রদান কারক,somprodano karoko,অপাদান কারক,opadano karoko,fabricated,bnp_020969,,
pilot_000359,no_context,bcs,low,,,মুক্তিযুদ্ধে বীরত্বপূর্ণ অবদানের জন্য কতজনকে বীরউত্তম খেতাবে ভূষিত করা হয়?,muktijuddhe birotbopurno obodanero jnno kotojonoke birouttomo khetabe bhushito kora hoy?,৬৮ জন,68 jon,৫৮ জন,58 jon,fabricated,bnp_020995,,
pilot_000360,no_context,idiom_meaning,low,,,"""চাপা পড়া"" এর ভাবার্থ কী?","""chapa pora"" er bhabartho kii?",বিস্মৃত হওয়া। আহত হওয়া। নিবৃত্ত হওয়া,bismrito hooya. ahoto hooya. nibritto hooya,"পাল্লা দেওয়া, প্রতিযোগিতা করা","palla deoya, protijogita kora",fabricated,bnp_021060,,
pilot_000361,has_context,law,low,"কর প্রদানে ব্যর্থ জমিদারদের জমি বিক্রয়ের বিধান এত কড়াকড়ি ও নির্দয়ভাবে প্রয়োগ করা হতো যে, তা সূর্যাস্তের মতোই অপ্রতিরোধ্য ও অবশ্যম্ভাবী ছিল এবং তাতে অনেক বড় বড় জমিদার বংশের পতন তথা বৈভব-সম্পদের সূর্য অস্তমিত হতো।","koro prodane bjortho jomidarodero jomi bikroyero bidhano eto korakori o nirdoyobhabe proyogo kora hoto je, ta surjastero motoi oprotirodhjo o oboshjombhabi silo ebng tate oneko boro boro jomidaro bongshero potono totha boibhobo-sompodero surjo ostomito hoto.","প্রদত্ত প্রসঙ্গ অনুযায়ী রাজস্ব বিক্রয় আইন, ১৭৯৩ সম্পর্কে কী তথ্য দেওয়া হয়েছে?","prodotto prosngo onujayi rajosbo bikroyo ain, 1793 somporke kii tothjo deoya hoyeche?","কর প্রদানে ব্যর্থ জমিদারদের জমি বিক্রয়ের বিধান এত কড়াকড়ি ও নির্দয়ভাবে প্রয়োগ করা হতো যে, তা সূর্যাস্তের মতোই অপ্রতিরোধ্য ও অবশ্যম্ভাবী ছিল এবং তাতে অনেক বড় বড় জমিদার বংশের পতন তথা বৈভব-সম্পদের সূর্য অস্তমিত হতো।","koro prodane bjortho jomidarodero jomi bikroyero bidhano eto korakori o nirdoyobhabe proyogo kora hoto je, ta surjastero motoi oprotirodhjo o oboshjombhabi chilo ebong tate oneko boro boro jomidaro bongshero potono totha boibhobo-sompodero surjo ostomito hoto.","কর প্রদানে ব্যর্থ রায়তদের জমি বিক্রয়ের বিধান এত কড়াকড়ি ও নির্দয়ভাবে প্রয়োগ করা হতো যে, তা সূর্যাস্তের মতোই অপ্রতিরোধ্য ও অবশ্যম্ভাবী ছিল এবং তাতে অনেক বড় বড় জমিদার বংশের পতন তথা বৈভব-সম্পদের সূর্য অস্তমিত হতো।","koro prodane bjortho rayotodero jomi bikroyero bidhano eto korakori o nirdoyobhabe proyogo kora hoto je, ta surjastero motoi oprotirodhjo o oboshjombhabi silo ebng tate oneko boro boro jomidaro bongshero potono totha boibhobo-sompodero surjo ostomito hoto.",relational,bnp_021119,,
pilot_000362,no_context,antonym,low,,,'বাদলা' শব্দের বিপরীতার্থক শব্দ-,'badola' shobder biporitarthoko shobdo-,শুকনা,shukona,হাসি,hasi,fabricated,bnp_021171,,
pilot_000363,has_context,history,low,অষ্টাদশ শতাব্দীর মাঝামাঝি সময়ে জালালপুর পরগনার জমিদার শেখ ইনায়েতউল্লাহ আহসান মঞ্জিলের বর্তমান স্থানে রংমহল নামে একটি প্রমোদভবন তৈরি করেন। পরবর্তীতে তার পুত্র শেখ মতিউল্লাহ রংমহলটি ফরাসি বণিকদের কাছে বিক্রি করে দেন। বাণিজ্য কুঠি হিসাবে এটি দীর্ঘদিন পরিচিত ছিল। এরপরে ১৮৩০-এ বেগমবাজারে বসবাসকারী নওয়াব আবদুল গনির পিতা খাজা আলীমুল্লাহ এটি ক্রয় করে বসবাস শুরু করেন। এই বাসভবনকে কেন্দ্র করে খাজা আবদুল গনি মার্টিন অ্যান্ড কোম্পানী নামক একটি ইউরোপীয় নির্মাণ ও প্রকৌশল-প্রতিষ্ঠানকে দিয়ে একটি মাস্টারপ্ল্যান তৈরী করান।,oshtadosho shotabdiro majhamajhi somoye jalalopuro porogonaro jomidaro shekho inayetoullaho ahosano monjilero bortomano sthane rongmoholo name ekti promodobhobono toiri koren. porobortite tar putro shekho motiullaho rongmoholoti forasi bonikodero kache bikri kore deno. banijjo kuthi hisabe eti dirghodino porichito silo. eropore 1830-e begomobajare bosobasokari nooyabo abodulo goniro pita khaja alimullaho eti kroyo kore bosobaso shuru koren. ei basobhobonoke kendro kore khaja abodulo goni martino ojando kompani namoko ekti iuropiyo nirmano o prokousholo-protishthanoke diye ekta mastaropljano toiri korano.,আহসান মঞ্জিলের পূর্বের নাম রংমহল কখন থেকে পরিচিত ছিল?,ahosano monjilero purbero naam rongmoholo kokhono theke porichito silo?,অষ্টাদশ শতাব্দীর মাঝামাঝি সময় থেকে,oshtadosho shotabdiro majhamajhi somoyo theke,অষ্টাদশ শতাব্দীর মাঝামাঝি সময় থেখে,oshtadosho shotabdiro majhamajhi somoyo thekhe,relational,bnp_021309,,
pilot_000364,no_context,idiom_meaning,low,,,"""পথ চাওয়া"" এর ভাবার্থ কী?","""potho chaoya"" er bhabartho ki?","আগমনের প্রতীক্ষা করা, কোনোকিছুর জন্য অপেক্ষা করা","agomonero protiksha kora, konokichhuro jnno opeksha kora","মুখচোরা, লাজুক, ভালো মানুষের ভান করে এমন","mukhochora, lajuko, bhalo manushero bhano kore emono",fabricated,bnp_021310,,
pilot_000365,has_context,others,low,জীবনানন্দ দাশ ১৮৯৯ সালের ১৭ ফেব্রুয়ারি বরিশাল শহরে জন্মগ্রহণ করেন।,jibonanondo dasho 1899 shaler 17 februyari borishalo shohore jonmogrohono koren.,জীবনানন্দ দাশের জন্মতারিখ কী?,jibonanondo dashero jonmotarikho ki?,১৭ ফেব্রুয়ারি ১৮৯৯।,17 februyari 1899.,১৮ ফেব্রুয়ারি ১৮৯৯।,18 februyari 1899.,numeric,bnp_021414,,
pilot_000366,no_context,mathematics,low,,,একটি সিনেমা হলে ২৫০ টি আসন আছে. একটি টিকিটের মূল্য একজন প্রাপ্তবয়স্কের জন্য ৳৬ এবং একটি শিশুর জন্য ৳৪। থিয়েটারটি পরিপূর্ণ এবং ১৮৮ জন শিশু রয়েছে। এই মুভি সেশনের জন্য মোট টিকিটের আয় কত?,ekta sinema hole 250 ta asono ache. ekti tikitero muljo ekojono praptoboyoskero jonno tk6 ebng ekti shishuro jnno tk4. thiyetaroti poripurno ebng 188 jon shishu royeche. ei mubhi seshonero jnno mott tikitero ayo koto?,১১২৪,1124,২২৪৮,2248,fabricated,bnp_021425,,
pilot_000367,no_context,science,low,,,লিথাল জিনের কারণে কোন কোন রোগ হয়?,lithalo jinero karone kon kon rogo hoy?,হিমোফিলিয়া ও থ্যালাসেমিয়া,himofiliya o thjalasemiya,থ্যালাসেমিয়া ও বর্ণান্ধতা,thjalasemiya o bornandhota,fabricated,bnp_021515,,
pilot_000368,has_context,law,low,"ধারা ৬ ও উপ-ধারা (১) এ বর্ণিত ক্ষমতা ও কার্যাবলী ছাড়াও ওয়ার্ড সভা, ক্ষেত্র বিশেষে, বিশেষ সভা আহবানের জন্য পরিষদকে অনুরোধ করিতে পারিবে।","dhara 6 o upo-dhara (1) e bornito kshomota o karjaboli chharao oyardo sobha, kshetro bisheshe, bishesho sobha ahobanero jonno porishodoke onurodho korite paribe.","প্রদত্ত প্রসঙ্গ অনুযায়ী স্থানীয় সরকার (ইউনিয়ন পরিষদ) আইন, ২০০৯-এর ধারা ৭ সম্পর্কে কী বলা হয়েছে?","prodotto prosongo anujayi sthaniyo sorkar (iuniyono porishodo) ain, 2009-er dhara 7 somporke ki bola hoise?","ধারা ৬ ও উপ-ধারা (১) এ বর্ণিত ক্ষমতা ও কার্যাবলী ছাড়াও ওয়ার্ড সভা, ক্ষেত্র বিশেষে, বিশেষ সভা আহবানের জন্য পরিষদকে অনুরোধ করিতে পারিবে।","dhara 6 o upo-dhara (1) e bornito kshomota o karjaboli chharao oyardo sobha, kshetro bisheshe, bishesho sobha ahobanero jnno porishodoke onurodho korite paribe.","ধারা ৬ ও উপ-ধারা (১) এ বর্ণিত ক্ষমতা ও কার্যাবলী ছাড়াও ওয়ার্ড সভা, ক্ষেত্র বিশেষে, বিশেষ সভা আহবানের জন্য পরিষদকে অনুরোধ করিতে পারিবে না।","dhara 6 o upo-dhara (1) e bornito kshomota o karjaboli chharao oyardo sobha, kshetro bisheshe, bishesho sobha ahobanero jonno porishodoke onurodho korite paribe naa.",numeric,bnp_021705,,
pilot_000369,no_context,mathematics,low,,,চয়ন যদি ঘন্টায় ৪ মাইল বেগে ৫ মাইল বেড়ায় তবে চয়ন কতক্ষণ ভ্রমণ করছিল?,choyono jodi ghontayo 4 mile bege 5 mile berayo tbe choyono kotokshono bhromono korochhilo?,20,20,26,26,fabricated,bnp_021791,,
pilot_000370,no_context,mathematics,low,,,জগনের কাছে ৭ টি বোতল ছিল। তিনি রেবেকার  থেকে আরও ২ টি পান। জগনের কয়টি বোতল আছে?,jogonero kase 7 ta botolo chilo. tini rebekaro  theke aro 2 ta pano. jogonero koyti botolo asche?,9,9,8,8,fabricated,bnp_021803,,
pilot_000371,no_context,history,low,,,‘উৎ’ ও ‘যম’ শব্দ দুটির সন্ধিতে কোন শব্দ গঠিত হয়?,‘uto’ o ‘jomo’ shobdo dutiro sondhite kon shobdo gothito hoy?,উদ্যম,udjomo,উৎযম,utojomo,fabricated,bnp_021826,,
pilot_000372,has_context,law,low,"রাজ্যসভায় ঐতিহাসিক ২৫০তম অধিবেশনের প্রথম দিন, আজ ‘ভারতীয় রাষ্ট্র ব্যবস্থায় রাজ্যসভার ভূমিকা ও তার ভবিষ্যৎ’ শীর্ষক একটি আলোচনার আয়োজন করা হয়।","rajjosobhayo oitihasiko 250tomo odhibeshonero prothom din, ajo ‘bharotiyo rashtro bjobosthayo rajjosobharo bhumika o tar bhobishjoto’ shirshoko ekta alochonaro ayojono kora hoy.",প্রদত্ত প্রসঙ্গ অনুযায়ী ভারতীয় রাষ্ট্রব্যবস্থায় রাজ্যসভার ভূমিকা সম্পর্কে কী তথ্য দেওয়া হয়েছে?,prodotto prosngo anujayi bharotiyo rashtrobjobosthayo rajjosobharo bhumika somporke kii tothjo deoya hoyeche?,"রাজ্যসভায় ঐতিহাসিক ২৫০তম অধিবেশনের প্রথম দিন, আজ ‘ভারতীয় রাষ্ট্র ব্যবস্থায় রাজ্যসভার ভূমিকা ও তার ভবিষ্যৎ’ শীর্ষক একটি আলোচনার আয়োজন করা হয়।","rajjosobhayo oitihasiko 250tomo odhibeshonero prthom din, ajo ‘bharotiyo rashtro bjobosthayo rajjosobharo bhumika o tar bhobishjoto’ shirshoko ekti alochonaro ayojono kora hoy.","লোকসভায় ঐতিহাসিক ২৫০তম অধিবেশনের প্রথম দিন, আজ ‘ভারতীয় রাষ্ট্র ব্যবস্থায় রাজ্যসভার ভূমিকা ও তার ভবিষ্যৎ’ শীর্ষক একটি আলোচনার আয়োজন করা হয়।","lokosobhayo oitihasiko 250tomo odhibeshonero prothom din, ajo ‘bharotiyo rashtro bjobosthayo rajjosobharo bhumika o tar bhobishjoto’ shirshoko ekta alochonaro ayojono kora hoy.",numeric,bnp_021852,,
pilot_000373,has_context,history,low,সৌরভ গঙ্গোপাধ্যায় বা সৌরভ গাঙ্গুলী (জন্ম ৮ জুলাই ১৯৭২) একজন প্রাক্তন ভারতীয় ক্রিকেটার এবং ভারতীয় জাতীয় ক্রিকেট দলের প্রাক্তন অধিনায়ক।,sourobho gonggopadhjayo ba sourobho gangguli (jonmo 8 julai 1972) ekojono praktono bharotiyo kriketaro ebng bharotiyo jatio kriketo dolero praktono odhinayoko.,সৌরভ গঙ্গোপাধ্যায়ের জন্ম তারিখ কত?,sourobho gonggopadhjayero jonmo tarikh koto?,৮ জুলাই ১৯৭২।,8 julai 1972.,৮ জুলাই ১৯৭০।,8 julai 1970.,numeric,bnp_022007,,
pilot_000374,no_context,grammar,low,,,‘স্বেচ্ছা’ শব্দের সন্ধি বিচ্ছেদ কী?,‘sbechchha’ shobder sondhi bichchhedo ki?,স্ব + ইচ্ছা,sbo + ichchha,স্ব + ইচ্চা,sbo + ichcha,fabricated,bnp_022107,,
pilot_000375,has_context,law,low,১৭২৬ সালের সনদে ভারতীয় আদালতের সিদ্ধান্তের বিরুদ্ধে প্রিভি কাউন্সিলে আপিলের ব্যবস্থা করা হয়।,1726 saler sonode bharotiyo adalotero siddhantero biruddhe pribhi kaunsile apilero bjobostha kora hoi.,প্রদত্ত প্রসঙ্গ অনুযায়ী বাংলাদেশের বিচারব্যবস্থার ঐতিহাসিক বিকাশ সম্পর্কে কী বলা হয়েছে?,prodotto prosongo anujayi bangladesher bicharobjobostharo oitihasiko bikasho somporke ki bola hoise?,১৭২৬ সালের সনদে ভারতীয় আদালতের সিদ্ধান্তের বিরুদ্ধে প্রিভি কাউন্সিলে আপিলের ব্যবস্থা করা হয়।,1726 shaler sonode bharotiyo adalotero siddhantero biruddhe pribhi kaunsile apilero bjobostha kora hoi.,১৭২৭ সালের সনদে ভারতীয় আদালতের সিদ্ধান্তের বিরুদ্ধে প্রিভি কাউন্সিলে আপিলের ব্যবস্থা করা হয়।,1727 saler sonode bharotiyo adalotero siddhantero biruddhe pribhi kaunsile apilero bjobostha kora hoi.,numeric,bnp_022111,,
pilot_000376,has_context,history,low,"ক্যাডেট কলেজ, হাসান আবদাল (সিসিএইচ) একটি আবাসিক মাধ্যমিক বিদ্যালয়, যা পাকিস্তানের পাঞ্জাবের এটক জেলার হাসান আবদালে অবস্থিত। কলেজটিতে ১৩-১৯ বছর বয়সী ৫০০-এরও বেশি শিক্ষার্থী রয়েছে। প্রতিটি ক্লাসে আনুমানিক ১১০ জন শিক্ষার্থী রয়েছে। একাডেমিক কর্মসূচির মূল লক্ষ্য শিক্ষার্থীদের পাকিস্তানি সেনাবাহিনীতে ভবিষ্যতের কর্মকর্তা হওয়ার প্রশিক্ষণ দেওয়া।","kjadeto kolejo, hasano abodalo (sisieicho) ekti abasiko madhjomiko bidjaloyo, ja pakistanero panjabero etoko jelaro hasano abodale obosthito. kolejotite 13-19 bosor boyosi 500-eroo beshi shiksharthi royeche. protiti klase anumaniko 110 jon shiksharthi royeche. ekademiko kormosuchiro mulo lokshjo shiksharthidero pakistani senabahinite bhobishjotero kormokorta hooyaro proshikshono deoya.",ক্যাডেট কলেজ হাসান আবদাল কী ধরনের বিদ্যালয়?,kjadeto kolejo hasano abodalo ki dhoronero bidjaloyo?,একটি আবাসিক মাধ্যমিক বিদ্যালয়,ekti abasiko madhjomiko bidjaloyo,একটি আবাসিক মাধ্যমিক বিদ্জালয়,ekti abasiko madhjomiko bidjaloyo,relational,bnp_022186,,
pilot_000377,no_context,science,low,,,সত্যেন্দ্রনাথ বসু কোন সালে গণিতে স্নাতক ডিগ্রি লাভ করেন?,sotjendronatho bosu kon sale gonite snatoko digri labho korn?,১৯১৩ সালে,1913 sale,১৮৫২ সালের ৬ জানুয়ারি,1852 saler 6 januyari,fabricated,bnp_022195,,
pilot_000378,has_context,law,low,"তিনি বলেন, ১৯৫২-র ১৩ মে থেকে ২৪৯তম অধিবেশন পর্যন্ত ৩, ৮১৭টি বিল পাস করা হয়েছে।","tini boleno, 1952-ro 13 me theke 249tomo odhibeshono porjonto 3, 817ti bilo paso kora hoise.",প্রদত্ত প্রসঙ্গ অনুযায়ী ভারতীয় রাষ্ট্রব্যবস্থায় রাজ্যসভার ভূমিকা সম্পর্কে কী তথ্য দেওয়া হয়েছে?,prodotto prosongo anujayi bharotiyo rashtrobjobosthayo rajjosobharo bhumika somporke ki tothjo deoya hoise?,"তিনি বলেন, ১৯৫২-র ১৩ মে থেকে ২৪৯তম অধিবেশন পর্যন্ত ৩, ৮১৭টি বিল পাস করা হয়েছে।","tini boleno, 1952-ro 13 me theke 249tomo odhibeshono porjonto 3, 817ti bilo paso kora hoyeche.","তিনি বলেন, ১৯৫৩-র ১৩ মে থেকে ২৪৯তম অধিবেশন পর্যন্ত ৩, ৮১৭টি বিল পাস করা হয়েছে।","tini boleno, 1953-ro 13 me theke 249tomo odhibeshono porjonto 3, 817ta bilo paso kora hoyeche.",numeric,bnp_022225,,
pilot_000379,no_context,grammar,low,,,'তন্বী' শব্দের সঠিক সন্ধি-বিচ্ছেদ কী?,'tonbi' shobder sothik sondhi-bichchhedo ki?,তনু + ঈ,tonu + i,তনী + ব,toni + bo,fabricated,bnp_022445,,
pilot_000380,has_context,history,low,"শুরুতে তিনি জাতীয় যৌনতার প্রতীক হিসেবে চিত্রিত হয়েছিলেন।[16] পরবর্তীকালে এ জাতীয় অভিনয় থেকে দূরে সরে এসে বহুমূখী অভিনয়ের দিকে ধাবিত হন। কাশ, দৃষ্টি, লেকিন, রুদালী'র ন্যায় চলচ্চিত্রে অভিনয় করে সুনাম কুড়ান। তন্মধ্যে, ১৯৯৩ সালে মুক্তিপ্রাপ্ত রুদালী'র জন্য সেরা অভিনেত্রী বিভাগে জাতীয় চলচ্চিত্র পুরস্কার ও সেরা অভিনেত্রী হিসেবে চলচ্চিত্র সমালোচক পুরস্কার পান তিনি।[17] এরপর তিনি গারদিশ, প্রহার: দ্য ফাইনাল এটাক ও ক্রান্তিবীর চলচ্চিত্রে পার্শ্ব ভূমিকায় অবতীর্ণ হন। তন্মধ্যে ১৯৯৪ সালে মুক্তিপ্রাপ্ত ক্রান্তিবীরের জন্য চতুর্থবার ফিল্মফেয়ার পুরস্কার লাভ করেন। তবে, ১৯৯০-এর দশক থেকে ২০০০-এর দশক পর্যন্ত অনিয়মিতভাবে অংশ নিয়েছেন তিনি।","shurute tini jatiyo jounotaro protiko hisebe chitrito hoyechhileno.[16] porobortikale e jatiyo obhinoyo theke dure sore ese bohumukhi obhinoyero dike dhabito hono. kasho, drishti, lekino, rudali'ro njayo cholochchitre obhinoyo kore sunamo kurano. tonmodhje, 1993 sale muktiprapto rudali'ro jonno sera obhinetri bibhage jatiyo cholochchitro puroskaro o sera obhinetri hisebe cholochchitro somalochoko puroskaro pano tini.[17] eroporo tini garodisho, proharo: djo fainalo etako o krantibiro cholochchitre parshbo bhumikayo obotirno hono. tonmodhje 1994 shale muktiprapto krantibirero jnno choturthobaro filmofeyaro puroskaro labho korn. tobe, 1990-er doshoko theke 2000-er doshoko porjonto oniyomitobhabe ongsho niyechheno tini.",ভারতীয় চলচ্চিত্র অভিনেত্রী ডিম্পল চুন্নিভাই কপাড়িয়া কত সালে সর্বপ্রথম জাতীয় চলচ্চিত্র পুরস্কার পেয়েছিলেন ?,bharotiyo cholochchitro obhinetri dimpolo chunnibhai kopariya koto shale sorboprothomo jatio cholochchitro puroskaro peyechhileno ?,তিনি সর্বপ্রথম ১৯৯৩ সালে মুক্তিপ্রাপ্ত 'রুদালী' চলচ্চিত্রের জন্য শ্রেষ্ঠ অভিনেত্রী বিভাগে জাতীয় চলচ্চিত্র পুরস্কার পান।,tini sorboprothomo 1993 shale muktiprapto 'rudali' cholochchitrero jnno shreshtho obhinetri bibhage jatio cholochchitro puroskaro pano.,তিনি সর্বপ্রথম **১৯৯৪ সালে ‘ক্রান্তিবীর’** চলচ্চিত্রের জন্য জাতীয় চলচ্চিত্র পুরস্কার পান।,tini sorboprothomo **1994 sale ‘krantibiro’** cholochchitrero jnno jatio cholochchitro puroskaro pano.,numeric,bnp_022455,,
pilot_000381,no_context,history,low,,,‘অত্যন্ত’ এর   সন্ধিবিচ্ছেদ কোনটি?,‘otjonto’ er   sondhibichchhedo konta?,অতি + অন্ত,oti + onto,অতি + ন্ত,oti + nto,fabricated,bnp_022626,,
pilot_000382,has_context,law,low,"(খ) দ্রুত বিচার ট্রাইব্যুনাল- দ্রুত বিচার ট্রাইব্যুনাল আইন, ২০০২ এর অধীনে সুনির্দিষ্ট কিছু অপরাধের বিচার অত্র আদালত কর্তৃক সম্পাদিত হয়।","(kho) druto bicharo traibjunalo- druto bicharo traibjunalo ain, 2002 er odhine sunirdishto kichhu oporadhero bicharo otro adaloto kortriko sompadito hoi.",প্রদত্ত প্রসঙ্গ অনুযায়ী বাংলাদেশের আদালতের এখতিয়ার সম্পর্কে কী তথ্য দেওয়া হয়েছে?,prodotto prosngo anujayi bangladesher adalotero ekhotiyaro somporke kii tothjo deoya hoyeche?,"(খ) দ্রুত বিচার ট্রাইব্যুনাল- দ্রুত বিচার ট্রাইব্যুনাল আইন, ২০০২ এর অধীনে সুনির্দিষ্ট কিছু অপরাধের বিচার অত্র আদালত কর্তৃক সম্পাদিত হয়।","(kho) druto bicharo traibjunalo- druto bicharo traibjunalo ain, 2002 er odhine sunirdishto kichhu oporadhero bicharo otro adaloto kortriko sompadito hoi.","(খ) দ্রুত বিচার ট্রাইব্যুনাল- দ্রুত বিচার ট্রাইব্যুনাল আইন, ২০০৩ এর অধীনে সুনির্দিষ্ট কিছু অপরাধের বিচার অত্র আদালত কর্তৃক সম্পাদিত হয়।","(kho) druto bicharo traibjunalo- druto bicharo traibjunalo ain, 2003 er odhine sunirdishto kichhu oporadhero bicharo otro adaloto kortriko sompadito hoi.",numeric,bnp_022642,,
pilot_000383,has_context,history,low,বাংলার শেষ স্বাধীন নবাব সিরাজউদ্দৌলার সাথে ব্রিটিশ ইস্ট ইন্ডিয়া কোম্পানির পলাশী নামক স্থানে যে যুদ্ধ সংঘটিত হয়েছিল তাই পলাশীর যুদ্ধ নামে পরিচিত। ১৭৫৭ সালের জুন ২৩ তারিখে এই যুদ্ধ সংঘটিত হয়েছিল। এই যুদ্ধে সিরাজউদ্দৌলা পরাজিত হন এবং ভারতবর্ষে ইংরেজ শাসন প্রতিষ্ঠার পথ সূচিত হয়।,banglaro shesho sbadhino nobabo sirajouddoularo sathe britisho isto indiya kompaniro polashi namoko sthane je juddho songghotito hoyechhilo tai polashiro juddho name porichito. 1757 saler juno 23 tarikhe ei juddho songghotito hoyechhilo. ei juddhe sirajouddoula porajito hono ebong bharotoborshe ingrejo shasono protishtharo potho suchito hoy.,১৭৫৭ সালে পলাশীর যুদ্ধ কাদের মধ্যে হয়েছিল ?,1757 shale polashiro juddho kadero modhye hoyechhilo ?,সিরাজউদ্দৌলার সাথে ব্রিটিশ ইস্ট ইন্ডিয়া কোম্পানির,sirajouddoularo sathe britisho isto indiya kompaniro,সিরাজউদ্দৌলার সাথে মারাঠাদের,sirajouddoularo sathe marathadero,relational,bnp_022904,,
pilot_000384,no_context,bcs,low,,,দিনাজপুর জেলায় বড়পুকুরিয়ায় কিসের খনি প্রকল্প কাজ চলছে?,dinajopuro jelayo boropukuriyayo kisero khoni prokolpo kajo cholochhe?,কয়লা,koyola,চুনাপাথর,chunapathoro,fabricated,bnp_022995,,
pilot_000385,no_context,mathematics,low,,,"ভিনগ্রহী এবং মঙ্গলবাসীদের বিভিন্ন সংখ্যক অঙ্গ রয়েছে। ভিনগ্রহীদের তিনটি বাহু এবং আটটি পা রয়েছে, অন্যদিকে মঙ্গলবাসীদের অর্ধেক পা এবং দ্বিগুণ বাহু রয়েছে। পাঁচটি ভিনগ্রহীদের পাঁচটি মঙ্গলবাসীদের চেয়ে আরও কত বেশি অঙ্গ থাকবে?","bhinogrohi ebng monggolobasidero bibhinno songkhjoko onggo royeche. bhinogrohidero tinoti bahu ebng atoti pa roeche, onjodike monggolobasidero ordheko pa ebng dbiguno bahu royeche. pachoti bhinogrohidero pachoti monggolobasidero cheye aro koto beshi onggo thakobe?",৫,5,১৪,14,fabricated,bnp_023029,,
pilot_000386,no_context,science,low,,,প্রোগ্রামেবল লজিক রিলে (PLR)-কে আর কী নামে ডাকা হয়?,programebolo lojiko rile (plr)-ke aro ki name daka hoi?,স্মার্ট রিলে,smarto rile,মাইক্রো-পিএলসি,maikro-pielosi,fabricated,bnp_023032,,
pilot_000387,has_context,law,low,এ আন্দোলনের মুখে ১৮৬০ সালের ৩১ মার্চ সরকার নীল উৎপাদন ব্যবস্থা ও এর অর্থনীতি তদন্ত করবার জন্য ‘নীল কমিশন’ গঠন করে।,e andolonero mukhe 1860 saler 31 marcho shorkar nilo utopadono bjobostha o er orthoniti todonto korobaro jnno ‘nilo komishono’ gothono kore.,প্রদত্ত প্রসঙ্গ অনুযায়ী নীল কমিশন সম্পর্কে কী তথ্য দেওয়া হয়েছে?,prodotto prosngo onujayi nilo komishono somporke kii tothjo deoya hoyeche?,এ আন্দোলনের মুখে ১৮৬০ সালের ৩১ মার্চ সরকার নীল উৎপাদন ব্যবস্থা ও এর অর্থনীতি তদন্ত করবার জন্য ‘নীল কমিশন’ গঠন করে।,e andolonero mukhe 1860 saler 31 marcho sorkar nilo utopadono bjobostha o er orthoniti todonto korobaro jnno ‘nilo komishono’ gothono kore.,এ আন্দোলনের মুখে ১৮৬১ সালের ৩১ মার্চ সরকার নীল উৎপাদন ব্যবস্থা ও এর অর্থনীতি তদন্ত করবার জন্য ‘নীল কমিশন’ গঠন করে।,e andolonero mukhe 1861 shaler 31 marcho shorkar nilo utopadono bjobostha o er orthoniti todonto korobaro jonno ‘nilo komishono’ gothono kore.,numeric,bnp_023044,,
pilot_000388,no_context,grammar,low,,,হাত + ছানি = হাতছানি শব্দটি কোন সন্ধির উদাহরণ?,hato + chhani = hatochhani shobdoti kon sondhiro udahorono?,বাংলা ব্যঞ্জনসন্ধি,bangla bjonjonosondhi,বিশেষ নিয়মে সাধিত সন্ধি,bishesho niyome sadhito sondhi,fabricated,bnp_023093,,
pilot_000389,no_context,bcs,low,,,নিপাের্ট (NIPORT) কী ধরনের গবেষণা প্রতিষ্ঠান?,niparto (niport) ki dhoronero gobeshona protishthano?,জনসংখ্যা গবেষণা,jonosongkhja gobeshona,নদী গবেষণা,nodi gobeshona,fabricated,bnp_023121,,
pilot_000390,has_context,law,low,মূলত ১৮৯৮ সালে উক্ত মুন্সেফি আদালত বর্তমান জেলা জজ আদালতের জায়গায় গোয়ালন্দ মুন্সেফি আদালত নামে স্থাপিত হয় এবং বর্তমান জেলা জজ মহোদয়ের বাংলোর পিছনে মুন্সেফ জজের চেম্বার হিসেবে ছিল।,muloto 1898 shale ukto munsefi adaloto bortomano jela jojo adalotero jayogayo goyalondo munsefi adaloto name sthapito hoi ebng bortomano jela jojo mohodoyero bangloro pichhone munsefo jojero chembaro hisebe chilo.,প্রদত্ত প্রসঙ্গ অনুযায়ী রাজবাড়ী জেলা বিচার বিভাগের ইতিহাস সম্পর্কে কী তথ্য দেওয়া হয়েছে?,prodotto prosngo anujayi rajobari jela bicharo bibhagero itihash somporke kii tothjo deoya hoyeche?,মূলত ১৮৯৮ সালে উক্ত মুন্সেফি আদালত বর্তমান জেলা জজ আদালতের জায়গায় গোয়ালন্দ মুন্সেফি আদালত নামে স্থাপিত হয় এবং বর্তমান জেলা জজ মহোদয়ের বাংলোর পিছনে মুন্সেফ জজের চেম্বার হিসেবে ছিল।,muloto 1898 sale ukto munsefi adaloto bortomano jela jojo adalotero jayogayo goyalondo munsefi adaloto name sthapito hoy ebong bortomano jela jojo mohodoyero bangloro pichhone munsefo jojero chembaro hisebe chilo.,মূলত ১৮৯৯ সালে উক্ত মুন্সেফি আদালত বর্তমান জেলা জজ আদালতের জায়গায় গোয়ালন্দ মুন্সেফি আদালত নামে স্থাপিত হয় এবং বর্তমান জেলা জজ মহোদয়ের বাংলোর পিছনে মুন্সেফ জজের চেম্বার হিসেবে ছিল।,muloto 1899 sale ukto munsefi adaloto bortomano jela jojo adalotero jayogayo goyalondo munsefi adaloto name sthapito hoy ebong bortomano jela jojo mohodoyero bangloro pichhone munsefo jojero chembaro hisebe silo.,numeric,bnp_023213,,
pilot_000391,has_context,history,low,প্রতিষ্ঠার ৯৯তম বছর শেষ করে ২০২০ সালের ১লা জুলাই শতবর্ষে পা দিয়েছে ঢাকা বিশ্ববিদ্যালয়। করোনার কারণে শতবর্ষের মূল অনুষ্ঠান পিছিয়ে ১ ডিসেম্বর ২০২১ থেকে আয়োজন করা হয় এবং ১৬ ডিসেম্বর ২০২১ পর্যন্ত শতবর্ষপূর্তি ও স্বাধীনতার সুবর্ণজয়ন্তী উৎসব করা হয়।,protishtharo 99tomo bochor shesho kore 2020 saler 1la julai shotoborshe pa diyechhe dhaka bishbobidjaloyo. koronaro karone shotoborshero mulo onushthano pichhiye 1 disemboro 2021 theke ayojono kora hoy ebng 16 disemboro 2021 porjonto shotoborshopurti o sbadhinotaro subornojoyonti utosobo kora hoy.,ঢাকা বিশ্ববিদ্যালয় কবে শতবর্ষে পা দেয়?,dhaka bishbobidjaloyo kobe shotoborshe pa deyo?,২০২০ সালের ১লা জুলাই,2020 shaler 1la julai,২০২২ সালের ১লা জুলাই,2022 saler 1la julai,numeric,bnp_023351,,
pilot_000392,no_context,mathematics,low,,,জোশের ১৫০ টি পেন্সিল ছিল। তিনি ডোনাকে ৩০ টি পেন্সিল দিয়েছিলেন। জোশের এখন কয়টি পেন্সিল রয়ে গেছে?,joshero 150 ti pensilo silo. tini donake 30 ta pensilo diyechhileno. joshero ekhon koyti pensilo roye gechhe?,120,120,240,240,fabricated,bnp_023376,,
pilot_000393,has_context,law,low,বিভিন্ন গুরুত্বপূর্ণ বিষয় নিয়ে আলোচনার জন্য প্রাপ্ত সময় বিবেচনা করে বর্তমানে প্রতি বছর যে ৬০-৭০ দিন অধিবেশন চলে তার পর্যাপ্ততা যথাযথ কিনা।,bibhinno gurutbopurno bishoyo niye alochonaro jonno prapto somoyo bibechona kore bortomane proti bosor je 60-70 din odhibeshono chole tar porjaptota jothajotho kina.,প্রদত্ত প্রসঙ্গ অনুযায়ী ভারতীয় রাষ্ট্রব্যবস্থায় রাজ্যসভার ভূমিকা সম্পর্কে কী তথ্য দেওয়া হয়েছে?,prodotto prosngo anujayi bharotiyo rashtrobjobosthayo rajjosobharo bhumika somporke kii tothjo deoya hoise?,বিভিন্ন গুরুত্বপূর্ণ বিষয় নিয়ে আলোচনার জন্য প্রাপ্ত সময় বিবেচনা করে বর্তমানে প্রতি বছর যে ৬০-৭০ দিন অধিবেশন চলে তার পর্যাপ্ততা যথাযথ কিনা।,bibhinno gurutbopurno bishoyo niye alochonaro jonno prapto somoyo bibechona kore bortomane proti bochor je 60-70 din odhibeshono chole tar porjaptota jothajotho kina.,বিভিন্ন গুরুত্বপূর্ণ বিষয় নিয়ে আলোচনার জন্য প্রাপ্ত সময় বিবেচনা করে বর্তমানে প্রতি বছর যে ৬১-৭০ দিন অধিবেশন চলে তার পর্যাপ্ততা যথাযথ কিনা।,bibhinno gurutbopurno bishoyo niye alochonaro jonno prapto somoyo bibechona kore bortomane proti bochor je 61-70 dine odhibeshono chole tar porjaptota jothajotho kina.,numeric,bnp_023384,,
pilot_000394,has_context,law,low,প্রত্যেক ইউনিয়ন পরিষদ সুশাসন নিশ্চিত করিবার লক্ষ্যে নির্দিষ্ট সময়সীমার মধ্যে উন্নততর তথ্য প্রযুক্তি ব্যবহার করিবে।,protjeko iuniyono porishodo sushasono nishchito koribaro lokshje nirdishto somoyosimaro modhye unnototoro tothjo projukti bjoboharo koribe.,"প্রদত্ত প্রসঙ্গ অনুযায়ী স্থানীয় সরকার (ইউনিয়ন পরিষদ) আইন, ২০০৯-এর ধারা ৫০ সম্পর্কে কী বলা হয়েছে?","prodotto prosongo anujayi sthaniyo sorkar (iuniyono porishodo) ain, 2009-er dhara 50 somporke ki bola hoyeche?",প্রত্যেক ইউনিয়ন পরিষদ সুশাসন নিশ্চিত করিবার লক্ষ্যে নির্দিষ্ট সময়সীমার মধ্যে উন্নততর তথ্য প্রযুক্তি ব্যবহার করিবে।,protjeko iuniyono porishodo sushasono nishchito koribaro lokshje nirdishto somoyosimaro moddhe unnototoro tothjo projukti bjoboharo koribe.,প্রত্যেক উপজেলা পরিষদ সুশাসন নিশ্চিত করিবার লক্ষ্যে নির্দিষ্ট সময়সীমার মধ্যে উন্নততর তথ্য প্রযুক্তি ব্যবহার করিবে।,protjeko upojela porishodo sushasono nishchito koribaro lokshje nirdishto somoyosimaro moddhe unnototoro tothjo projukti bjoboharo koribe.,relational,bnp_023490,,
pilot_000395,no_context,bcs,low,,,বাংলাদেশের জাতীয় পতাকার ডিজাইনার কে?,bangladesher jatiyo potakaro dijainaro ke?,কামরুল হাসান,kamorulo hasano,হাশেম খান,hashemo khano,fabricated,bnp_023502,,
pilot_000396,no_context,idiom_meaning,low,,,"""একমাঘে শীত যায় না"" এর ভাবার্থ কী?","""ekomaghe shito jayo naa"" er bhabartho ki?",বিপদ একবারই আসে না,bipodo ekobaroi ase na,একুল ওকুল দুকুল যাওয়া; সমস্ত কিছুই পণ্ড হওয়া,ekulo okulo dukulo jaoya; somosto kichhui pondo hooya,fabricated,bnp_023675,,
pilot_000397,has_context,history,low,ইংল্যান্ডের মহিলা ক্রিকেট দল ১৯৩৪ ও ১৯৩৫ সালে অস্ট্রেলিয়া ও নিউজিল্যান্ড সফর করেছিল। এই সফরেই প্রথম মহিলাদের টেস্ট ম্যাচ খেলা হয়েছিল: অস্ট্রেলিয়ার বিপক্ষে তিনটি এবং এরপর নিউজিল্যান্ডের বিপক্ষে একটি। ইংল্যান্ড অস্ট্রেলিয়ার বিপক্ষে প্রথম দুটি টেস্টে দারুণভাবে জয়লাভ করে এবং ড্র হওয়া তৃতীয় টেস্টে ভালো খেলে অ্যাশেজ জিতে নেয়। নিউজিল্যান্ডের বিপক্ষে ম্যাচটি ইংল্যান্ডের পক্ষে আরও বেশি একতরফা ছিল।,ingljandero mohila kriketo dolo 1934 o 1935 sale ostreliya o niujiljando soforo korechhilo. ei soforei prothom mohiladero testo mjacho khela hoyechhilo: ostreliyaro bipokshe tinoti ebong eroporo niujiljandero bipokshe ekti. ingljando ostreliyaro bipokshe prothom duti teste darunobhabe joyolabho kore ebng dro hooya tritiyo teste bhalo khele ojashejo jite neyo. niujiljandero bipokshe mjachoti ingljandero pokshe aro beshi ekotorofa chilo.,এই সফরের মাধ্যমে ক্রিকেট ইতিহাসে কী প্রথমবার সংঘটিত হয়?,ei soforero madhjome kriketo itihase kii prothomobaro songghotito hoy?,প্রথম মহিলাদের টেস্ট ম্যাচ,prothom mohiladero testo mjacho,প্রথম মহিলাদের টেস্ট ম্যাছ,prthom mohiladero testo mjachho,relational,bnp_023702,,
pilot_000398,has_context,law,low,সরকার ইউনিয়ন পরিষদের জন্য প্রাক প্রকাশনার মাধ্যমে আদর্শ কর তফসিল প্রণয়ন করিতে পারিবে এবং অনুরূপ তফসিল চূড়ান্তভাবে প্রকাশিত হইলে উক্ত আদর্শ কর তফসিলে উল্লিখিত করের পরিমাণ সকল পরিষদের জন্য নমুনা হিসাবে গণ্য হইবে।,shorkar iuniyono porishodero jnno prako prokashonaro madhjome adorsho koro tofosilo pronoyono korite paribe ebong onurupo tofosilo churantobhabe prokashito hoile ukto adorsho koro tofosile ullikhito korero porimano sokolo porishodero jonno nomuna hisabe gonjo hoibe.,"প্রদত্ত প্রসঙ্গ অনুযায়ী স্থানীয় সরকার (ইউনিয়ন পরিষদ) আইন, ২০০৯-এর ধারা ৬৬ সম্পর্কে কী বলা হয়েছে?","prodotto prosongo anujayi sthaniyo shorkar (iuniyono porishodo) ain, 2009-er dhara 66 somporke kii bola hoise?",সরকার ইউনিয়ন পরিষদের জন্য প্রাক প্রকাশনার মাধ্যমে আদর্শ কর তফসিল প্রণয়ন করিতে পারিবে এবং অনুরূপ তফসিল চূড়ান্তভাবে প্রকাশিত হইলে উক্ত আদর্শ কর তফসিলে উল্লিখিত করের পরিমাণ সকল পরিষদের জন্য নমুনা হিসাবে গণ্য হইবে।,sorkar iuniyono porishodero jonno prako prokashonaro madhjome adorsho koro tofosilo pronoyono korite paribe ebong onurupo tofosilo churantobhabe prokashito hoile ukto adorsho koro tofosile ullikhito korero porimano sokolo porishodero jonno nomuna hisabe gonjo hoibe.,সরকার উপজেলা পরিষদের জন্য প্রাক প্রকাশনার মাধ্যমে আদর্শ কর তফসিল প্রণয়ন করিতে পারিবে এবং অনুরূপ তফসিল চূড়ান্তভাবে প্রকাশিত হইলে উক্ত আদর্শ কর তফসিলে উল্লিখিত করের পরিমাণ সকল পরিষদের জন্য নমুনা হিসাবে গণ্য হইবে।,sorkar upojela porishodero jonno prako prokashonaro madhjome adorsho koro tofosilo pronoyono korite paribe ebong onurupo tofosilo churantobhabe prokashito hoile ukto adorsho koro tofosile ullikhito korero porimano sokolo porishodero jonno nomuna hisabe gonjo hoibe.,relational,bnp_023788,,
pilot_000399,has_context,others,low,আনোয়ার ইব্রাহিম ১৯৯৩ থেকে ১৯৯৮ সাল পর্যন্ত মালয়েশিয়ার উপপ্রধানমন্ত্রী ছিলেন। তিনি ১৯৯১ থেকে ১৯৯৮ সাল পর্যন্ত অর্থমন্ত্রীও ছিলেন।,anoyaro ibrahimo 1993 theke 1998 sal porjonto maloyeshiyaro upoprodhanomontri chhileno. tini 1991 theke 1998 shal porjonto orthomontrio chhileno.,মালয়েশিয়ান রাজনীতিবিদ ও বিরোধীদলীয় নেতা আনোয়ার ইব্রাহীম কত সাল থেকে কত সাল পর্যন্ত মালয়েশিয়ার উপ-প্রধানমন্ত্রী ছিলেন ?,maloyeshiyano rajonitibido o birodhidoliyo neta anoyaro ibrahimo koto sal theke koto shal porjonto maloyeshiyaro upo-prodhanmntri chhileno ?,১৯৯৩ থেকে ১৯৯৮ সাল পর্যন্ত।,1993 theke 1998 shal porjonto.,১৯৯২ থেকে ১৯৯৭ সাল পর্যন্ত।,1992 theke 1997 sal porjonto.,numeric,bnp_023872,,
pilot_000400,no_context,literature,low,,,হ্যারি পটার সিরিজের সর্বশেষ বইয়ের নাম কী?,hjari potaro sirijero sorboshesho boiyero naam ki?,হ্যারি পটার অ্যান্ড দ্য ডেথলি হ্যালোস,hjari potaro ojando djo detholi hjaloso,হ্যারি পটার অ্যান্ড দ্য ফিলোসফার্স স্টোন,hjari potaro ojando djo filosofarso stono,fabricated,bnp_023928,,
pilot_000401,no_context,idiom_meaning,low,,,"""মোমের পুতুল"" এর ভাবার্থ কী?","""momero putulo"" er bhabartho kii?",সামান্য পরিশ্রমে কাতর হয়ে পড়ে এমন ব্যক্তি,samanjo porishrome katoro hoye pore emono bjokti,"ছদ্মবেশী, নিজের আসল পরিচয় গোপন করে এমন","chhodmobeshi, nijero asolo porichoyo gopono kore emono",fabricated,bnp_024025,,
pilot_000402,no_context,idiom_meaning,low,,,"""পগারপার হওয়া"" এর ভাবার্থ কী?","""pogaroparo hooya"" er bhabartho kii?",পলায়ন করা,polayono kora,প্রিয়জন বা কাঙ্ক্ষিত বস্তু হারানোর ফলে অস্থিরচিত্ত ব্যক্তি,priyojono ba kangkshito bostu haranoro fole osthirochitto bjokti,fabricated,bnp_024143,,
pilot_000403,has_context,law,low,কর আদায়কারী এজেন্ট হিসেবে জমিদারগণ এবং উত্তরাধিকারসূত্রে জমির দখলদার হিসেবে রায়তদের মধ্যকার সম্বন্ধ একটি নতুন সম্পর্ক দ্বারা প্রতিস্থাপিত হয়েছিল।,koro adayokari ejento hisebe jomidarogono ebng uttoradhikarosutre jomiro dokholodaro hisebe rayotodero modhjokaro sombondho ekta notuno somporko dbara protisthapito hoyechhilo.,"প্রদত্ত প্রসঙ্গ অনুযায়ী রাজস্ব বিক্রয় আইন, ১৭৯৩ সম্পর্কে কী তথ্য দেওয়া হয়েছে?","prodotto prosongo anujayi rajosbo bikroyo ain, 1793 somporke kii tothjo deoya hoyeche?",কর আদায়কারী এজেন্ট হিসেবে জমিদারগণ এবং উত্তরাধিকারসূত্রে জমির দখলদার হিসেবে রায়তদের মধ্যকার সম্বন্ধ একটি নতুন সম্পর্ক দ্বারা প্রতিস্থাপিত হয়েছিল।,koro adayokari ejento hisebe jomidarogono ebong uttoradhikarosutre jomiro dokholodaro hisebe rayotodero modhjokaro sombondho ekti notuno somporko dbara protisthapito hoyechhilo.,কর আদায়কারী এজেন্ট হিসেবে জমিদারগণ এবং উত্তরাধিকারসূত্রে জমির দখলদার হিসেবে নীলকরদের মধ্যকার সম্বন্ধ একটি নতুন সম্পর্ক দ্বারা প্রতিস্থাপিত হয়েছিল।,koro adayokari ejento hisebe jomidarogono ebong uttoradhikarosutre jomiro dokholodaro hisebe nilokorodero modhjokaro sombondho ekti notuno somporko dbara protisthapito hoyechhilo.,relational,bnp_024419,,
pilot_000404,has_context,history,low,প্রায় দুই বিঘা জায়গার ওপর নির্মিত এই ভবনের ব্যবহারযোগ্য আয়তনের পরিমাণ ১ লাখ ৮৫ হাজার বর্গফুট। নতুন ভবনে ছয়টি গ্যালারি রয়েছে। গ্যালারিগুলো ভবনের চতুর্থ ও পঞ্চম তলায়। এর মধ্যে ২১ হাজার বর্গফুট জায়গাজুড়ে রয়েছে চারটি স্থায়ী গ্যালারি।,prayo dui bigha jayogaro oporo nirmito ei bhobonero bjoboharojogjo ayotonero porimano 1 lakho 85 hajaro borgofuto. notuno bhobone chhoyoti gjalari royeche. gjalarigulo bhobonero choturtho o ponchomo tolayo. er modhye 21 hajaro borgofuto jayogajure royeche charoti sthayi gjalari.,মুক্তিযুদ্ধ জাদুঘরের গ্যালারিগুলো ভবনের কোন তলায় অবস্থিত?,muktizuddho jadughorero gjalarigulo bhobonero kon tolayo obosthito?,চতুর্থ ও পঞ্চম তলায়,choturtho o ponchomo tolayo,চতুর্থ ও পঞ্চম থলায়,choturtho o ponchomo tholayo,relational,bnp_024423,,
pilot_000405,has_context,law,low,এই আইনের উদ্দেশ্য সাধন এবং পরিষদের সভার সিদ্ধান্ত বাস্তবায়নকল্পে চেয়ারম্যান পরিষদের নির্বাহী ক্ষমতা প্রয়োগ করিবেন।,ei ainero uddeshjo sadhono ebng porishodero sobharo siddhanto bastobayonokolpe cheyaromjano porishodero nirbahi kshomota proyogo koribeno.,"প্রদত্ত প্রসঙ্গ অনুযায়ী স্থানীয় সরকার (ইউনিয়ন পরিষদ) আইন, ২০০৯-এর ধারা ৪৬ সম্পর্কে কী বলা হয়েছে?","prodotto prosngo anujayi sthaniyo sorkar (iuniyono porishodo) ain, 2009-er dhara 46 somporke kii bola hoise?",এই আইনের উদ্দেশ্য সাধন এবং পরিষদের সভার সিদ্ধান্ত বাস্তবায়নকল্পে চেয়ারম্যান পরিষদের নির্বাহী ক্ষমতা প্রয়োগ করিবেন।,ei ainero uddeshjo sadhono ebng porishodero sobharo siddhanto bastobayonokolpe cheyaromjano porishodero nirbahi kshomota proyogo koribeno.,এই আইনের উদ্দেশ্য সাধন এবং পরিষদের সভার সিদ্ধান্ত বাস্তবায়নকল্পে সদস্য পরিষদের নির্বাহী ক্ষমতা প্রয়োগ করিবেন।,ei ainero uddeshjo sadhono ebong porishodero sobharo siddhanto bastobayonokolpe sodosjo porishodero nirbahi kshomota proyogo koribeno.,relational,bnp_024456,,
pilot_000406,has_context,history,low,যার মাধ্যমে মুক্তিযুদ্ধে পার্বত্য চট্টগ্রামের পাহাড়ি ও বাঙালিদের অংশগ্রহণ তুলে ধরা হয়েছে।,jaro madhjome muktijuddhe parbotjo chottogramero pahari o bangalidero ongshogrohono tule dhora hoyeche.,‘জয় বাংলা’ ভাস্কর্যের নিচের অংশের দুজন পাহাড়ি-বাঙালি অবয়ব কীসের প্রতিনিধিত্ব করে?,‘joyo bangla’ bhaskorjero nichero ongshero dujono pahari-bangali oboyobo kisero protinidhitbo kore?,মুক্তিযুদ্ধে পার্বত্য চট্টগ্রামের পাহাড়ি ও বাঙালিদের অংশগ্রহণ,muktijuddhe parbotjo chottogramero pahari o bangalidero ongshogrohono,ভাষা আন্দোলনে পার্বত্য চট্টগ্রামের অংশগ্রহণ,bhasha andolone parbotjo chottogramero ongshogrohono,relational,bnp_024594,,
pilot_000407,no_context,science,low,,,মিউটেশন বলতে কী বোঝায়?,miuteshono bolote kii bojhayo?,বংশগতির আকস্মিক ও স্থায়ী পরিবর্তন,bongshogotiro akosmiko o sthayi poribortono,"আর্কিওব্যাট্রাচিয়া, মেসোব্যাট্রাচিয়া ও নিওব্যাট্রাচিয়া","arkiobjatrachiya, mesobjatrachiya o niobjatrachiya",fabricated,bnp_024620,,
pilot_000408,no_context,grammar,low,,,‘অতঃ’ ও ‘এব’ শব্দ দুটির সন্ধিতে কোন শব্দ গঠিত হয়?,‘otoh’ o ‘ebo’ shobdo dutiro sondhite kon shobdo gothito hoi?,অতএব,otoebo,অতঃএব,otohebo,fabricated,bnp_024765,,
pilot_000409,has_context,history,low,১৯২৬ সালের ফেব্রুয়ারি মাসে ঢাকা বিশ্ববিদ্যালয়ের আমন্ত্রণে রবীন্দ্রনাথ ঠাকুর ঢাকা আসেন এবং কার্জন হলে ১০ই ফেব্রুয়ারি দি মিনিং অব আর্ট (The Meaning of Art) এবং ১৩ই ফেব্রুয়ারি দি বিগ অ্যান্ড দি কমপ্লেক্স (The Big and the Complex) বিষয়ে বক্তৃতা প্রদান করেন। তৎকালীন উপাচার্য জর্জ হ্যারি ল্যাংলি এ দুটি বক্তৃতার সভাপতিত্ব করেন।,1926 shaler februyari mase dhaka bishbobidjaloyero amontrone robindronatho thakuro dhaka aseno ebng karjono hole 10i februyari di mining obo arto (the meaning of art) ebong 13i februyari di bigo ojando di komoplekso (the big and the complex) bishoye boktrita prodano koren. totokalino upacharjo jorjo hjari ljangli e duti boktritaro sobhapotitbo koren.,রবীন্দ্রনাথের ১৯২৬ সালের ঢাকা সফরের বক্তৃতাগুলোর সভাপতিত্ব কে করেন?,robindronathero 1926 saler dhaka soforero boktritaguloro sobhapotitbo ke koren?,তৎকালীন উপাচার্য জর্জ হ্যারি ল্যাংলি,totokalino upacharjo jorjo hjari ljangli,তৎকালীন উপাচার্য জর্জ হ্যারি ল্যাংলী,totokalino upacharjo jorjo hjari ljangli,relational,bnp_024838,,
pilot_000410,no_context,mathematics,low,,,$x$ এর সর্বনিম্ন যে মানের জন্য $x(x(125 x+300)+240)+64$ এর মান হবে তার 5 গুণ কত হবে?,$x$ er sorbonimno je manero jonno $x(x(125 x+300)+240)+64$ er mano hbe tar 5 guno koto hobe?,0,0,3,3,fabricated,bnp_024888,,
pilot_000411,has_context,history,low,গ্যালারী ১১: প্রতিকৃতি (১) — নানা কাজে ঢাকার খাজা পরিবারের লোকেরা সমসাময়িক কালের যেসব খ্যাতনামা ব্যক্তির সংস্পর্শে এসেছিলেন তাঁদেরকে দর্শকদের সামনে তুলে ধরাই এই গ্যালারীর পরিকল্পনার উদ্দেশ্য। গ্যালারী ১২: নওয়াব সলিমুল্লাহ স্মরণে — নওয়াব স্যার খাজা সলিমুল্লাহ বাহাদুরের প্রতি বিশেষ সম্মান দেখানোর উদ্দেশ্যে কক্ষটিকে সাজানো হয়েছে।,gjalari 11: protikriti (1) — nana kaje dhakaro khaja poribarero lokera somosamoyiko kalero jesobo khjatonama bjoktiro songsporshe esechhileno taderoke dorshokodero samone tule dhorai ei gjalariro porikolponaro uddeshjo. gjalari 12: nooyabo solimullaho smorone — nooyabo sjaro khaja solimullaho bahadurero prti bishesho sommano dekhanoro uddeshje kokshotike sajano hoyeche.,আহসান মঞ্জিলের গ্যালারি ১২ কার স্মরণে উৎসর্গ করা হয়েছে?,ahosano monjilero gjalari 12 karo smorone utosorgo kora hoise?,নওয়াব স্যার খাজা সলিমুল্লাহ বাহাদুরের স্মরণে,nooyabo sjaro khaja solimullaho bahadurero smorone,নওয়াব স্যার খাজা সলিমুল্লাহ বাহাদুরের স্মরনে,nooyabo sjaro khaja solimullaho bahadurero smorone,relational,bnp_024987,,
pilot_000412,no_context,science,low,,,প্রথম আধুনিক ফ্লাশ টয়লেট কত সালে তৈরি করা হয়?,prothom adhuniko flasho toyoleto koto sale toiri kora hoi?,১৫৯৬ সালে,1596 sale,২৭ নভেম্বর ২০১২,27 nobhemboro 2012,fabricated,bnp_025002,,
pilot_000413,no_context,mathematics,low,,,"সিফাত মাহির  থেকে তিনগুণ ছোট এবং সিফাত  মাহির  বাবা থেকে ছয় বছরের ছোট। মাহির  ২০ বছর বয়স  হলে, তার বাবার বয়স কত?","sifato mahiro  theke tinoguno chhoto ebng sifato  mahiro  baba theke chhoyo bochhorero chhoto. mahiro  20 bosor boyoso  hole, tar babaro boyoso koto?",৬৬,66,৩৩,33,fabricated,bnp_025218,,
pilot_000414,has_context,law,low,সরকার এতকালের গোষ্ঠী মালিকানাধীন জমিকে খাস জমি বা সরকারি মালিকানাধীন জমি ঘোষণা করে এসব জমিতে বাঙালি বসতি স্থাপন শুরু করলে বহু পাহাড়ি পরিবার উচ্ছেদ হয়।,sorkar etokalero goshthi malikanadhino jomike khaso jomi ba sorokari malikanadhino jomi ghoshona kore esobo jomite bangali bosoti sthapono shuru korole bohu pahari poribaro uchchhedo hoy.,"প্রদত্ত প্রসঙ্গ অনুযায়ী পার্বত্য চট্টগ্রাম শান্তিচুক্তি, ১৯৯৭ সম্পর্কে কী তথ্য দেওয়া হয়েছে?","prodotto prosongo onujayi parbotjo chottogramo shantichukti, 1997 somporke kii tothjo deoya hoyeche?",সরকার এতকালের গোষ্ঠী মালিকানাধীন জমিকে খাস জমি বা সরকারি মালিকানাধীন জমি ঘোষণা করে এসব জমিতে বাঙালি বসতি স্থাপন শুরু করলে বহু পাহাড়ি পরিবার উচ্ছেদ হয়।,sorkar etokalero goshthi malikanadhino jomike khaso jomi ba sorokari malikanadhino jomi ghoshona kore esobo jomite bangali bosoti sthapono shuru korole bohu pahari poribaro uchchhedo hoi.,সরকার এতকালের গোষ্ঠী মালিকানাধীন জমিকে খাস জমি বা সরকারি মালিকানাধীন জমি ঘোষণা করে এসব জমিতে বাঙালি বসতি স্থাপন শুরু করলে বহু পাহাড়ি পরিবার উচ্ছেদ হয় না।,shorkar etokalero goshthi malikanadhino jomike khaso jomi ba sorokari malikanadhino jomi ghoshona kore esobo jomite bangali bosoti sthapono shuru korole bohu pahari poribaro uchchhedo hoi na.,relational,bnp_025433,,
pilot_000415,has_context,history,low,"এডওয়ার্ড ওয়েনরাইট (৮ এপ্রিল ১৮৬৫ – ২৮ অক্টোবর ১৯১৯) ছিলেন একজন ইংরেজ প্রথম-শ্রেণীর ক্রিকেটার, যিনি ১৮৮৮ থেকে ১৯০২ সালের মধ্যে ইয়র্কশায়ার কাউন্টি ক্রিকেট ক্লাবের হয়ে ৩৫২টি প্রথম-শ্রেণীর ম্যাচ খেলেছেন। একজন অলরাউন্ডার হিসেবে, ওয়েনরাইট কাউন্টি চ্যাম্পিয়নশিপ ক্রিকেটের শুরুর বছরগুলিতে লর্ড হকের অধিনায়কত্বে কাউন্টিটিকে শীর্ষস্থানে প্রতিষ্ঠা করতে সাহায্য করেছিলেন।","edooyardo oyenoraito (8 eprilo 1865 – 28 oktoboro 1919) chhileno ekojono ingrejo prothom-shreniro kriketaro, jini 1888 theke 1902 shaler moddhe iyorkoshayaro kaunti kriketo klabero hoye 352ti prthom-shreniro mjacho khelechheno. ekojono oloraundaro hisebe, oyenoraito kaunti chjampiyonoshipo kriketero shururo bochhorogulite lordo hokero odhinayokotbe kauntitike shirshosthane protishtha korte sahajjo korechhileno.",ওয়েইনরাইট কোন অধিনায়কের অধীনে ইয়র্কশায়ারকে শীর্ষস্থানে প্রতিষ্ঠিত করতে সাহায্য করেন?,oyeinoraito kon odhinayokero odhine iyorkoshayaroke shirshosthane protishthito korte sahajjo korn?,লর্ড হকের অধিনায়কত্বে,lordo hokero odhinayokotbe,লর্ড হথহর্স্টের অধিনায়কত্বে,lordo hothohorstero odhinayokotbe,relational,bnp_025437,,
pilot_000416,no_context,grammar,low,,,‘নর’ ও ‘ইন্দ্র’ শব্দ দুটির সন্ধিতে কোন শব্দ গঠিত হয়?,‘noro’ o ‘indro’ shobdo dutiro sondhite kon shobdo gothito hoy?,নরেন্দ্র,norendro,নরইন্দ্র,noroindro,fabricated,bnp_025533,,
pilot_000417,no_context,mathematics,low,,,একটি বাস এ ৯০  জন লোক বসে ৮ টি বাসে কতজন লোক বসবে?,ekta baso e 90  jon loko bose 8 ta base kotojono loko bosobe?,720,720,727,727,fabricated,bnp_025757,,
pilot_000418,no_context,mathematics,low,,,১ টি খাতার দাম ৫০ টাকা হলে ২০ টি খাতার দাম কত?,1 ti khataro daam 50 taka hole 20 ti khataro daam koto?,1000,1000,500,500,fabricated,bnp_025820,,
pilot_000419,no_context,literature,low,,,জহির রায়হান কবে নিখোঁজ হন?,johiro rayohano kobe nikhojo hono?,১৯৭২ সালের ৩০ জানুয়ারি,1972 shaler 30 januyari,২০০৮ সালের ১৪ জানুয়ারি,2008 saler 14 januyari,fabricated,bnp_025821,,
pilot_000420,no_context,grammar,low,,,"""শুভক্ষণে জন্ম যার""  এক কথায় কী হয়?","""shubhokshone jonmo jaro""  eko kothayo kii hoy?",ক্ষণজন্মা,kshonojonma,শুভজন্মা,shubhojonma,fabricated,bnp_025865,,
pilot_000421,has_context,law,low,"তবে শর্ত থাকে যে, দৈব দুর্বিপাক জনিত কারণে নির্বাচন অনুষ্ঠিত না হইলে নির্বাচন কমিশন নির্বাচনের জন্য সুবিধাজনক তারিখ নির্ধারণ করিতে পারিবে।","tbe shorto thake je, doibo durbipako jonito karone nirbachono onushthito naa hoile nirbachono komishono nirbachonero jnno subidhajonoko tarikh nirdharono korite paribe.","প্রদত্ত প্রসঙ্গ অনুযায়ী স্থানীয় সরকার (ইউনিয়ন পরিষদ) আইন, ২০০৯-এর ধারা ৩৬ সম্পর্কে কী বলা হয়েছে?","prodotto prosngo onujayi sthaniyo sorkar (iuniyono porishodo) ain, 2009-er dhara 36 somporke kii bola hoyeche?","তবে শর্ত থাকে যে, দৈব দুর্বিপাক জনিত কারণে নির্বাচন অনুষ্ঠিত না হইলে নির্বাচন কমিশন নির্বাচনের জন্য সুবিধাজনক তারিখ নির্ধারণ করিতে পারিবে।","tbe shorto thak je, doibo durbipako jonito karone nirbachono onushthito na hoile nirbachono komishono nirbachonero jnno subidhajonoko tarikh nirdharono korite paribe.","তবে শর্ত থাকে যে, দৈব দুর্বিপাক জনিত কারণে নির্বাচন অনুষ্ঠিত না হইলে ইউনিয়ন পরিষদ নির্বাচনের জন্য সুবিধাজনক তারিখ নির্ধারণ করিতে পারিবে।","tobe shorto thake je, doibo durbipako jonito karone nirbachono onushthito na hoile iuniyono porishodo nirbachonero jnno subidhajonoko tarikh nirdharono korite paribe.",relational,bnp_025908,,
pilot_000422,no_context,mathematics,low,,,কামাল তার প্রিয় কফি শপে ৳১০০ উপহার কার্ড জিতেছে। তিনি এক সপ্তাহের জন্য প্রতিদিন সকালে ৩.৭৫ টাকার এবং একটি ক্রসেন্টের জন্য ৳৩.৫০ মূল্যের একটি ল্যাটে নিজেকে চিকিত্সা করতে চান৷ তিনি ৫টি কুকিজ কেনার পরিকল্পনা করেছেন যার প্রতিটির দাম ৳১.২৫। কফি এবং প্যাস্ট্রি এক সপ্তাহ পরে তার কার্ডে কত টাকা বাকি থাকবে?,kamalo tar priyo kofi shope tk100 upoharo kardo jitechhe. tini eko soptahero jonno protidino sokale 3.75 takaro ebong ekta krosentero jnno tk3.50 muljero ekti ljate nijeke chikitsa korte chano. tini 5ta kukijo kenaro porikolpona korechheno jaro protitiro dam tk1.25. kofi ebng pjastri eko soptaho pore tar karde koto taka baki thakobe?,৪৩,43,২১,21,fabricated,bnp_025937,,
pilot_000423,no_context,idiom_meaning,low,,,"""চাল না চুলো, ঢেঁকি না কুলো"" এর ভাবার্থ কী?","""chalo naa chulo, dheki na kulo"" er bhabartho kii?",নিতান্ত নিঃস্ব,nitanto nihsbo,আসল শত্রু। আজন্ম শত্রু,asolo shotru. ajonmo shotru,fabricated,bnp_025950,,
pilot_000424,no_context,mathematics,low,,,কাবির্  ২০  টি কমলা লেবু এবং অরিজিত্ ৩০  টি কমলা লেবু বেছে নিয়েছিল। অবুল্  ৩০ টি নাশপাতি বেছে নিয়েছিল । মোট কয়টি কমলা লেবু বাছাই করা হয়েছিল?,kabir  20  ti komola lebu ebong orijit 30  ti komola lebu bechhe niyechhilo. obul  30 ti nashopati bechhe niyechhilo . mot koita komola lebu bachhai kora hoyechhilo?,50,50,25,25,fabricated,bnp_025966,,
pilot_000425,has_context,history,low,এডওয়ার্ড ওয়েইনরাইট (সাধারণত 'টেড' ওয়েইনরাইট নামে পরিচিত) ১৮৯৩ সালে প্রথম ইংল্যান্ড জাতীয় ক্রিকেট দলে খেলার সুযোগ পান। তিনি ১৭ জুলাই ১৮৯৩ সালে অস্ট্রেলিয়ার বিপক্ষে লর্ডসে তার টেস্ট অভিষেক করেন এবং সামগ্রিকভাবে ১৮৯৩ থেকে ১৮৯৮ সালের মধ্যে ইংল্যান্ডের হয়ে ৫টি টেস্ট ম্যাচ খেলেন।,edooyardo oyeinoraito (sadharonoto 'tedo' oyeinoraito name porichito) 1893 sale prthom ingljando jatio kriketo dole khelaro sujogo pano. tini 17 julai 1893 sale ostreliyaro bipokshe lordose tar testo obhisheko korn ebng samogrikobhabe 1893 theke 1898 saler moddhe ingljandero hoye 5ta testo mjacho kheleno.,টেড ওয়েইনরাইট তার টেস্ট অভিষেক কবে ও কোথায় করেন?,tedo oyeinoraito tar testo obhisheko kobe o kothay koren?,"১৭ জুলাই ১৮৯৩ সালে, লর্ডসে, অস্ট্রেলিয়ার বিপক্ষে","17 julai 1893 sale, lordose, ostreliyaro bipokshe","১৭ জুলাই ১৮৯৩ সালে, ওভালে, অস্ট্রেলিয়ার বিপক্ষে","17 julai 1893 sale, obhale, ostreliyaro bipokshe",numeric,bnp_026019,,
pilot_000426,no_context,science,low,,,সালোকসংশ্লেষণ প্রক্রিয়ার উপজাত কী?,salokosongshleshono prokriyaro upojato ki?,অক্সিজেন,oksijeno,কার্বন ডাই অক্সাইড,karbono dai oksaido,fabricated,bnp_026041,,
pilot_000427,has_context,history,low,মুঘল সম্রাট আকবরের প্রবর্তিত 'দীন-ই-ইলাহী' হলো বিভিন্ন ধর্মের মূলনীতির সমন্বয়ে গঠিত একটি মতাদর্শ। সম্রাট আকবর (১৫৫৬–১৬০৫) এর সময়ে মুঘল সাম্রাজ্যের ভিত্তি সুদৃঢ় হয়। তিনি ১৫৮২ সালে 'দীন-ই-ইলাহী' (বা 'তাওহীদ-ই-ইলাহী') নামক সমন্বিত ধর্মতত্ত্ব বা মতাদর্শ প্রচার করেন।,mugholo somrato akoborero probortito 'dino-i-ilahi' holo bibhinno dhormero mulonitiro somonboye gothito ekta motadorsho. somrato akoboro (1556–1605) er somoye mugholo samrajjero bhitti sudrirho hoy. tini 1582 sale 'dino-i-ilahi' (ba 'taohido-i-ilahi') namoko somonbito dhormotottbo ba motadorsho procharo koren.,দীন-ই-ইলাহী মূলত কীসের সমন্বয়?,dino-i-ilahi muloto kisero somonboyo?,বিভিন্ন ধর্মের মূলনীতির সমন্বয়ে গঠিত একটি মতাদর্শ,bibhinno dhormero mulonitiro somonboye gothito ekti motadorsho,বিভিন্ন ধর্মের মূলনীতির সমন্বয়ে গঠিত একটি মতাদর্স,bibhinno dhormero mulonitiro somonboye gothito ekta motadorso,relational,bnp_026096,,
pilot_000428,has_context,history,low,জামাল নজরুল ইসলাম গণিত ও ভৌত বিজ্ঞান গবেষণা কেন্দ্র,jamalo nojorulo isolamo ganit o bhouto biggan gobeshona kendro,চবির কোন গবেষণা কেন্দ্রটি বিখ্যাত পদার্থবিজ্ঞানী জামাল নজরুল ইসলামের নামে নামকরণ করা হয়েছে?,chobiro kon gobeshona kendroti bikhjato podarthobijnani jamalo nojorulo isolamero name namokorono kora hoise?,জামাল নজরুল ইসলাম গণিত ও ভৌত বিজ্ঞান গবেষণা কেন্দ্র,jamalo nojorulo isolamo gonit o bhouto biggan gobeshona kendro,নজরুল গবেষণা কেন্দ্র,nojorulo gobeshona kendro,relational,bnp_026253,,
pilot_000429,no_context,science,low,,,দেবেন্দ্র মোহন বসুর জন্মস্থান কোথায়?,debendro mohono bosuro jonmosthano kothay?,কিশোরগঞ্জ জেলার ইটনা থানার জয়সিদ্ধি গ্রামে,kishorogonjo jelaro itona thanaro joyosiddhi grame,লন্ডন,londono,fabricated,bnp_026256,,
pilot_000430,no_context,science,low,,,টমাস ডি কোমার কত সালে লিবনিজের যন্ত্রের পরিমার্জন করেন?,tomaso di komaro koto sale libonijero jontrero porimarjono korn?,১৮২০ সালে,1820 sale,১৯৬০ সালে,1960 sale,fabricated,bnp_026312,,
pilot_000431,has_context,law,low,এখানে অবসর জেলা জজ জনাব দীনেশ চন্দ্র দেবনাথ বিজ্ঞ মুনসেফ হিসেবে দায়িত্ব পালন করাকালে বর্তমান জেলা জজ মহোদয়ের বাংলোর পাশে অবস্থিত পরিত্যাক্ত তৎকালিন মুন্সেফ জজ কোয়ার্টারে তার কন্যা আপিল বিভাগের সাবেক বিচারপতি কৃষ্ণা দেবনাথ জন্মগ্রহণ করেন।,ekhane obosoro jela jojo jonabo dinesho chondro debonatho bijno munosefo hisebe dayitbo palono korakale bortomano jela jojo mohodoyero bangloro pashe obosthito poritjakto totokalino munsefo jojo koyartare tar konja apilo bibhagero sabeko bicharopoti krishna debonatho jonmogrohono korn.,প্রদত্ত প্রসঙ্গ অনুযায়ী রাজবাড়ী জেলা বিচার বিভাগের ইতিহাস সম্পর্কে কী তথ্য দেওয়া হয়েছে?,prodotto prosongo onujayi rajobari jela bicharo bibhagero itihas somporke kii tothjo deoya hoise?,এখানে অবসর জেলা জজ জনাব দীনেশ চন্দ্র দেবনাথ বিজ্ঞ মুনসেফ হিসেবে দায়িত্ব পালন করাকালে বর্তমান জেলা জজ মহোদয়ের বাংলোর পাশে অবস্থিত পরিত্যাক্ত তৎকালিন মুন্সেফ জজ কোয়ার্টারে তার কন্যা আপিল বিভাগের সাবেক বিচারপতি কৃষ্ণা দেবনাথ জন্মগ্রহণ করেন।,ekhane obosoro jela jojo jonabo dinesho chondro debonatho bijno munosefo hisebe dayitbo palono korakale bortomano jela jojo mohodoyero bangloro pashe obosthito poritjakto totokalino munsefo jojo koyartare tar konja apilo bibhagero sabeko bicharopoti krishna debonatho jonmogrohono koren.,এখানে অবসর জেলা জজ জনাব দীনেশ চন্দ্র দেবনাথ বিজ্ঞ মুনসেফ হিসেবে দায়িত্ব পালন করাকালে বর্তমান জেলা জজ মহোদয়ের বাংলোর পাশে অবস্থিত পরিত্যাক্ত তৎকালিন মুন্সেফ জজ কোয়ার্টারে তার কন্যা হাইকোর্ট বিভাগের সাবেক বিচারপতি কৃষ্ণা দেবনাথ জন্মগ্রহণ করেন।,ekhane obosoro jela jojo jonabo dinesho chondro debonatho bijno munosefo hisebe dayitbo palono korakale bortomano jela jojo mohodoyero bangloro pashe obosthito poritjakto totokalino munsefo jojo koyartare tar konja haikorto bibhagero sabeko bicharopoti krishna debonatho jonmogrohono koren.,relational,bnp_026388,,
pilot_000432,no_context,mathematics,low,,,"একটি 3 অঙ্কের সংখ্যা abc কে ""বৃদ্ধিশীল"" বলা হবে যদি এবং কেবল যদি a < b < c হয়। যেখানে a একটি অশূন্য অঙ্ক। একটা 3 অঙ্কের সংখ্যা abc কে ""হ্রাসমান"" বলা হবে যদি এবং কেবল যদি a > b > c হয়। যদি ""হ্রাসমান"" সংখ্যার সংখ্যা x আর ""বৃদ্ধিশীল"" সংখ্যার সংখ্যা y হয়, তাহলে x আর y এর পার্থক্য কত?","ekti 3 ongkero songkha abc ke ""briddhishilo"" bola hbe jodi ebng kebolo jodi a < b < c hoi. jekhane a ekta oshunjo ongko. ekota 3 ongkero songkhya abc ke ""hrasomano"" bola hobe jodi ebong kebolo jodi a > b > c hoi. jodi ""hrasomano"" songkhjaro songkha x aro ""briddhishilo"" songkhjaro songkhya y hoy, tahle x aro y er parthokjo koto?",0,0,1,1,fabricated,bnp_026506,,
pilot_000433,has_context,history,low,"দ্বিতীয় বিশ্বযুদ্ধ (English: World WarII, Second World War, WWII, WW2) মানবসভ্যতার ইতিহাসে এ যাবৎকাল পর্যন্ত সংঘটিত সর্ববৃহৎ এবং সবচেয়ে ভয়াবহ যুদ্ধ। ১৯৩৯ সাল থেকে ১৯৪৫ সাল, এই ছয় বছর দ্বিতীয় বিশ্বযুদ্ধের সময়সীমা ধরা হলেও ১৯৩৯ সালের আগে এশিয়ায় সংগঠিত কয়েকটি সংঘর্ষকে দ্বিতীয় বিশ্বযুদ্ধের অংশ হিসেবে গণ্য করা হয়। তৎকালীন বিশ্বে সকল পরাশক্তি এবং বেশিরভাগ রাষ্ট্রই এই যুদ্ধে জড়িয়ে পড়ে এবং দুইটি বিপরীত সামরিক জোটের সৃষ্টি হয়; মিত্রশক্তি আর অক্ষশক্তি। এই মহাসমরকে ইতিহাসের সবচেয়ে বিস্তৃত যুদ্ধ বলে ধরা হয়, যাতে ৩০টি দেশের সব মিলিয়ে ১০ কোটিরও বেশি সামরিক সদস্য অংশগ্রহণ করে। অংশগ্রহণকারী রাষ্ট্রসমূহ খুব দ্রুত একটি সামগ্রিক যুদ্ধে জড়িয়ে পড়ে এবং সামরিক ও বেসামরিক সম্পদের মধ্যে কোনরকম পার্থক্য না করে তাদের পূর্ণ অর্থনৈতিক, বাণিজ্যিক ও প্রযুক্তিগত সক্ষমতা প্রয়োগ করা শুরু করে। এছাড়া বেসামরিক জনগণের উপর চালানো নির্বিচার গণহত্যা, হলোকস্ট (হিটলার কর্তৃক ইহুদীদের উপর চালানো গণহত্যা), পৃথিবীর ইতিহাসে একমাত্র পারমাণবিক অস্ত্রের প্রয়োগ প্রভৃতি ঘটনায় কুখ্যাত এই যুদ্ধে প্রায় ৫ কোটি থেকে সাড়ে ৮ কোটি মানুষ মৃত্যুবরণ করে। এসব পরিসংখ্যান এটাই প্রমাণ করে যে এটাই পৃথিবীর ইতিহাসে নৃশংসতম যুদ্ধ।[1]","dbitiyo bishbojuddho (english: world warii, second world war, wwii, ww2) manobosobhjotaro itihase e jabotokalo porjonto songghotito sorbobrihoto ebong sobocheye bhoyaboho juddho. 1939 sal theke 1945 sal, ei chhoyo bochor dbitiyo bishbojuddhero somoyosima dhora holeo 1939 saler age eshiyayo songgothito koyekoti songghorshoke dbitiyo bishbojuddhero ongsho hisebe gonjo kora hoi. totokalino bishbe sokolo porashokti ebng beshirobhago rashtroi ei juddhe joriye pore ebng duiti biporito samoriko jotero srishti hoy; mitroshokti aro okshoshokti. ei mohasomoroke itihasero sobocheye bistrito juddho bole dhora hoy, jate 30ta deshero sobo miliye 10 kotiroo beshi samoriko sodosjo ongshogrohono kore. ongshogrohonokari rashtrosomuho khubo druto ekti samogriko juddhe joriye pore ebng samoriko o besamoriko sompodero moddhe konorokomo parthokjo naa kore tader purno orthonoitiko, banijjiko o projuktigoto sokshomota proyogo kora shuru kore. echhara besamoriko jonogonero uporo chalano nirbicharo gonohotja, holokosto (hitolaro kortriko ihudidero uporo chalano gonohotja), prithibiro itihase ekomatro paromanobiko ostrero proyogo probhriti ghotonayo kukhjato ei juddhe prayo 5 koti theke sare 8 koti manusho mritjuborono kore. esobo porisongkhjano etai promano kore je etai prithibiro itihase nrishongsotomo juddho.[1]",দ্বিতীয় বিশ্বযুদ্ধ কোন সালে হয়েছিল ?,dbitiyo bishbojuddho kon sale hoyechhilo ?,১৯৩৯ সাল থেকে ১৯৪৫ সাল,1939 sal theke 1945 sal,১৯৪১ সাল থেকে ১৯৪৫ সাল,1941 sal theke 1945 sal,numeric,bnp_026552,,
pilot_000434,no_context,science,low,,,NSEC এর ডিপার্টমেন্ট অফ ইলেকট্রনিক্স ইঞ্জিনিয়ারিং কত সালে প্রতিষ্ঠিত হয়?,nsec er dipartomento ofo ilekotronikso injiniyaring koto sale protishthito hoi?,১৯৯৮ সালে,1998 sale,১৫৪৩ সালের ২৪ মে,1543 shaler 24 me,fabricated,bnp_026592,,
pilot_000435,no_context,mathematics,low,,,"তোমার ছোট ভাই ভারি দুষ্ট। তাকে কিছু দ্বিগুণ করতে বললে সে প্রথমে তার সাথে $a$ যোগ করে। তারপর $b$ দিয়ে গুণ করে তবেই তোমাকে উত্তরটা বলে। যেমনঃ তাকে 2016 দ্বিগুণ করতে বললে সে উত্তর দেয় 14154, আবার 1056 দ্বিগুণ করতে বললে সে উত্তর দেয় 7434. $a+b$ এর মান কত?","tomaro chhoto bhai bhari dushto. take kichhu dbiguno korte bolole she prothome tar sathe $a$ jogo kore. taroporo $b$ diye guno kore tobei tomake uttorota bole. jemonoh take 2016 dbiguno korte bolole se uttar deyo 14154, abaro 1056 dbiguno korte bolole se uttar deyo 7434. $a+b$ er mano koto?",13,13,19,19,fabricated,bnp_026682,,
pilot_000436,no_context,literature,low,,,'টুনটুনির বই'-এর রচয়িতা কে?,'tunotuniro boi'-er rochoyita ke?,উপেন্দ্রকিশোর রায়চৌধুরী,upendrokishoro rayochoudhuri,অদ্বৈত মল্লবর্মণ,odboito mollobormono,fabricated,bnp_026759,,
pilot_000437,no_context,idiom_meaning,low,,,"""উপরচালাকি"" এর ভাবার্থ কী?","""uporochalaki"" er bhabartho ki?","চালাক না হয়েও চালাকি করতে যায়; ফন্দি, ফাজলামি","chalako na hoyeo chalaki korte jayo; fondi, fajolami",বাজে ঝামেলা,baje jhamela,fabricated,bnp_026793,,
pilot_000438,has_context,law,low,সংগঠনের স্বাধীনতা: জনশৃঙ্খলা ও নৈতিকতার স্বার্থে আইনের দ্বারা আরোপিত যুক্তিসঙ্গত বাধানিষেধ সাপেক্ষে সমিতি বা সংঘ গঠন করার অধিকার প্রত্যেক নাগরিকের থাকবে।,songgothonero shadinota: jonoshringkhola o noitikotaro sbarthe ainero dbara aropito juktisonggoto badhanishedho sapekshe somiti ba songgho gothono koraro odhikaro protjeko nagorikero thakobe.,প্রদত্ত প্রসঙ্গ অনুযায়ী বাংলাদেশের সংবিধানে বর্ণিত মৌলিক অধিকার সম্পর্কে কী তথ্য দেওয়া হয়েছে?,prodotto prosongo onujayi bangladesher songbidhane bornito mouliko odhikaro somporke ki tothjo deoya hoise?,সংগঠনের স্বাধীনতা: জনশৃঙ্খলা ও নৈতিকতার স্বার্থে আইনের দ্বারা আরোপিত যুক্তিসঙ্গত বাধানিষেধ সাপেক্ষে সমিতি বা সংঘ গঠন করার অধিকার প্রত্যেক নাগরিকের থাকবে।,songgothonero shadinota: jonoshringkhola o noitikotaro sbarthe ainero dbara aropito juktisonggoto badhanishedho sapekshe somiti ba songgho gothono koraro odhikaro protjeko nagorikero thakobe.,সংগঠনের স্বাধীনতা: জনশৃঙ্খলা ও নৈতিকতার স্বার্থে আইনের দ্বারা আরোপিত যুক্তিসঙ্গত বাধানিষেধ সাপেক্ষে সমিতি বা সংঘ গঠন করার অধিকার প্রত্যেক নাগরিকের থাকবে না।,songgothonero shadinota: jonoshringkhola o noitikotaro sbarthe ainero dbara aropito juktisonggoto badhanishedho sapekshe somiti ba songgho gothono koraro odhikaro protjeko nagorikero thakobe naa.,relational,bnp_026895,,
pilot_000439,has_context,law,low,ইউনিয়ন পরিষদের আয় ও ব্যয়ের হিসাব নির্ধারিত পদ্ধতিতে ও ফরমে সংরক্ষণ করিতে হইবে।,iuniyono porishodero ayo o bjoyero hisabo nirdharito poddhotite o forome songrokshono korite hoibe.,"প্রদত্ত প্রসঙ্গ অনুযায়ী স্থানীয় সরকার (ইউনিয়ন পরিষদ) আইন, ২০০৯-এর ধারা ৫৮ সম্পর্কে কী বলা হয়েছে?","prodotto prosngo anujayi sthaniyo sorkar (iuniyono porishodo) ain, 2009-er dhara 58 somporke kii bola hoyeche?",ইউনিয়ন পরিষদের আয় ও ব্যয়ের হিসাব নির্ধারিত পদ্ধতিতে ও ফরমে সংরক্ষণ করিতে হইবে।,iuniyono porishodero ayo o bjoyero hisabo nirdharito poddhotite o forome songrokshono korite hoibe.,উপজেলা পরিষদের আয় ও ব্যয়ের হিসাব নির্ধারিত পদ্ধতিতে ও ফরমে সংরক্ষণ করিতে হইবে।,upojela porishodero ayo o bjoyero hisabo nirdharito poddhotite o forome songrokshono korite hoibe.,relational,bnp_026957,,
pilot_000440,no_context,mathematics,low,,,একটি কুইজ প্রতিযোগিতায় প্রতিটি ছোট প্রশ্নের জন্য 6 পয়েন্ট এবং প্রতিটি বড় প্রশ্নের জন্য 10 পয়েন্ট থাকে। 2024 পয়েন্ট স্কোর করার জন্য কতগুলো ভিন্ন সংখ্যক প্রশ্নের উত্তর দেওয়া যেতে পারে?,ekti kuijo protijogitayo protita chhoto proshnero jonno 6 poyento ebng protiti boro proshnero jonno 10 poyento thake. 2024 poyento skoro koraro jonno kotogulo bhinno songkhjoko proshnero uttor deoya jete pare?,67,67,76,76,fabricated,bnp_026965,,
pilot_000441,no_context,mathematics,low,,,৩টি চা পাতা গাছের প্রতিটিতে ১৮টি সবুজ পাতা রয়েছে। তাদের এক-তৃতীয়াংশ হলুদ হয়ে যায় এবং প্রতিটি চা পাতার গাছে পড়ে। চা পাতার গাছে কয়টি সবুজ পাতা থাকে?,3ti cha pata gachhero protitite 18ta sobujo pata royeche. tader eko-tritiyangsho holudo hoye jayo ebng protita cha pataro gachhe pore. cha pataro gachhe koyti sobujo pata thak?,৩৬,36,৩৭,37,fabricated,bnp_027083,,
pilot_000442,has_context,law,low,এ পরিস্থিতিতে ১৮৫৯ সালে রায়তরা সমগ্র বাংলা জুড়ে নীলকরদের বিরুদ্ধে এক সংগঠিত আন্দোলন শুরু করে।,e poristhitite 1859 sale rayotora somogro bangla jure nilokorodero biruddhe eko songgothito andolono shuru kore.,প্রদত্ত প্রসঙ্গ অনুযায়ী নীল কমিশন সম্পর্কে কী তথ্য দেওয়া হয়েছে?,prodotto prosongo onujayi nilo komishono somporke kii tothjo deoya hoyeche?,এ পরিস্থিতিতে ১৮৫৯ সালে রায়তরা সমগ্র বাংলা জুড়ে নীলকরদের বিরুদ্ধে এক সংগঠিত আন্দোলন শুরু করে।,e poristhitite 1859 shale rayotora somogro bangla jure nilokorodero biruddhe eko songgothito andolono shuru kore.,এ পরিস্থিতিতে ১৮৫৯ সালে রায়তরা সমগ্র বাংলা জুড়ে জমিদারদের বিরুদ্ধে এক সংগঠিত আন্দোলন শুরু করে।,e poristhitite 1859 sale rayotora somogro bangla jure jomidarodero biruddhe eko songgothito andolono shuru kore.,numeric,bnp_027090,,
pilot_000443,has_context,law,low,এই আইন বলবৎ হওয়ার সঙ্গে সঙ্গে বিদ্যমান সকল ইউনিয়ন পরিষদ এই আইনের বিধান অনুযায়ী ইউনিয়ন পরিষদ হিসাবে গঠিত হইয়াছে বলিয়া গণ্য হইবে।,ei ain boloboto hooyaro songge songge bidjomano sokolo iuniyono porishodo ei ainero bidhano onujayi iuniyono porishodo hisabe gothito hoiyachhe boliya gonjo hoibe.,"প্রদত্ত প্রসঙ্গ অনুযায়ী স্থানীয় সরকার (ইউনিয়ন পরিষদ) আইন, ২০০৯-এর ধারা ৯ সম্পর্কে কী বলা হয়েছে?","prodotto prosngo anujayi sthaniyo sorkar (iuniyono porishodo) ain, 2009-er dhara 9 somporke kii bola hoise?",এই আইন বলবৎ হওয়ার সঙ্গে সঙ্গে বিদ্যমান সকল ইউনিয়ন পরিষদ এই আইনের বিধান অনুযায়ী ইউনিয়ন পরিষদ হিসাবে গঠিত হইয়াছে বলিয়া গণ্য হইবে।,ei ain boloboto hooyaro songge songge bidjomano sokolo iuniyono porishodo ei ainero bidhano onujayi iuniyono porishodo hisabe gothito hoiyachhe boliya gonjo hoibe.,এই আইন বলবৎ হওয়ার সঙ্গে সঙ্গে বিদ্যমান সকল উপজেলা পরিষদ এই আইনের বিধান অনুযায়ী ইউনিয়ন পরিষদ হিসাবে গঠিত হইয়াছে বলিয়া গণ্য হইবে।,ei ain boloboto hooyaro songge songge bidjomano sokolo upojela porishodo ei ainero bidhano onujayi iuniyono porishodo hisabe gothito hoiyachhe boliya gonjo hoibe.,relational,bnp_027263,,
pilot_000444,has_context,law,low,দায়রা জজ আদালত এবং অতিরিক্ত দায়রা জজ আদালত- আইনে উল্লেখিত সকল প্রকারের দণ্ড প্রদানে অত্র আদালত সক্ষম তবে মৃত্যুদণ্ড প্রদান করলে উক্ত রায় হাইকোর্ট কর্তৃক অনুমোদিত হতে হয়।,dayora jojo adaloto ebng otirikto dayora jojo adaloto- aine ullekhito sokolo prokarero dondo prodane otro adaloto sokshomo tbe mritjudondo prodano korole ukto rayo haikorto kortriko onumodito hote hoy.,প্রদত্ত প্রসঙ্গ অনুযায়ী বাংলাদেশের আদালতের এখতিয়ার সম্পর্কে কী তথ্য দেওয়া হয়েছে?,prodotto prosongo onujayi bangladesher adalotero ekhotiyaro somporke kii tothjo deoya hoyeche?,দায়রা জজ আদালত এবং অতিরিক্ত দায়রা জজ আদালত- আইনে উল্লেখিত সকল প্রকারের দণ্ড প্রদানে অত্র আদালত সক্ষম তবে মৃত্যুদণ্ড প্রদান করলে উক্ত রায় হাইকোর্ট কর্তৃক অনুমোদিত হতে হয়।,dayora jojo adaloto ebng otirikto dayora jojo adaloto- aine ullekhito sokolo prokarero dondo prodane otro adaloto sokshomo tobe mritjudondo prodano korole ukto rayo haikorto kortriko onumodito hote hoi.,দায়রা জজ আদালত এবং অতিরিক্ত দায়রা জজ আদালত- আইনে উল্লেখিত সকল প্রকারের দণ্ড প্রদানে অত্র আদালত সক্ষম তবে মৃত্যুদণ্ড প্রদান করলে উক্ত রায় হাইকোর্ট কর্তৃক অনুমোদিত হতে হয় না।,dayora jojo adaloto ebng otirikto dayora jojo adaloto- aine ullekhito sokolo prokarero dondo prodane otro adaloto sokshomo tobe mritjudondo prodano korole ukto rayo haikorto kortriko onumodito hote hoy na.,relational,bnp_027268,,
pilot_000445,no_context,science,low,,,হরমোন থেরাপিতে ক্যান্সার নিয়ন্ত্রণের জন্য কী করা হয়?,horomono therapite kjansaro niyontronero jnno kii kora hoi?,শরীরের কিছু হরমোনের মাত্রা পরিবর্তন করা হয়,shorirero kichhu horomonero matra poribortono kora hoy,অস্ত্রোপচারের মাধ্যমে আক্রান্ত অংশ কেটে ফেলা হয়,ostropocharero madhjome akranto ongsho kete fela hoy,fabricated,bnp_027414,,
pilot_000446,has_context,others,low,‘জীবনঢুলী’ তানভীর মোকাম্মেল পরিচালিত একটি বাংলা চলচ্চিত্র। এটি কোনো কাব্যগ্রন্থ নয়।,‘jibonodhuli’ tanobhiro mokammelo porichalito ekti bangla cholochchitro. eti kono kabjogrontho noyo.,জীবনঢুলী কি?,jibonodhuli ki?,একটি চলচ্চিত্র।,ekti cholochchitro.,একটি কাব্যগ্রন্থ।,ekti kabjogrontho.,relational,bnp_027521,,
pilot_000447,has_context,others,low,AB ও CD সরলরেখা O বিন্দুতে ছেদ করলে বিপ্রতীপ কোণগুলো সমান হয়। তাই ∠AOD = ∠BOC এবং ∠AOC = ∠BOD।,ab o cd sorolorekha o bindute chhedo korole biprotipo konogulo somano hoy. tai ∠aod = ∠boc ebng ∠aoc = ∠bod.,AB ও CD সরলরেখাদ্বয় ‘O’ বিন্দুতে ছেদ করলে নিচের কোন গাণিতিক বাক্যটি সঠিক হবে?-,ab o cd sorolorekhadboyo ‘o’ bindute chhedo korole nichero kon ganitiko bakjoti sothik hobe?-,∠AOD = ∠BOC।,∠aod = ∠boc.,∠AOD > ∠BOC।,∠aod > ∠boc.,relational,bnp_027620,,
pilot_000448,has_context,law,low,"প্রত্যেক ইউনিয়ন পরিষদের একজন সচিব, একজন হিসাব সহকারী-কাম-কম্পিউটার অপারেটর থাকিবেন, যাহারা সরকার বা সরকার কর্তৃক নির্ধারিত কোন কর্তৃপক্ষের মাধ্যমে নিযুক্ত হইবেন।","protjeko iuniyono porishodero ekojono sochibo, ekojono hisabo sohokari-kamo-kompiutaro oparetoro thakibeno, jahara sorkar ba shorkar kortriko nirdharito kon kortripokshero madhjome nijukto hoibeno.","প্রদত্ত প্রসঙ্গ অনুযায়ী স্থানীয় সরকার (ইউনিয়ন পরিষদ) আইন, ২০০৯-এর ধারা ৬২ সম্পর্কে কী বলা হয়েছে?","prodotto prosongo anujayi sthaniyo shorkar (iuniyono porishodo) ain, 2009-er dhara 62 somporke ki bola hoyeche?","প্রত্যেক ইউনিয়ন পরিষদের একজন সচিব, একজন হিসাব সহকারী-কাম-কম্পিউটার অপারেটর থাকিবেন, যাহারা সরকার বা সরকার কর্তৃক নির্ধারিত কোন কর্তৃপক্ষের মাধ্যমে নিযুক্ত হইবেন।","protjeko iuniyono porishodero ekojono sochibo, ekojono hisabo sohokari-kamo-kompiutaro oparetoro thakibeno, jahara shorkar ba shorkar kortriko nirdharito kon kortripokshero madhjome nijukto hoibeno.","প্রত্যেক উপজেলা পরিষদের একজন সচিব, একজন হিসাব সহকারী-কাম-কম্পিউটার অপারেটর থাকিবেন, যাহারা সরকার বা সরকার কর্তৃক নির্ধারিত কোন কর্তৃপক্ষের মাধ্যমে নিযুক্ত হইবেন।","protjeko upojela porishodero ekojono sochibo, ekojono hisabo sohokari-kamo-kompiutaro oparetoro thakibeno, jahara shorkar ba shorkar kortriko nirdharito kon kortripokshero madhjome nijukto hoibeno.",relational,bnp_027880,,
pilot_000449,has_context,history,low,এরপর লর্ড হার্ডিঞ্জ বিস্তারিত প্রস্তাবটি ১৯১১ সালের ১৯ জুলাই ভারতের জন্য নিয়োজিত ব্রিটিশ সেক্রেটারি অব স্টেট-এর নিকট প্রেরণ করলেন। সেক্রেটারি অতি দ্রুত ৭ আগস্ট তারিখে এর সঙ্গে একমত হয়ে টেলিগ্রাম পাঠালেন।,eroporo lordo hardinjo bistarito prostaboti 1911 shaler 19 julai bharoter jnno niyojito britisho sekretari obo steto-er nikoto prerono koroleno. sekretari oti druto 7 agosto tarikhe er songge ekomoto hoye teligramo pathaleno.,সেক্রেটারি অব স্টেট কবে টেলিগ্রামের মাধ্যমে প্রস্তাবে সম্মতি জানান?,sekretari obo steto kobe teligramero madhjome prostabe sommoti janano?,৭ আগস্ট তারিখে,7 agosto tarikhe,২০ আগস্ট তারিখে,20 agosto tarikhe,numeric,bnp_027933,,
pilot_000450,no_context,grammar,low,,,যৌগিক শব্দ নয় কোনটি?,jougiko shobdo noyo konti?,রাজপুত,rajoputo,দৌহিত্র,douhitro,fabricated,bnp_028007,,
pilot_000451,has_context,law,low,"১৯৮৯ সালের ২৮ ফেব্রুয়ারি জাতীয় সংসদে একটি আইন পাশ করে সরকার রাঙ্গামাটি, খাগড়াছড়ি ও বান্দরবান তিনটি জেলায় স্থানীয় সরকার পরিষদ গঠন করে।","1989 shaler 28 februyari jatio songsode ekti ain pasho kore shorkar ranggamati, khagorachhori o bandorobano tinoti jelayo sthaniyo sorkar porishodo gothono kore.","প্রদত্ত প্রসঙ্গ অনুযায়ী পার্বত্য চট্টগ্রাম শান্তিচুক্তি, ১৯৯৭ সম্পর্কে কী তথ্য দেওয়া হয়েছে?","prodotto prosongo anujayi parbotjo chottogramo shantichukti, 1997 somporke kii tothjo deoya hoise?","১৯৮৯ সালের ২৮ ফেব্রুয়ারি জাতীয় সংসদে একটি আইন পাশ করে সরকার রাঙ্গামাটি, খাগড়াছড়ি ও বান্দরবান তিনটি জেলায় স্থানীয় সরকার পরিষদ গঠন করে।","1989 saler 28 februyari jatio songsode ekti ain pasho kore shorkar ranggamati, khagorachhori o bandorobano tinoti jelayo sthaniyo sorkar porishodo gothono kore.","১৯৯০ সালের ২৮ ফেব্রুয়ারি জাতীয় সংসদে একটি আইন পাশ করে সরকার রাঙ্গামাটি, খাগড়াছড়ি ও বান্দরবান তিনটি জেলায় স্থানীয় সরকার পরিষদ গঠন করে।","1990 saler 28 februyari jatiyo songsode ekta ain pasho kore sorkar ranggamati, khagorachhori o bandorobano tinoti jelayo sthaniyo sorkar porishodo gothono kore.",numeric,bnp_028106,,
pilot_000452,has_context,law,low,অনেক সময় দখলচ্যুত জমিদারগণ বিক্রয় প্রক্রিয়ার বিরোধিতা করে এবং ক্রেতাদের তাদের ক্রীত জমির দখল গ্রহণে বাধা প্রদান করে।,oneko somoyo dokholochjuto jomidarogono bikroyo prokriyaro birodhita kore ebng kretadero tader krito jomiro dokholo grohone badha prodano kore.,"প্রদত্ত প্রসঙ্গ অনুযায়ী রাজস্ব বিক্রয় আইন, ১৭৯৩ সম্পর্কে কী তথ্য দেওয়া হয়েছে?","prodotto prosngo onujayi rajosbo bikroyo ain, 1793 somporke kii tothjo deoya hoyeche?",অনেক সময় দখলচ্যুত জমিদারগণ বিক্রয় প্রক্রিয়ার বিরোধিতা করে এবং ক্রেতাদের তাদের ক্রীত জমির দখল গ্রহণে বাধা প্রদান করে।,oneko somoyo dokholochjuto jomidarogono bikroyo prokriyaro birodhita kore ebng kretadero tader krito jomiro dokholo grohone badha prodano kore.,অনেক সময় দখলচ্যুত রায়তগণ বিক্রয় প্রক্রিয়ার বিরোধিতা করে এবং ক্রেতাদের তাদের ক্রীত জমির দখল গ্রহণে বাধা প্রদান করে।,oneko somoyo dokholochjuto rayotogono bikroyo prokriyaro birodhita kore ebong kretadero tader krito jomiro dokholo grohone badha prodano kore.,relational,bnp_028136,,
pilot_000453,no_context,mathematics,low,,,"সামিউল  কসাই ১০ পাউন্ড মশলাদার মাংসের মিশ্রণ পিষে, একটি টিউব কেসিংয়ে লোড করে এবং ৪০টি সসেজ লিঙ্কের একটি স্ট্রিং তৈরি করে সসেজ তৈরি করে। তারপর, সে তার কুলারে সসেজ লিঙ্কের স্ট্রিং ঝুলিয়ে দিল। সন্ধ্যার পরে, ব্র্যান্ডি, সামিউলের গোল্ডেন রিট্রিভার, কুলারে ঢুকে সসেজের ১২টি লিঙ্ক খেয়েছিল। ব্র্যান্ডির ভোজের পরে, অবশিষ্ট লিঙ্কগুলিতে কত আউন্স সসেজ মাংস ছিল?","samiulo  kosai 10 paundo mosholadaro mangsero mishrono pishe, ekti tiubo kesingye lodo kore ebng 40ti sosejo lingkero ekti string toiri kore sosejo toiri kore. taroporo, she tar kulare sosejo lingkero string jhuliye dilo. sondhjaro pore, brjandi, samiulero goldeno ritribharo, kulare dhuke sosejero 12ti lingko kheyechhilo. brjandiro bhojero pore, oboshishto lingkogulite koto aunso sosejo mangso silo?",১১২,112,১২১,121,fabricated,bnp_028139,,
pilot_000454,has_context,others,low,বর্গক্ষেত্রের বাহু ৪√২ একক হলে ক্ষেত্রফল=(৪√২)²=৩২ বর্গ একক এবং পরিসীমা=৪×৪√২=১৬√২ একক।,borgokshetrero bahu 4√2 ekoko hole kshetrofolo=(4√2)²=32 borgo ekoko ebong porisima=4×4√2=16√2 ekoko.,বর্গক্ষেত্রটির পরিসীমা কত?,borgokshetrotiro porisima koto?,১৬√২ একক।,16√2 ekoko.,৮√২ একক।,8√2 ekoko.,numeric,bnp_028176,,
pilot_000455,no_context,antonym,low,,,'স্মরণ' শব্দের বিপরীতার্থক শব্দ-,'smorono' shobder biporitarthoko shobdo-,বিস্মরণ,bismorono,অনাস্তৃত,onastrito,fabricated,bnp_028212,,
pilot_000456,has_context,history,low,এরপর ১৯০৬ সালে কুমিল্লা ভিক্টোরিয়া কলেজ থেকে এফ.এ. পাস করেন।,eroporo 1906 sale kumilla bhiktoriya kolejo theke efo.e. paso korn.,ধীরেন্দ্রনাথ দত্ত কত সালে কোন কলেজ থেকে এফ.এ. পাস করেন?,dhirendronatho dotto koto shale kon kolejo theke efo.e. paso korn?,১৯০৬ সালে কুমিল্লা ভিক্টোরিয়া কলেজ থেকে,1906 sale kumilla bhiktoriya kolejo theke,১৯০৮ সালে ঢাকা কলেজ থেকে,1908 shale dhaka kolejo theke,numeric,bnp_028316,,
pilot_000457,has_context,law,low,"(গ) দ্রুত বিচার আদালত- অত্র আদালত কর্তৃক আইন, শৃঙ্খলা বিঘ্নকারী অপরাধ (দ্রুত বিচার) আইন, ২০০২ এ উল্লেখিত অপরাধসমূহের বিচার সম্পন্ন হয়।","(go) druto bicharo adaloto- otro adaloto kortriko ain, shringkhola bighnokari oporadho (druto bicharo) ain, 2002 e ullekhito oporadhosomuhero bicharo somponno hoy.",প্রদত্ত প্রসঙ্গ অনুযায়ী বাংলাদেশের আদালতের এখতিয়ার সম্পর্কে কী তথ্য দেওয়া হয়েছে?,prodotto prosongo anujayi bangladesher adalotero ekhotiyaro somporke kii tothjo deoya hoyeche?,"(গ) দ্রুত বিচার আদালত- অত্র আদালত কর্তৃক আইন, শৃঙ্খলা বিঘ্নকারী অপরাধ (দ্রুত বিচার) আইন, ২০০২ এ উল্লেখিত অপরাধসমূহের বিচার সম্পন্ন হয়।","(go) druto bicharo adaloto- otro adaloto kortriko ain, shringkhola bighnokari oporadho (druto bicharo) ain, 2002 e ullekhito oporadhosomuhero bicharo somponno hoy.","(গ) দ্রুত বিচার আদালত- অত্র আদালত কর্তৃক আইন, শৃঙ্খলা বিঘ্নকারী অপরাধ (দ্রুত বিচার) আইন, ২০০৩ এ উল্লেখিত অপরাধসমূহের বিচার সম্পন্ন হয়।","(go) druto bicharo adaloto- otro adaloto kortriko ain, shringkhola bighnokari oporadho (druto bicharo) ain, 2003 e ullekhito oporadhosomuhero bicharo somponno hoy.",numeric,bnp_028436,,
pilot_000458,no_context,mathematics,low,,,"একটা ব্যাঙ্কে 989 ভল্ট আছে। এর মধ্যে প্রথমটি খোলা, পরের দুইটি ভল্ট বন্ধ, তার পরের তিনটি খোলা, তার পরের চারটি বন্ধ... সর্বমোট কতটি ভল্ট খোলা আছে?","ekota bjangke 989 bholto ache. er modhye prothomoti khola, porero duiti bholto bondho, tar porero tinoti khola, tar porero charoti bondho... sorbomoto kototi bholto khola asche?",484,484,448,448,fabricated,bnp_028507,,
pilot_000459,no_context,grammar,low,,,‘নিঃ’ ও ‘আকার’ শব্দ দুটির সন্ধিতে কোন শব্দ গঠিত হয়?,‘nih’ o ‘akaro’ shobdo dutiro sondhite kon shobdo gothito hoy?,নিরাকার,nirakaro,নিঃআকার,nihakaro,fabricated,bnp_028527,,
pilot_000460,has_context,law,low,"১৭৯৩ সালের ১৪ নং রেগুলেশনে বিধান করা হয়েছিল যে, রাজস্ব পরিশোধে অক্ষম জমিদারদের জমি প্রকাশ্য নিলামে বিক্রয় করে জমিদারদের বকেয়া রাজস্ব আদায় করা হবে।","1793 saler 14 nong reguleshone bidhano kora hoyechhilo je, rajosbo porishodhe okshomo jomidarodero jomi prokashjo nilame bikroyo kore jomidarodero bokeya rajosbo adayo kora hbe.","প্রদত্ত প্রসঙ্গ অনুযায়ী রাজস্ব বিক্রয় আইন, ১৭৯৩ সম্পর্কে কী তথ্য দেওয়া হয়েছে?","prodotto prosongo onujayi rajosbo bikroyo ain, 1793 somporke ki tothjo deoya hoise?","১৭৯৩ সালের ১৪ নং রেগুলেশনে বিধান করা হয়েছিল যে, রাজস্ব পরিশোধে অক্ষম জমিদারদের জমি প্রকাশ্য নিলামে বিক্রয় করে জমিদারদের বকেয়া রাজস্ব আদায় করা হবে।","1793 shaler 14 nong reguleshone bidhano kora hoyechhilo je, rajosbo porishodhe okshomo jomidarodero jomi prokashjo nilame bikroyo kore jomidarodero bokeya rajosbo adayo kora hobe.","১৭৯৩ সালের ১৪ নং রেগুলেশনে বিধান করা হয়েছিল যে, রাজস্ব পরিশোধে অক্ষম রায়তদের জমি প্রকাশ্য নিলামে বিক্রয় করে জমিদারদের বকেয়া রাজস্ব আদায় করা হবে।","1793 saler 14 nong reguleshone bidhano kora hoyechhilo je, rajosbo porishodhe okshomo rayotodero jomi prokashjo nilame bikroyo kore jomidarodero bokeya rajosbo adayo kora hobe.",numeric,bnp_028648,,
pilot_000461,has_context,others,low,"Values বা মূল্যবোধ হলো ব্যক্তি ও সমাজের গ্রহণযোগ্য নীতি, বিশ্বাস ও মানদণ্ড, যা মানুষের আচরণ ও সিদ্ধান্তকে দিকনির্দেশ করে। এটি কেবল প্রাতিষ্ঠানিক কাজের মধ্যে সীমাবদ্ধ নয়।","values ba muljobodho holo bjokti o somajero grohonojogjo niti, bishbaso o manodondo, ja manushero achorono o siddhantoke dikonirdesho kore. eti kebolo pratishthaniko kajero moddhe simaboddho noyo.",মূল্যবোধ (Values) কী?,muljobodho (values) kii?,"মানুষের আচরণ পরিচালনাকারী নীতি, বিশ্বাস ও মানদণ্ড।","manushero achorono porichalonakari niti, bishbaso o manodondo.",শুধু মানুষের প্রাতিষ্ঠানিক কার্যাদি নির্ধারণের নির্দেশনা।,shudhu manushero pratishthaniko karjadi nirdharonero nirdeshona.,relational,bnp_028721,,
pilot_000462,no_context,grammar,low,,,সন্ধির বিসর্গ লোপ হয় কোন সন্ধিটিতে?,sondhiro bisorgo lopo hoi kon sondhitite?,শিরঃ + ছেদ,shiroh + chhedo,শিরঃ + পীড়া,shiroh + pira,fabricated,bnp_028809,,
pilot_000463,no_context,idiom_meaning,low,,,"""নাক সিঁটকানো"" এর ভাবার্থ কী?","""nako sitokano"" er bhabartho kii?",ঘৃণায় অবজ্ঞা প্রকাশ করা,ghrinayo obojna prokasho kora,কৃত্রিম হাসি,kritrimo hasi,fabricated,bnp_028967,,
pilot_000464,no_context,science,low,,,পারমাণবিক দুর্ঘটনার ক্ষতিপূরণ হিসেবে যুক্তরাষ্ট্র কত অর্থ দেয়?,paromanobiko durghotonaro kshotipurono hisebe juktorashtro koto orth deyo?,$১.২ বিলিয়ন ডলারেরও অধিক,$1.2 biliyono dolareroo odhiko,মাত্র ১৫ টাকা,matro 15 taka,fabricated,bnp_028969,,
pilot_000465,no_context,mathematics,low,,,"জিনিয়া কিছু গার্ল স্কাউট কুকি বিক্রি করতে চায় এবং দেখার জন্য দুটি পাড়ার পছন্দ আছে। আশেপাশের ক-এর ১০টি বাড়ি রয়েছে যেগুলি প্রত্যেকে ২টি বাক্স কুকিজ কিনবে৷ নেবারহুড খ -তে ৫টি বাড়ি রয়েছে, যার প্রতিটিতে ৫টি বাক্স কুকিজ কিনবে৷ কুকিজের প্রতিটি বক্সের দাম ৳২, অনুমান করে দুটি আশেপাশের সেরা পছন্দের জন্য জিনিয়া কতটা করবে?","jiniya kichhu garlo skauto kuki bikri korte chayo ebng dekharo jonno duti pararo pochhondo asche. ashepashero ko-er 10ta bari royeche jeguli protjeke 2ta bakso kukijo kinobe. nebarohudo kho -te 5ta bari royeche, jaro protitite 5ta bakso kukijo kinobe. kukijero protiti boksero dam tk2, onumano kore duti ashepashero sera pochhondero jnno jiniya kotota korobe?",৫০,50,২৫,25,fabricated,bnp_029281,,
pilot_000466,no_context,bcs,low,,,'গীতগোবিন্দ' কাব্যের রচয়িতা জয়দেব কার সভাকবি ছিলেন?,'gitogobindo' kabjero rochoyita joyodebo karo sobhakobi chhileno?,লক্ষ্মণ সেনের,lokshmono senero,শশাঙ্কদেবের,shoshangkodebero,fabricated,bnp_029435,,
pilot_000467,has_context,law,low,"রাজ্যসভায় যাঁদেরকে মনোনীত করা হবে, তাঁদের মানের দিকটি বিবেচনা করার জন্য উপ-রাষ্ট্রপতি আহ্বান জানান।","rajjosobhayo jaderoke mononito kora hbe, tadero manero dikoti bibechona koraro jonno upo-rastropoti ahbano janano.",প্রদত্ত প্রসঙ্গ অনুযায়ী ভারতীয় রাষ্ট্রব্যবস্থায় রাজ্যসভার ভূমিকা সম্পর্কে কী তথ্য দেওয়া হয়েছে?,prodotto prosngo onujayi bharotiyo rashtrobjobosthayo rajjosobharo bhumika somporke kii tothjo deoya hoise?,"রাজ্যসভায় যাঁদেরকে মনোনীত করা হবে, তাঁদের মানের দিকটি বিবেচনা করার জন্য উপ-রাষ্ট্রপতি আহ্বান জানান।","rajjosobhayo jaderoke mononito kora hobe, tadero manero dikoti bibechona koraro jonno upo-rashtropoti ahbano janano.","লোকসভায় যাঁদেরকে মনোনীত করা হবে, তাঁদের মানের দিকটি বিবেচনা করার জন্য উপ-রাষ্ট্রপতি আহ্বান জানান।","lokosobhayo jaderoke mononito kora hobe, tadero manero dikoti bibechona koraro jnno upo-rastropoti ahbano janano.",relational,bnp_029502,,
pilot_000468,has_context,others,low,পদ্মা বহুমুখী সেতুর মোট দৈর্ঘ্য ৬.১৫ কিলোমিটার। এর ওপরের তলায় সড়ক এবং নিচের তলায় রেলপথ রয়েছে।,podma bohumukhi seturo mot doirghjo 6.15 kilomitaro. er oporero tolayo soroko ebong nichero tolayo relopotho royeche.,পদ্মা সেতু কী ধরনের যোগাযোগ বহন করে?,podma setu ki dhoronero jogajogo bohono kore?,সড়ক ও রেল—উভয় যোগাযোগ।,soroko o relo—ubhoyo jogajogo.,শুধু সড়ক যোগাযোগ।,shudhu soroko jogajogo.,relational,bnp_029589,,
pilot_000469,has_context,history,low,"এডওয়ার্ড ওয়েনরাইট (৮ এপ্রিল ১৮৬৫ – ২৮ অক্টোবর ১৯১৯) ছিলেন একজন ইংরেজ প্রথম-শ্রেণীর ক্রিকেটার, যিনি ১৮৮৮ থেকে ১৯০২ সালের মধ্যে ইয়র্কশায়ার কাউন্টি ক্রিকেট ক্লাবের হয়ে ৩৫২টি প্রথম-শ্রেণীর ম্যাচ খেলেছেন। একজন অলরাউন্ডার হিসেবে, ওয়েনরাইট কাউন্টি চ্যাম্পিয়নশিপ ক্রিকেটের শুরুর বছরগুলিতে লর্ড হকের অধিনায়কত্বে কাউন্টিটিকে শীর্ষস্থানে প্রতিষ্ঠা করতে সাহায্য করেছিলেন।","edooyardo oyenoraito (8 eprilo 1865 – 28 oktoboro 1919) chhileno ekojono ingrejo prthom-shreniro kriketaro, jini 1888 theke 1902 shaler moddhe iyorkoshayaro kaunti kriketo klabero hoye 352ta prthom-shreniro mjacho khelechheno. ekojono oloraundaro hisebe, oyenoraito kaunti chjampiyonoshipo kriketero shururo bochhorogulite lordo hokero odhinayokotbe kauntitike shirshosthane protishtha korte sahajjo korechhileno.",এডওয়ার্ড ওয়েইনরাইটের জন্ম ও মৃত্যু তারিখ কী?,edooyardo oyeinoraitero jonmo o mritju tarikh ki?,৮ এপ্রিল ১৮৬৫ – ২৮ অক্টোবর ১৯১৯,8 eprilo 1865 – 28 oktoboro 1919,৯ এপ্রিল ১৮৬৫ – ২৮ অক্টোবর ১৯১৯,9 eprilo 1865 – 28 oktoboro 1919,numeric,bnp_029595,,
pilot_000470,has_context,history,low,চট্টগ্রাম বিশ্ববিদ্যালয় জার্নাল বিশ্ববিদ্যালয়ের যে কোন গবেষণাপত্র প্রকাশের উন্মুক্ত সাধারণ মাধ্যম। পূর্বে এর নাম ছিল চট্টগ্রাম বিশ্ববিদ্যালয় স্টাডিজ।,chottogramo bishbobidjaloyo jarnalo bishbobidjaloyero je kon gobeshonapotro prokashero unmukto sadharono madhjomo. purbe er nam chilo chottogramo bishbobidjaloyo stadijo.,চট্টগ্রাম বিশ্ববিদ্যালয় জার্নালের পূর্ব নাম কী ছিল?,chottogramo bishbobidjaloyo jarnalero purbo nam ki chilo?,চট্টগ্রাম বিশ্ববিদ্যালয় স্টাডিজ,chottogramo bishbobidjaloyo stadijo,চট্টগ্রাম বিশ্ববিদ্যালয় রিভিউ,chottogramo bishbobidjaloyo ribhiu,relational,bnp_029622,,
pilot_000471,has_context,law,low,"সংসদ আইনের দ্বারা ঘোষণা করতে পারবে যে, এই অনুচ্ছেদের বিধানসমূহ হাইকোর্ট বিভাগের প্রসঙ্গে যেরূপ প্রযোজ্য, অন্য কোন আদালত বা ট্রাইব্যুনালের ক্ষেত্রেও তাহা সেইরূপ প্রযোজ্য।","songsodo ainero dbara ghoshona korte parobe je, ei onuchchhedero bidhanosomuho haikorto bibhagero prosongge jerupo projojjo, onjo kon adaloto ba traibjunalero kshetreo taha seirupo projojjo.",প্রদত্ত প্রসঙ্গ অনুযায়ী বাংলাদেশের আদালতের এখতিয়ার সম্পর্কে কী তথ্য দেওয়া হয়েছে?,prodotto prosongo onujayi bangladesher adalotero ekhotiyaro somporke kii tothjo deoya hoise?,"সংসদ আইনের দ্বারা ঘোষণা করতে পারবে যে, এই অনুচ্ছেদের বিধানসমূহ হাইকোর্ট বিভাগের প্রসঙ্গে যেরূপ প্রযোজ্য, অন্য কোন আদালত বা ট্রাইব্যুনালের ক্ষেত্রেও তাহা সেইরূপ প্রযোজ্য।","songsodo ainero dbara ghoshona korte parobe je, ei onuchchhedero bidhanosomuho haikorto bibhagero prosongge jerupo projojjo, onjo kon adaloto ba traibjunalero kshetreo taha seirupo projojjo.","সংসদ আইনের দ্বারা ঘোষণা করতে পারবে যে, এই অনুচ্ছেদের বিধানসমূহ আপিল বিভাগের প্রসঙ্গে যেরূপ প্রযোজ্য, অন্য কোন আদালত বা ট্রাইব্যুনালের ক্ষেত্রেও তাহা সেইরূপ প্রযোজ্য।","songsodo ainero dbara ghoshona korte parobe je, ei onuchchhedero bidhanosomuho apilo bibhagero prosongge jerupo projojjo, onjo kon adaloto ba traibjunalero kshetreo taha seirupo projojjo.",relational,bnp_029777,,
pilot_000472,has_context,law,low,ইউনিয়ন পরিষদ ১ (এক) জন চেয়ারম্যান ও ১২ (বার) জন সদস্য লইয়া গঠিত হইবে যাহাদের ৯ (নয়) জন সাধারণ আসনের সদস্য ও ৩ (তিন) জন সংরক্ষিত আসনের সদস্য হইবেন।,iuniyono porishodo 1 (eko) jon cheyaromjano o 12 (baro) jon sodosjo loiya gothito hoibe jahadero 9 (noyo) jon sadharono asonero sodosjo o 3 (tino) jon songrokshito asonero sodosjo hoibeno.,"প্রদত্ত প্রসঙ্গ অনুযায়ী স্থানীয় সরকার (ইউনিয়ন পরিষদ) আইন, ২০০৯-এর ধারা ১০ সম্পর্কে কী বলা হয়েছে?","prodotto prosngo onujayi sthaniyo shorkar (iuniyono porishodo) ain, 2009-er dhara 10 somporke kii bola hoyeche?",ইউনিয়ন পরিষদ ১ (এক) জন চেয়ারম্যান ও ১২ (বার) জন সদস্য লইয়া গঠিত হইবে যাহাদের ৯ (নয়) জন সাধারণ আসনের সদস্য ও ৩ (তিন) জন সংরক্ষিত আসনের সদস্য হইবেন।,iuniyono porishodo 1 (eko) jon cheyaromjano o 12 (baro) jon sodosjo loiya gothito hoibe jahadero 9 (noyo) jon sadharono asonero sodosjo o 3 (tino) jon songrokshito asonero sodosjo hoibeno.,উপজেলা পরিষদ ১ (এক) জন চেয়ারম্যান ও ১২ (বার) জন সদস্য লইয়া গঠিত হইবে যাহাদের ৯ (নয়) জন সাধারণ আসনের সদস্য ও ৩ (তিন) জন সংরক্ষিত আসনের সদস্য হইবেন।,upojela porishodo 1 (eko) jon cheyaromjano o 12 (baro) jon sodosjo loiya gothito hoibe jahadero 9 (noyo) jon sadharono asonero sodosjo o 3 (tino) jon songrokshito asonero sodosjo hoibeno.,numeric,bnp_029916,,
pilot_000473,has_context,history,low,অষ্টাদশ শতাব্দীর মাঝামাঝি সময়ে জালালপুর পরগনার জমিদার শেখ ইনায়েতউল্লাহ আহসান মঞ্জিলের বর্তমান স্থানে রংমহল নামে একটি প্রমোদভবন তৈরি করেন। পরবর্তীতে তার পুত্র শেখ মতিউল্লাহ রংমহলটি ফরাসি বণিকদের কাছে বিক্রি করে দেন। বাণিজ্য কুঠি হিসাবে এটি দীর্ঘদিন পরিচিত ছিল। এরপরে ১৮৩০-এ বেগমবাজারে বসবাসকারী নওয়াব আবদুল গনির পিতা খাজা আলীমুল্লাহ এটি ক্রয় করে বসবাস শুরু করেন। এই বাসভবনকে কেন্দ্র করে খাজা আবদুল গনি মার্টিন অ্যান্ড কোম্পানী নামক একটি ইউরোপীয় নির্মাণ ও প্রকৌশল-প্রতিষ্ঠানকে দিয়ে একটি মাস্টারপ্ল্যান তৈরী করান।,oshtadosho shotabdiro majhamajhi somoye jalalopuro porogonaro jomidaro shekho inayetoullaho ahosano monjilero bortomano sthane rongmoholo name ekta promodobhobono toiri koren. porobortite tar putro shekho motiullaho rongmoholoti forasi bonikodero kase bikri kore deno. banijjo kuthi hisabe eti dirghodino porichito chilo. eropore 1830-e begomobajare bosobasokari nooyabo abodulo goniro pita khaja alimullaho eti kroyo kore bosobaso shuru koren. ei basobhobonoke kendro kore khaja abodulo goni martino ojando kompani namoko ekta iuropiyo nirmano o prokousholo-protishthanoke diye ekti mastaropljano toiri korano.,মার্টিন অ্যান্ড কোম্পানী কোন ধরনের প্রতিষ্ঠান ছিল?,martino ojando kompani kon dhoronero protishthano silo?,ইউরোপীয় নির্মাণ ও প্রকৌশল প্রতিষ্ঠান,iuropiyo nirmano o prokousholo protishthano,ইউরোপীয় নির্মাণ ও প্রকৌশল প্রতিষ্ঠাণ,iuropiyo nirmano o prokousholo protishthano,relational,bnp_029976,,
pilot_000474,has_context,law,low,১৭৫৭ সালের পলাশীর যুদ্ধের পর ভারতে ব্রিটিশ শাসনের নতুন পর্যায় শুরু হয়।,1757 saler polashiro juddhero poro bharote britisho shasonero notuno porjayo shuru hoy.,প্রদত্ত প্রসঙ্গ অনুযায়ী বাংলাদেশের বিচারব্যবস্থার ঐতিহাসিক বিকাশ সম্পর্কে কী বলা হয়েছে?,prodotto prosngo onujayi bangladesher bicharobjobostharo oitihasiko bikasho somporke kii bola hoise?,১৭৫৭ সালের পলাশীর যুদ্ধের পর ভারতে ব্রিটিশ শাসনের নতুন পর্যায় শুরু হয়।,1757 shaler polashiro juddhero poro bharote britisho shasonero notuno porjayo shuru hoy.,১৭৫৮ সালের পলাশীর যুদ্ধের পর ভারতে ব্রিটিশ শাসনের নতুন পর্যায় শুরু হয়।,1758 saler polashiro juddhero poro bharote britisho shasonero notuno porjayo shuru hoy.,numeric,bnp_030101,,
pilot_000475,no_context,mathematics,low,,,আজ স্কুলের প্রথম শ্রেনীর ৩০ জন ও দ্বিতীয় শ্রেনীর ৪০ জন এসেছে। আজ ওই দুই শ্রেনীতে মোট কতজন এসেছে?​,ajo skulero prothom shreniro 30 jon o dbitiyo shreniro 40 jon esechhe. ajo oi dui shrenite mott kotojono esechhe?​,70,70,35,35,fabricated,bnp_030109,,
pilot_000476,has_context,history,low,দাদার মৃত্যুর পরে তার চাচা আবু তালিবের আশ্রয়ে বড় হন।[১০],dadaro mritjuro pore tar chacha abu talibero ashroye boro hono.[10],দাদার মৃত্যুর পর মুহাম্মাদ কার আশ্রয়ে বড় হন?,dadaro mritjuro poro muhammado karo ashroye boro hono?,তার চাচা আবু তালিবের আশ্রয়ে,tar chacha abu talibero ashroye,তার চাচা আব্বাসের আশ্রয়ে,tar chacha abbasero ashroye,relational,bnp_030201,,
pilot_000477,no_context,science,low,,,কোন মোবাইল ফোন কোম্পানি সর্বপ্রথম বাংলাদেশে আসে?,kon mobailo fono kompani sorboprothomo bangladeshe ase?,সিটিসেল,sitiselo,Vital Information Resources Under Seize,vital information resources under seize,fabricated,bnp_030247,,
pilot_000478,no_context,science,low,,,ফটোশপ ২.৫ কবে মুক্তি পায়?,fotoshopo 2.5 kobe mukti payo?,১৯৯০ সালের নভেম্বর মাসে,1990 saler nobhemboro mase,১৫৪৩ সালে,1543 sale,fabricated,bnp_030324,,
pilot_000479,no_context,mathematics,low,,,আমার বাড়িতে ছোট কুকুর আছে ও প্রতিদিন ২০ গ্রাম ভাত খায়।তাহলে কুকুরটি ১মাস এ কত গ্রাম  ভাত খায়?,amaro barite chhoto kukuro asche o protidino 20 gramo bhato khayo.tahle kukuroti 1mash e koto gramo  bhato khayo?,600,600,300,300,fabricated,bnp_030334,,
pilot_000480,has_context,history,low,"উইন্ডোজে ইউনিকোড ভিত্তিক বাংলা লেখার জন্য ২০০৩ সালের ২৬শে মার্চ অভ্র কিবোর্ড সফটওয়্যারটি আবির্ভূত হয়। এর সাহায্যে বাংলা লিপি ব্যবহার করে এমন সব ভাষাতেই টাইপ করা যায়, এ ধরনের ভাষার মধ্যে অসমীয়া ভাষা অন্যতম। মেহদী হাসান খান ময়মনসিংহ মেডিকেল কলেজের একজন ছাত্র থাকাকালীন ২০০৩ সালে অভ্র কিবোর্ড তৈরির কাজ শুরু করেন।","uindoje iunikodo bhittiko bangla lekharo jonno 2003 shaler 26she marcho obhro kibordo sofotooyjaroti abirbhuto hoi. er sahajje bangla lipi bjoboharo kore emono sobo bhashatei taipo kora jayo, e dhoronero bhasharo moddhe osomiya bhasha onjotomo. mehodi hasano khano moyomonosingho medikelo kolejero ekojono chhatro thakakalino 2003 shale obhro kibordo toiriro kajo shuru korn.",অভ্র কিবোর্ডের মূল উদ্ভাবক কে?,obhro kibordero mulo udbhaboko ke?,মেহদী হাসান খান,mehodi hasano khano,মেহদী হাসান খাণ,mehodi hasano khano,relational,bnp_030405,,
pilot_000481,no_context,grammar,low,,,‘মহা’ ও ‘উৎসব’ শব্দ দুটির সন্ধিতে কোন শব্দ গঠিত হয়?,‘moha’ o ‘utosobo’ shobdo dutiro sondhite kon shobdo gothito hoi?,মহোৎসব,mohotosobo,মহাউৎসব,mohautosobo,fabricated,bnp_030609,,
pilot_000482,no_context,science,low,,,রাধা গোবিন্দ চন্দ্র তার নোভা আবিষ্কার কোন মানমন্দিরে জানান?,radha gobindo chondro tar nobha abishkaro kon manomondire janano?,হাভার্ড মানমন্দির,habhardo manomondiro,হার্ভার্ড মার্ক ২,harbhardo marko 2,fabricated,bnp_030940,,
pilot_000483,has_context,history,low,২৩ জুন ১৯৪৯ : ... মজলুম জননেতা মাওলানা আব্দুল হামিদ খান ভাসানীর নেতৃত্বে গঠিত হয় আওয়ামী মুসলিম লীগ। এর প্রতিষ্ঠাতা সাধারণ সম্পাদক ছিলেন শামসুল হক (টাঙ্গাইল)।,23 juno 1949 : ... mojolumo jononeta maolana abdulo hamido khano bhasaniro netritbe gothito hoy aoyami musolimo ligo. er protishthata sadharono sompadoko chhileno shamosulo hoko (tanggailo).,আওয়ামী মুসলিম লীগ কবে গঠিত হয়?,aoyami musolimo ligo kobe gothito hoy?,২৩ জুন ১৯৪৯,23 juno 1949,২৩ জুলাই ১৯৪৯,23 julai 1949,numeric,bnp_031175,,
pilot_000484,no_context,bcs,low,,,২০২২-২৩ অর্থবছরে বাংলাদেশ কোন দেশ থেকে পণ্য রপ্তানি বাবদ সবচেয়ে বেশি আয় করেছে?,2022-23 orthobochhore bangladesh kon desho theke ponjo roptani babodo sobocheye beshi ayo korechhe?,যুক্তরাষ্ট্র,juktorashtro,যুক্তরাজ্য,juktorajjo,fabricated,bnp_031209,,
pilot_000485,no_context,idiom_meaning,low,,,"""ঝাঁকের কই"" এর ভাবার্থ কী?","""jhakero koi"" er bhabartho kii?",একই দলের লোক,ekoi dolero loko,আদরের ধন,adorero dhono,fabricated,bnp_031222,,
pilot_000486,no_context,mathematics,low,,,বইমেলায় নিয়ে যাওয়ার জন্য সেলিম এর  কাছে ৳২০ ছিল। তিনি একটি বই ৮ টাকায় এবং অন্যটি ৪ টাকায় কিনেছিলেন। তিনি তার অবশিষ্ট টাকা দিয়ে যতটা সম্ভব ৪ টাকা মূল্যের পোস্টার কেনার সিদ্ধান্ত নিয়েছে। তিনি কতগুলো পোস্টার কিনতে পারেন?,boimelayo niye jaoyaro jnno selimo er  kase tk20 chilo. tini ekta boi 8 takayo ebng onjoti 4 takayo kinechhileno. tini tar oboshishto taka diye jotota sombhobo 4 taka muljero postaro kenaro siddhanto niyechhe. tini kotogulo postaro kinote pareno?,২,2,৫,5,fabricated,bnp_031230,,
pilot_000487,has_context,others,low,রবীন্দ্রনাথ ঠাকুরের ‘গীতাঞ্জলি’র ইংরেজি সংস্করণের ভূমিকা ও সম্পাদনায় আইরিশ কবি ডব্লিউ. বি. ইয়েটস গুরুত্বপূর্ণ ভূমিকা রাখেন। বাংলা ‘গীতাঞ্জলি’ প্রকাশিত হয় ১৯১০ সালে।,robindronatho thakurero ‘gitanjoli’ro ingreji songskoronero bhumika o sompadonayo airisho kobi dobliu. bi. iyetoso gurutbopurno bhumika rakheno. bangla ‘gitanjoli’ prokashito hoi 1910 sale.,বাংলা ‘গীতাঞ্জলি’ কত সালে প্রকাশিত হয়?,bangla ‘gitanjoli’ koto sale prokashito hoy?,১৯১০ সালে।,1910 shale.,১৯১২ সালে।,1912 shale.,numeric,bnp_031237,,
pilot_000488,has_context,law,low,রায়তদের নিকট থেকে খাজনা বা কর আদায়ের জন্য জমিদারগণ ছিলেন রাষ্ট্র কর্তৃক নিয়োজিত এজেন্ট বা প্রতিনিধি মাত্র।,rayotodero nikoto theke khajona ba koro adayero jonno jomidarogono chhileno rashtro kortriko niyojito ejento ba protinidhi matro.,"প্রদত্ত প্রসঙ্গ অনুযায়ী রাজস্ব বিক্রয় আইন, ১৭৯৩ সম্পর্কে কী তথ্য দেওয়া হয়েছে?","prodotto prosngo onujayi rajosbo bikroyo ain, 1793 somporke ki tothjo deoya hoise?",রায়তদের নিকট থেকে খাজনা বা কর আদায়ের জন্য জমিদারগণ ছিলেন রাষ্ট্র কর্তৃক নিয়োজিত এজেন্ট বা প্রতিনিধি মাত্র।,rayotodero nikoto theke khajona ba koro adayero jonno jomidarogono chhileno rashtro kortriko niyojito ejento ba protinidhi matro.,নীলকরদের নিকট থেকে খাজনা বা কর আদায়ের জন্য জমিদারগণ ছিলেন রাষ্ট্র কর্তৃক নিয়োজিত এজেন্ট বা প্রতিনিধি মাত্র।,nilokorodero nikoto theke khajona ba koro adayero jnno jomidarogono chhileno rashtro kortriko niyojito ejento ba protinidhi matro.,relational,bnp_031323,,
pilot_000489,has_context,law,low,"ইন্ডিয়ান হাই কোর্টস অ্যাক্ট, ১৮৬১ প্রেসিডেন্সি শহরগুলোর পৃথক আদালতব্যবস্থার পরিবর্তে হাই কোর্ট প্রতিষ্ঠা করে।","indiyano hai kortoso ojakto, 1861 presidensi shohoroguloro prithoko adalotobjobostharo poriborte hai korto protishtha kore.",প্রদত্ত প্রসঙ্গ অনুযায়ী বাংলাদেশের বিচারব্যবস্থার ঐতিহাসিক বিকাশ সম্পর্কে কী বলা হয়েছে?,prodotto prosongo anujayi bangladesher bicharobjobostharo oitihasiko bikasho somporke ki bola hoyeche?,"ইন্ডিয়ান হাই কোর্টস অ্যাক্ট, ১৮৬১ প্রেসিডেন্সি শহরগুলোর পৃথক আদালতব্যবস্থার পরিবর্তে হাই কোর্ট প্রতিষ্ঠা করে।","indiyano hai kortoso ojakto, 1861 presidensi shohoroguloro prithoko adalotobjobostharo poriborte hai korto protishtha kore.","ইন্ডিয়ান হাই কোর্টস অ্যাক্ট, ১৮৬২ প্রেসিডেন্সি শহরগুলোর পৃথক আদালতব্যবস্থার পরিবর্তে হাই কোর্ট প্রতিষ্ঠা করে।","indiyano hai kortoso ojakto, 1862 presidensi shohoroguloro prithoko adalotobjobostharo poriborte hai korto protishtha kore.",numeric,bnp_031333,,
pilot_000490,has_context,history,low,সাকিব ও শফিউল ৫টি করে উইকেট নিয়ে যৌথভাবে বাংলাদেশের সর্বোচ্চ উইকেট শিকারী হন এশিয়া কাপ ২০১০ এ। এশিয়া কাপ ২০১২ এ বাংলাদেশ ফাইনাল খেলার যোগ্যতা অর্জন করে পাকিস্তানের বিপক্ষে। চূড়ান্ত খেলায় বাংলাদেশ মাত্র ২ রানে হেরে যায়।,sakibo o shofiulo 5ta kore uiketo niye jouthobhabe bangladesher sorbochcho uiketo shikari hono eshiya kapo 2010 e. eshiya kapo 2012 e bangladesh fainalo khelaro jogjota orjono kore pakistanero bipokshe. churanto khelayo bangladesh matro 2 rane here jayo.,২০১২ এশিয়া কাপের ফাইনালে বাংলাদেশ কোন দেশের কাছে হেরে যায় ও কত রানে?,2012 eshiya kapero fainale bangladesh kon deshero kase here jayo o koto rane?,পাকিস্তানের কাছে মাত্র ২ রানে,pakistanero kache matro 2 rane,পাকিস্তানের কাছে মাত্র ৩ রানে,pakistanero kache matro 3 rane,numeric,bnp_031441,,
pilot_000491,has_context,law,low,"সামাজিক অসন্তোষ ও দ্বন্দ্বসংঘাত, ক্রম অবনতিশীল আইন-শৃঙ্খলা পরিস্থিতি, এবং সর্বোপরি এসব কারণে সরকারি রাজস্ব আদায়ে অনিশ্চয়তা দেখা দিলে ১৭৯৯ সালে সরকার রাজস্ব বিক্রয় আইন সংশোধন করতে বাধ্য হয়।","samajiko osontosho o dbondbosongghato, kromo obonotishilo ain-shringkhola poristhiti, ebng sorbopori esobo karone sorokari rajosbo adaye onishchoyota dekha dile 1799 sale shorkar rajosbo bikroyo ain songshodhono korte badhjo hoi.","প্রদত্ত প্রসঙ্গ অনুযায়ী রাজস্ব বিক্রয় আইন, ১৭৯৩ সম্পর্কে কী তথ্য দেওয়া হয়েছে?","prodotto prosongo anujayi rajosbo bikroyo ain, 1793 somporke ki tothjo deoya hoyeche?","সামাজিক অসন্তোষ ও দ্বন্দ্বসংঘাত, ক্রম অবনতিশীল আইন-শৃঙ্খলা পরিস্থিতি, এবং সর্বোপরি এসব কারণে সরকারি রাজস্ব আদায়ে অনিশ্চয়তা দেখা দিলে ১৭৯৯ সালে সরকার রাজস্ব বিক্রয় আইন সংশোধন করতে বাধ্য হয়।","samajiko osontosho o dbondbosongghato, kromo obonotishilo ain-shringkhola poristhiti, ebng sorbopori esobo karone sorokari rajosbo adaye onishchoyota dekha dile 1799 sale shorkar rajosbo bikroyo ain songshodhono korte badhjo hoi.","সামাজিক অসন্তোষ ও দ্বন্দ্বসংঘাত, ক্রম অবনতিশীল আইন-শৃঙ্খলা পরিস্থিতি, এবং সর্বোপরি এসব কারণে সরকারি রাজস্ব আদায়ে অনিশ্চয়তা দেখা দিলে ১৮০০ সালে সরকার রাজস্ব বিক্রয় আইন সংশোধন করতে বাধ্য হয়।","samajiko osontosho o dbondbosongghato, kromo obonotishilo ain-shringkhola poristhiti, ebng sorbopori esobo karone sorokari rajosbo adaye onishchoyota dekha dile 1800 sale shorkar rajosbo bikroyo ain songshodhono korte badhjo hoi.",numeric,bnp_031449,,
pilot_000492,no_context,science,low,,,আমেরিকার এক সমীক্ষা অনুযায়ী কোন ইঞ্জিনিয়ারদের পর সিভিল ইঞ্জিনিয়ারদের গড় বেতন সবচেয়ে বেশি?,amerikaro eko somiksha anujayi kon injiniyarodero poro sibhilo injiniyarodero goro betono sobocheye beshi?,কেমিক্যাল ইঞ্জিনিয়ার,kemikjalo injiniyaro,ব্যাকটেরিওফাজ এমএস২ এর কোট প্রোটিন,bjakoteriofajo emoeso2 er koto protino,fabricated,bnp_031706,,
pilot_000493,no_context,mathematics,low,,,উর্মিলা একটি মার্কেটিং ফার্মে কাজ করছে। তিনি একটি ৩০-সেকেন্ড দীর্ঘ বাণিজ্যিক বিজ্ঞাপন তৈরি করেছেন। তার বস তাকে বলেছিলেন যে এই বিজ্ঞাপনটি প্রচারের জন্য খুব দীর্ঘ এবং তাকে ৩০% দ্বারা বিজ্ঞাপনটি ছোট করতে বলেছিল। উর্মিলা পছন্দসই পরিবর্তন করার পরে এই বাণিজ্যিক বিজ্ঞাপন কতক্ষণ হবে?,urmila ekta marketing farme kajo korochhe. tini ekta 30-sekendo dirgho banijjiko bijnapono toiri korechheno. tar boso take bolechhileno je ei bijnaponoti procharero jonno khubo dirgho ebong take 30% dbara bijnaponoti chhoto korte bolechhilo. urmila pochhondosoi poribortono koraro pore ei banijjiko bijnapono kotokshono hbe?,২১,21,৪২,42,fabricated,bnp_031709,,
pilot_000494,no_context,mathematics,low,,,তোমার বাবা তোমাকে একটি নোট দিলেন । সেটি ভাঙিয়ে তুমি ৫টি দশ পয়সা ও ২ টি পঁচিশ পয়সা পেলে । নোটটি কত টাকার ছিল ?,tomaro baba tomake ekta noto dileno . seti bhangiye tumi 5ta dosho poyosa o 2 ta pochisho poyosa pele . nototi koto takaro chilo ?,100,100,83,83,fabricated,bnp_031715,,
pilot_000495,no_context,vocabulary,low,,,"""কেঁদে বাঁচা"" এর শাব্দিক অর্থ কী?","""kede bacha"" er shabdiko orth kii?",কেঁদে বেঁচে থাকা (crying to survive),kede beche thaka (crying to survive),কাউকে কোনোকিছু অনুভব করানো বা টের করানো,kauke konokichhu onubhobo korano ba tero korano,fabricated,bnp_031796,,
pilot_000496,has_context,others,low,অ্যালুমিনিয়াম ফেরোম্যাগনেটিক নয় এবং সাধারণ ব্যবহারে অ-চৌম্বক পদার্থ হিসেবে শ্রেণিবদ্ধ। লোহা ফেরোম্যাগনেটিক।,ojaluminiyamo feromjagonetiko noyo ebong sadharono bjobohare o-choumboko podartho hisebe shreniboddho. loha feromjagonetiko.,অ্যালুমিনিয়াম পদার্থটি অ-চৌম্বক পদার্থ?,ojaluminiyamo podarthoti o-choumboko podartho?,"হ্যাঁ, অ্যালুমিনিয়াম অ-চৌম্বক পদার্থ।","han, ojaluminiyamo o-choumboko podartho.","না, অ্যালুমিনিয়াম ফেরোম্যাগনেটিক।","na, ojaluminiyamo feromjagonetiko.",relational,bnp_031803,,
pilot_000497,has_context,others,low,"ভালো-মন্দ, ন্যায়-অন্যায় ও উচিত-অনুচিতের বিচার নৈতিক মূল্যবোধের অন্তর্ভুক্ত। অর্থনৈতিক মূল্যবোধ লাভ-ক্ষতি বা সম্পদ ব্যবহারের সঙ্গে সম্পর্কিত।","bhalo-mondo, njayo-onjayo o uchito-onuchitero bicharo noitiko muljobodhero ontorbhukto. orthonoitiko muljobodho labho-kshoti ba sompodo bjoboharero songge somporkito.",লাভ-ক্ষতির বিচার কোন ধরনের মূল্যবোধের সঙ্গে সম্পর্কিত?,labho-kshotiro bicharo kon dhoronero muljobodhero songge somporkito?,অর্থনৈতিক মূল্যবোধ।,orthonoitiko muljobodho.,নৈতিক মূল্যবোধ।,noitiko muljobodho.,relational,bnp_031851,,
pilot_000498,has_context,history,low,"পেপ্যালের বর্তমান প্রতিষ্টানের সৃষ্টি হয় ২০০০ সালে কনফিনিটি এবং এক্স ডট কমের একত্রীকরণের মাধ্যমে [10] ম্যাক্স লেভচিন, পিটার থিয়েল এবং লুক নসেক ১৯৯৮ সয়ালে কনফিনিটি স্থাপন করেন মূলত পাম পাইলটের আর্থিক লেনদেন সুবিধা ও গুপ্তসঙ্কেত সেবা প্রদানকারী প্রতিষ্ঠান হিসাবে।[11] এলন মাস্ক ১৯৯৯ সনে এক্স ডট কম চালু করেন অনলাইন আর্থিক প্রিষেবা প্রতিষ্ঠান হিসেবে। এক্স ডট কম ও কনফিনিটি উভয়েই ১৯৯৯ সনের শেষভাগে তাদের ওয়েবসাইট চালু করে [12] উভয় প্রতিষ্ঠানই পালো আলটোর ইউনিভার্সিটি এভিনিউতে অবস্থিত ছিল। কনফিনিটির ওয়েবসাইট পাম পাইলট থেকে পাঠানো অর্থপ্রদান মিলনসাধন করার ব্যাপারে প্রাথমিকভাবে ফোকাস করা হয়ে ছিল।[13] এবং এক্স ডট কম ওয়েবসাইটে একটি বৈশিষ্ট্য হিসেবে ই-মেল অর্থপ্রদানের সঙ্গে একটি বৈশিষ্ট্য হিসেবে ই-মেল অর্থপ্রদানের সঙ্গে আর্থিক পরিষেবা প্রাথমিকভাবে যুক্ত ছিল।","pepjalero bortomano protishtanero srishti hoi 2000 shale konofiniti ebong ekso doto komero ekotrikoronero madhjome [10] mjakso lebhochino, pitaro thiyelo ebong luko noseko 1998 soyale konofiniti sthapono koren muloto pamo pailotero arthiko lenodeno subidha o guptosongketo seba prodanokari protishthano hisabe.[11] elono masko 1999 sone ekso doto komo chalu koren onolaino arthiko prisheba protishthano hisebe. ekso doto komo o konofiniti ubhoyei 1999 sonero sheshobhage tader oyebosaito chalu kore [12] ubhoyo protishthanoi palo alotoro iunibharsiti ebhiniute obosthito chilo. konofinitiro oyebosaito pamo pailoto theke pathano orthoprodano milonosadhono koraro bjapare prathomikobhabe fokaso kora hoye chilo.[13] ebng ekso doto komo oyebosaite ekta boishishtjo hisebe i-melo orthoprodanero songge ekti boishishtjo hisebe i-melo orthoprodanero songge arthiko porisheba prathomikobhabe jukto chilo.",পেপ্যাল নামক ই-কমার্স প্রতিষ্ঠানটি কবে প্রতিষ্ঠিত হয় ?,pepjalo namoko i-komarso protishthanoti kobe protishthito hoy ?,২০০০ সালে,2000 shale,১৯৯৮ সালে,1998 sale,numeric,bnp_031936,,
pilot_000499,no_context,history,low,,,আহসান মঞ্জিলের নির্মাণ কাজ কত সালে শুরু হয়?,ahosano monjilero nirmano kajo koto shale shuru hoy?,১৮৫৯ খ্রিষ্টাব্দে,1859 khrishtabde,১৮৭২ খ্রিষ্টাব্দে,1872 khrishtabde,fabricated,bnp_031949,,
