item_id,split,record_id,pair_id,subject,condition,difficulty,existing_label,prefilled,blind_check
test_0001,test,bnp_020689_0,bnp_020689,bcs,no_context,easy,1,no,no
test_0002,test,bnp_018573_0,bnp_018573,history,has_context,easy,1,no,no
test_0003,test,bnp_018995_0,bnp_018995,law,has_context,easy,1,no,no
test_0004,test,bnp_024564_1,bnp_024564,reading_comprehension,has_context,easy,0,no,no
test_0005,test,bnp_013341_1,bnp_013341,literature,no_context,easy,0,no,no
test_0006,test,bnp_006857_1,bnp_006857,history,has_context,easy,0,no,no
test_0007,test,bnp_005067_1,bnp_005067,synonym,no_context,easy,0,no,no
test_0008,test,bnp_017104_1,bnp_017104,reading_comprehension,has_context,easy,0,no,no
test_0009,test,bnp_020161_1,bnp_020161,others,has_context,easy,0,no,no
test_0010,test,bnp_027846_1,bnp_027846,idiom_meaning,no_context,easy,0,no,no
test_0011,test,bnp_017007_1,bnp_017007,others,has_context,hard,0,no,no
test_0012,test,bnp_016921_0,bnp_016921,reading_comprehension,has_context,easy,1,no,no
test_0013,test,bnp_005134_0,bnp_005134,grammar,no_context,easy,1,no,no
test_0014,test,bnp_007086_0,bnp_007086,reading_comprehension,has_context,easy,1,no,no
test_0015,test,bnp_027462_0,bnp_027462,law,no_context,hard,1,no,no
test_0016,test,bnp_014315_1,bnp_014315,bcs,no_context,hard,0,no,no
test_0017,test,bnp_003470_1,bnp_003470,grammar,has_context,hard,0,no,no
test_0018,test,bnp_003697_0,bnp_003697,reading_comprehension,has_context,easy,1,no,no
test_0019,test,bnp_011310_0,bnp_011310,reading_comprehension,has_context,hard,1,no,no
test_0020,test,bnp_001233_0,bnp_001233,vocabulary,no_context,easy,1,no,no
test_0021,test,bnp_026266_1,bnp_026266,history,has_context,easy,0,no,no
test_0022,test,bnp_024204_1,bnp_024204,grammar,no_context,hard,0,no,no
test_0023,test,bnp_014730_0,bnp_014730,law,no_context,hard,1,no,no
test_0024,test,bnp_002420_1,bnp_002420,idiom_meaning,no_context,easy,0,no,no
test_0025,test,bnp_030207_1,bnp_030207,history,has_context,hard,0,no,no
test_0026,test,bnp_000537_1,bnp_000537,idiom_meaning,no_context,easy,0,no,no
test_0027,test,bnp_014917_1,bnp_014917,antonym,no_context,easy,0,no,no
test_0028,test,bnp_009760_0,bnp_009760,history,has_context,hard,1,no,no
test_0029,test,bnp_031770_0,bnp_031770,reading_comprehension,has_context,hard,1,no,no
test_0030,test,bnp_024592_1,bnp_024592,history,has_context,hard,0,no,no
test_0031,test,bnp_004272_0,bnp_004272,reading_comprehension,has_context,easy,1,no,no
test_0032,test,bnp_028303_1,bnp_028303,law,has_context,hard,0,no,no
test_0033,test,bnp_017710_1,bnp_017710,reading_comprehension,has_context,easy,0,no,no
test_0034,test,bnp_023371_0,bnp_023371,history,no_context,hard,1,no,no
test_0035,test,bnp_004733_0,bnp_004733,antonym,no_context,easy,1,no,no
test_0036,test,bnp_015200_0,bnp_015200,history,has_context,easy,1,no,no
test_0037,test,bnp_002452_0,bnp_002452,science,no_context,hard,1,no,no
test_0038,test,bnp_012316_1,bnp_012316,bcs,no_context,easy,0,no,no
test_0039,test,bnp_025869_0,bnp_025869,mathematics,no_context,easy,1,no,no
test_0040,test,bnp_021259_1,bnp_021259,history,has_context,hard,0,no,no
test_0041,test,bnp_005598_0,bnp_005598,grammar,no_context,easy,1,no,no
test_0042,test,bnp_011859_0,bnp_011859,bcs,no_context,easy,1,no,no
test_0043,test,bnp_023594_0,bnp_023594,reading_comprehension,has_context,easy,1,no,no
test_0044,test,bnp_018589_1,bnp_018589,literature,no_context,easy,0,no,no
test_0045,test,bnp_022080_1,bnp_022080,reading_comprehension,has_context,easy,0,no,no
test_0046,test,bnp_011183_1,bnp_011183,reading_comprehension,has_context,easy,0,no,no
test_0047,test,bnp_019825_0,bnp_019825,grammar,has_context,hard,1,no,no
test_0048,test,bnp_014371_1,bnp_014371,history,has_context,easy,0,no,no
test_0049,test,bnp_028014_0,bnp_028014,law,has_context,easy,1,no,no
test_0050,test,bnp_031459_0,bnp_031459,reading_comprehension,has_context,hard,1,no,no
test_0051,test,bnp_004537_1,bnp_004537,history,has_context,easy,0,no,no
test_0052,test,bnp_013666_1,bnp_013666,science,no_context,easy,0,no,no
test_0053,test,bnp_002834_0,bnp_002834,law,no_context,hard,1,no,no
test_0054,test,bnp_007861_1,bnp_007861,idiom_meaning,no_context,easy,0,no,no
test_0055,test,bnp_001560_0,bnp_001560,mathematics,no_context,easy,1,no,no
test_0056,test,bnp_001246_1,bnp_001246,law,no_context,hard,0,no,no
test_0057,test,bnp_012530_0,bnp_012530,reading_comprehension,has_context,easy,1,no,no
test_0058,test,bnp_006126_0,bnp_006126,mathematics,no_context,easy,1,no,no
test_0059,test,bnp_012154_0,bnp_012154,law,has_context,hard,1,no,no
test_0060,test,bnp_015910_0,bnp_015910,idiom_meaning,no_context,easy,1,no,no
test_0061,test,bnp_028614_1,bnp_028614,history,has_context,easy,0,no,no
test_0062,test,bnp_010542_0,bnp_010542,history,has_context,easy,1,no,no
test_0063,test,bnp_030401_0,bnp_030401,reading_comprehension,has_context,easy,1,no,no
test_0064,test,bnp_024825_0,bnp_024825,reading_comprehension,has_context,easy,1,no,no
test_0065,test,bnp_002555_1,bnp_002555,mathematics,no_context,easy,0,no,no
test_0066,test,bnp_028004_1,bnp_028004,reading_comprehension,has_context,easy,0,no,no
test_0067,test,bnp_008651_0,bnp_008651,grammar,has_context,hard,1,no,no
test_0068,test,bnp_031690_1,bnp_031690,mathematics,no_context,easy,0,no,no
test_0069,test,bnp_030715_1,bnp_030715,literature,no_context,easy,0,no,no
test_0070,test,bnp_002079_1,bnp_002079,law,has_context,easy,0,no,no
test_0071,test,bnp_017184_1,bnp_017184,history,has_context,hard,0,no,no
test_0072,test,bnp_008001_0,bnp_008001,synonym,no_context,easy,1,no,no
test_0073,test,bnp_010080_1,bnp_010080,reading_comprehension,has_context,easy,0,no,no
test_0074,test,bnp_015124_0,bnp_015124,science,no_context,easy,1,no,no
test_0075,test,bnp_017963_1,bnp_017963,reading_comprehension,has_context,easy,0,no,no
test_0076,test,bnp_030662_1,bnp_030662,idiom_meaning,no_context,easy,0,no,no
test_0077,test,bnp_017139_0,bnp_017139,history,has_context,hard,1,no,no
test_0078,test,bnp_006283_1,bnp_006283,bcs,no_context,easy,0,no,no
test_0079,test,bnp_009443_1,bnp_009443,history,no_context,easy,0,no,no
test_0080,test,bnp_009456_1,bnp_009456,history,has_context,easy,0,no,no
test_0081,test,bnp_008561_0,bnp_008561,law,has_context,hard,1,no,no
test_0082,test,bnp_028991_1,bnp_028991,reading_comprehension,has_context,easy,0,no,no
test_0083,test,bnp_025644_1,bnp_025644,literature,no_context,hard,0,no,no
test_0084,test,bnp_003215_0,bnp_003215,history,has_context,easy,1,no,no
test_0085,test,bnp_019444_0,bnp_019444,reading_comprehension,has_context,easy,1,no,no
test_0086,test,bnp_004289_0,bnp_004289,literature,no_context,hard,1,no,no
test_0087,test,bnp_007624_1,bnp_007624,reading_comprehension,has_context,easy,0,no,no
test_0088,test,bnp_024408_1,bnp_024408,reading_comprehension,has_context,easy,0,no,no
test_0089,test,bnp_031813_1,bnp_031813,reading_comprehension,has_context,easy,0,no,no
test_0090,test,bnp_022845_1,bnp_022845,literature,no_context,easy,0,no,no
test_0091,test,bnp_021499_0,bnp_021499,law,has_context,hard,1,no,no
test_0092,test,bnp_006334_1,bnp_006334,mathematics,no_context,easy,0,no,no
test_0093,test,bnp_003409_0,bnp_003409,antonym,no_context,easy,1,no,no
test_0094,test,bnp_019856_0,bnp_019856,bcs,no_context,easy,1,no,no
test_0095,test,bnp_001998_0,bnp_001998,reading_comprehension,has_context,easy,1,no,no
test_0096,test,bnp_015739_1,bnp_015739,literature,no_context,easy,0,no,no
test_0097,test,bnp_003324_0,bnp_003324,grammar,no_context,hard,1,no,no
test_0098,test,bnp_006382_1,bnp_006382,history,has_context,easy,0,no,no
test_0099,test,bnp_007319_1,bnp_007319,reading_comprehension,has_context,easy,0,no,no
test_0100,test,bnp_005580_1,bnp_005580,history,has_context,hard,0,no,no
test_0101,test,bnp_005047_0,bnp_005047,reading_comprehension,has_context,hard,1,no,no
test_0102,test,bnp_005919_1,bnp_005919,history,has_context,hard,0,no,no
test_0103,test,bnp_028715_1,bnp_028715,reading_comprehension,has_context,hard,0,no,no
test_0104,test,bnp_016528_1,bnp_016528,reading_comprehension,has_context,easy,0,no,no
test_0105,test,bnp_021163_0,bnp_021163,grammar,no_context,easy,1,no,no
test_0106,test,bnp_026025_0,bnp_026025,others,has_context,easy,1,no,no
test_0107,test,bnp_004986_1,bnp_004986,history,has_context,easy,0,no,no
test_0108,test,bnp_003648_1,bnp_003648,literature,no_context,easy,0,no,no
test_0109,test,bnp_010106_1,bnp_010106,mathematics,no_context,hard,0,no,no
test_0110,test,bnp_020157_0,bnp_020157,science,no_context,easy,1,no,no
test_0111,test,bnp_010362_0,bnp_010362,reading_comprehension,has_context,easy,1,no,no
test_0112,test,bnp_029089_1,bnp_029089,idiom_meaning,no_context,easy,0,no,no
test_0113,test,bnp_022828_1,bnp_022828,bcs,no_context,hard,0,no,no
test_0114,test,bnp_029535_0,bnp_029535,history,has_context,hard,1,no,no
test_0115,test,bnp_011634_1,bnp_011634,history,has_context,hard,0,no,no
test_0116,test,bnp_021617_1,bnp_021617,reading_comprehension,has_context,easy,0,no,no
test_0117,test,bnp_025365_1,bnp_025365,history,has_context,hard,0,no,no
test_0118,test,bnp_029135_1,bnp_029135,reading_comprehension,has_context,easy,0,no,no
test_0119,test,bnp_024306_0,bnp_024306,reading_comprehension,has_context,easy,1,no,no
test_0120,test,bnp_010141_1,bnp_010141,vocabulary,no_context,easy,0,no,no
test_0121,test,bnp_013198_1,bnp_013198,others,has_context,easy,0,no,no
test_0122,test,bnp_014813_0,bnp_014813,history,has_context,hard,1,no,no
test_0123,test,bnp_004079_0,bnp_004079,history,has_context,easy,1,no,no
test_0124,test,bnp_015420_1,bnp_015420,mathematics,no_context,hard,0,no,no
test_0125,test,bnp_000739_1,bnp_000739,grammar,has_context,hard,0,no,no
test_0126,test,bnp_018890_0,bnp_018890,others,has_context,hard,1,no,no
test_0127,test,bnp_006035_1,bnp_006035,reading_comprehension,has_context,easy,0,no,no
test_0128,test,bnp_010875_1,bnp_010875,reading_comprehension,has_context,easy,0,no,no
test_0129,test,bnp_010759_0,bnp_010759,history,has_context,hard,1,no,no
test_0130,test,bnp_025423_0,bnp_025423,literature,no_context,easy,1,no,no
test_0131,test,bnp_000275_0,bnp_000275,literature,no_context,hard,1,no,no
test_0132,test,bnp_018168_1,bnp_018168,reading_comprehension,has_context,easy,0,no,no
test_0133,test,bnp_031451_1,bnp_031451,antonym,no_context,easy,0,no,no
test_0134,test,bnp_023996_0,bnp_023996,reading_comprehension,has_context,easy,1,no,no
test_0135,test,bnp_012642_0,bnp_012642,reading_comprehension,has_context,easy,1,no,no
test_0136,test,bnp_013696_1,bnp_013696,reading_comprehension,has_context,easy,0,no,no
test_0137,test,bnp_002370_1,bnp_002370,mathematics,no_context,easy,0,no,no
test_0138,test,bnp_021791_0,bnp_021791,mathematics,no_context,easy,1,no,no
test_0139,test,bnp_030424_0,bnp_030424,reading_comprehension,has_context,easy,1,no,no
test_0140,test,bnp_011673_1,bnp_011673,idiom_meaning,no_context,easy,0,no,no
test_0141,test,bnp_002782_0,bnp_002782,history,has_context,easy,1,no,no
test_0142,test,bnp_024096_0,bnp_024096,reading_comprehension,has_context,easy,1,no,no
test_0143,test,bnp_019849_1,bnp_019849,reading_comprehension,has_context,hard,0,no,no
test_0144,test,bnp_013496_0,bnp_013496,grammar,no_context,hard,1,no,no
test_0145,test,bnp_012692_1,bnp_012692,reading_comprehension,has_context,easy,0,no,no
test_0146,test,bnp_018087_1,bnp_018087,reading_comprehension,has_context,easy,0,no,no
test_0147,test,bnp_008141_0,bnp_008141,bcs,no_context,hard,1,no,no
test_0148,test,bnp_011186_1,bnp_011186,reading_comprehension,has_context,easy,0,no,no
test_0149,test,bnp_029660_1,bnp_029660,history,has_context,hard,0,no,no
test_0150,test,bnp_012519_0,bnp_012519,mathematics,no_context,easy,1,no,no
test_0151,test,bnp_021693_1,bnp_021693,grammar,no_context,hard,0,no,no
test_0152,test,bnp_004851_0,bnp_004851,science,no_context,easy,1,no,no
test_0153,test,bnp_028142_1,bnp_028142,reading_comprehension,has_context,easy,0,no,no
test_0154,test,bnp_023267_1,bnp_023267,science,no_context,easy,0,no,no
test_0155,test,bnp_023269_1,bnp_023269,science,no_context,easy,0,no,no
test_0156,test,bnp_016086_1,bnp_016086,reading_comprehension,has_context,easy,0,no,no
test_0157,test,bnp_015617_0,bnp_015617,antonym,no_context,easy,1,no,no
test_0158,test,bnp_030156_1,bnp_030156,reading_comprehension,has_context,easy,0,no,no
test_0159,test,bnp_014514_1,bnp_014514,history,has_context,easy,0,no,no
test_0160,test,bnp_021361_1,bnp_021361,history,has_context,easy,0,no,no
test_0161,test,bnp_009025_0,bnp_009025,mathematics,no_context,easy,1,no,no
test_0162,test,bnp_000928_0,bnp_000928,bcs,no_context,easy,1,no,no
test_0163,test,bnp_012139_0,bnp_012139,reading_comprehension,has_context,easy,1,no,no
test_0164,test,bnp_004636_0,bnp_004636,grammar,no_context,easy,1,no,no
test_0165,test,bnp_013733_1,bnp_013733,reading_comprehension,has_context,easy,0,no,no
test_0166,test,bnp_004003_0,bnp_004003,literature,no_context,easy,1,no,no
test_0167,test,bnp_002120_1,bnp_002120,literature,no_context,easy,0,no,no
test_0168,test,bnp_024533_1,bnp_024533,history,has_context,easy,0,no,no
test_0169,test,bnp_025160_1,bnp_025160,law,has_context,easy,0,no,no
test_0170,test,bnp_007089_1,bnp_007089,grammar,no_context,hard,0,no,no
test_0171,test,bnp_017897_1,bnp_017897,synonym,no_context,easy,0,no,no
test_0172,test,bnp_006853_1,bnp_006853,reading_comprehension,has_context,hard,0,no,no
test_0173,test,bnp_022106_0,bnp_022106,reading_comprehension,has_context,easy,1,no,no
test_0174,test,bnp_004396_1,bnp_004396,law,has_context,hard,0,no,no
test_0175,test,bnp_027444_0,bnp_027444,law,no_context,easy,1,no,no
test_0176,test,bnp_004016_0,bnp_004016,grammar,has_context,hard,1,no,no
test_0177,test,bnp_022969_1,bnp_022969,science,no_context,easy,0,no,no
test_0178,test,bnp_022697_0,bnp_022697,law,has_context,hard,1,no,no
test_0179,test,bnp_025929_0,bnp_025929,idiom_meaning,no_context,easy,1,no,no
test_0180,test,bnp_028005_0,bnp_028005,literature,no_context,hard,1,no,no
test_0181,test,bnp_023629_0,bnp_023629,history,has_context,easy,1,no,no
test_0182,test,bnp_024468_1,bnp_024468,reading_comprehension,has_context,easy,0,no,no
test_0183,test,bnp_018370_0,bnp_018370,history,no_context,hard,1,no,no
test_0184,test,bnp_016051_1,bnp_016051,bcs,no_context,easy,0,no,no
test_0185,test,bnp_006790_0,bnp_006790,reading_comprehension,has_context,easy,1,no,no
test_0186,test,bnp_024426_1,bnp_024426,history,has_context,easy,0,no,no
test_0187,test,bnp_028065_0,bnp_028065,reading_comprehension,has_context,easy,1,no,no
test_0188,test,bnp_003785_0,bnp_003785,grammar,no_context,easy,1,no,no
test_0189,test,bnp_006392_0,bnp_006392,reading_comprehension,has_context,hard,1,no,no
test_0190,test,bnp_030994_1,bnp_030994,reading_comprehension,has_context,easy,0,no,no
test_0191,test,bnp_002326_0,bnp_002326,reading_comprehension,has_context,easy,1,no,no
test_0192,test,bnp_011445_0,bnp_011445,reading_comprehension,has_context,easy,1,no,no
test_0193,test,bnp_027431_0,bnp_027431,history,has_context,hard,1,no,no
test_0194,test,bnp_000096_0,bnp_000096,reading_comprehension,has_context,easy,1,no,no
test_0195,test,bnp_007359_0,bnp_007359,others,has_context,hard,1,no,no
test_0196,test,bnp_008865_1,bnp_008865,history,has_context,hard,0,no,no
test_0197,test,bnp_027317_0,bnp_027317,antonym,no_context,easy,1,no,no
test_0198,test,bnp_002197_0,bnp_002197,reading_comprehension,has_context,hard,1,no,no
test_0199,test,bnp_031388_0,bnp_031388,history,has_context,hard,1,no,no
test_0200,test,bnp_018007_0,bnp_018007,antonym,no_context,easy,1,no,no
test_0201,test,bnp_021223_0,bnp_021223,others,has_context,hard,1,no,no
test_0202,test,bnp_019783_1,bnp_019783,mathematics,no_context,easy,0,no,no
test_0203,test,bnp_023702_0,bnp_023702,history,has_context,easy,1,no,no
test_0204,test,bnp_030245_0,bnp_030245,science,no_context,easy,1,no,no
test_0205,test,bnp_010239_1,bnp_010239,history,has_context,hard,0,no,no
test_0206,test,bnp_029869_1,bnp_029869,science,no_context,hard,0,no,no
test_0207,test,bnp_009168_0,bnp_009168,history,has_context,easy,1,no,no
test_0208,test,bnp_010463_0,bnp_010463,reading_comprehension,has_context,easy,1,no,no
test_0209,test,bnp_007949_0,bnp_007949,reading_comprehension,has_context,easy,1,no,no
test_0210,test,bnp_031536_0,bnp_031536,reading_comprehension,has_context,easy,1,no,no
test_0211,test,bnp_022268_0,bnp_022268,science,no_context,easy,1,no,no
test_0212,test,bnp_001143_0,bnp_001143,reading_comprehension,has_context,easy,1,no,no
test_0213,test,bnp_024002_1,bnp_024002,reading_comprehension,has_context,hard,0,no,no
test_0214,test,bnp_018719_0,bnp_018719,antonym,no_context,easy,1,no,no
test_0215,test,bnp_002611_0,bnp_002611,bcs,no_context,hard,1,no,no
test_0216,test,bnp_005213_1,bnp_005213,history,has_context,easy,0,no,no
test_0217,test,bnp_009824_0,bnp_009824,reading_comprehension,has_context,easy,1,no,no
test_0218,test,bnp_024674_0,bnp_024674,reading_comprehension,has_context,easy,1,no,no
test_0219,test,bnp_006649_1,bnp_006649,law,has_context,hard,0,no,no
test_0220,test,bnp_004131_1,bnp_004131,grammar,no_context,easy,0,no,no
test_0221,test,bnp_013724_0,bnp_013724,science,no_context,hard,1,no,no
test_0222,test,bnp_006911_0,bnp_006911,synonym,no_context,easy,1,no,no
test_0223,test,bnp_022913_0,bnp_022913,law,no_context,hard,1,no,no
test_0224,test,bnp_001885_0,bnp_001885,idiom_meaning,no_context,easy,1,no,no
test_0225,test,bnp_025846_1,bnp_025846,reading_comprehension,has_context,easy,0,no,no
test_0226,test,bnp_025618_1,bnp_025618,grammar,no_context,hard,0,no,no
test_0227,test,bnp_016801_0,bnp_016801,law,has_context,easy,1,no,no
test_0228,test,bnp_030751_1,bnp_030751,reading_comprehension,has_context,easy,0,no,no
test_0229,test,bnp_027555_0,bnp_027555,reading_comprehension,has_context,hard,1,no,no
test_0230,test,bnp_019306_0,bnp_019306,reading_comprehension,has_context,easy,1,no,no
test_0231,test,bnp_029564_0,bnp_029564,bcs,no_context,easy,1,no,no
test_0232,test,bnp_013564_1,bnp_013564,antonym,no_context,easy,0,no,no
test_0233,test,bnp_021319_0,bnp_021319,others,has_context,hard,1,no,no
test_0234,test,bnp_018331_0,bnp_018331,idiom_meaning,no_context,easy,1,no,no
test_0235,test,bnp_021945_0,bnp_021945,reading_comprehension,has_context,easy,1,no,no
test_0236,test,bnp_016384_1,bnp_016384,reading_comprehension,has_context,easy,0,no,no
test_0237,test,bnp_031245_1,bnp_031245,idiom_meaning,no_context,easy,0,no,no
test_0238,test,bnp_009356_1,bnp_009356,reading_comprehension,has_context,hard,0,no,no
test_0239,test,bnp_015481_1,bnp_015481,history,has_context,easy,0,no,no
test_0240,test,bnp_025521_0,bnp_025521,mathematics,no_context,easy,1,no,no
test_0241,test,bnp_013604_0,bnp_013604,history,has_context,hard,1,no,no
test_0242,test,bnp_019721_0,bnp_019721,bcs,no_context,easy,1,no,no
test_0243,test,bnp_029196_0,bnp_029196,history,has_context,hard,1,no,no
test_0244,test,bnp_008028_0,bnp_008028,reading_comprehension,has_context,easy,1,no,no
test_0245,test,bnp_009596_1,bnp_009596,history,has_context,hard,0,no,no
test_0246,test,bnp_002945_0,bnp_002945,grammar,no_context,easy,1,no,no
test_0247,test,bnp_013161_1,bnp_013161,idiom_meaning,no_context,easy,0,no,no
test_0248,test,bnp_028035_1,bnp_028035,reading_comprehension,has_context,easy,0,no,no
test_0249,test,bnp_028445_0,bnp_028445,others,has_context,easy,1,no,no
test_0250,test,bnp_005836_1,bnp_005836,reading_comprehension,has_context,easy,0,no,no
test_0251,test,bnp_015823_0,bnp_015823,history,has_context,easy,1,no,no
test_0252,test,bnp_031708_1,bnp_031708,law,no_context,easy,0,no,no
test_0253,test,bnp_016344_1,bnp_016344,reading_comprehension,has_context,easy,0,no,no
test_0254,test,bnp_003305_0,bnp_003305,grammar,has_context,hard,1,no,no
test_0255,test,bnp_014268_1,bnp_014268,literature,no_context,easy,0,no,no
test_0256,test,bnp_005829_0,bnp_005829,history,has_context,easy,1,no,no
test_0257,test,bnp_020034_1,bnp_020034,history,has_context,easy,0,no,no
test_0258,test,bnp_009501_1,bnp_009501,antonym,no_context,easy,0,no,no
test_0259,test,bnp_013172_0,bnp_013172,reading_comprehension,has_context,easy,1,no,no
test_0260,test,bnp_022862_0,bnp_022862,antonym,no_context,easy,1,no,no
test_0261,test,bnp_025426_0,bnp_025426,reading_comprehension,has_context,easy,1,no,no
test_0262,test,bnp_013557_1,bnp_013557,reading_comprehension,has_context,hard,0,no,no
test_0263,test,bnp_015239_0,bnp_015239,grammar,no_context,easy,1,no,no
test_0264,test,bnp_030484_0,bnp_030484,others,has_context,hard,1,no,no
test_0265,test,bnp_015948_0,bnp_015948,reading_comprehension,has_context,easy,1,no,no
test_0266,test,bnp_012612_1,bnp_012612,others,has_context,hard,0,no,no
test_0267,test,bnp_003418_0,bnp_003418,history,no_context,easy,1,no,no
test_0268,test,bnp_008031_1,bnp_008031,reading_comprehension,has_context,easy,0,no,no
test_0269,test,bnp_025146_0,bnp_025146,mathematics,no_context,easy,1,no,no
test_0270,test,bnp_015418_0,bnp_015418,mathematics,no_context,easy,1,no,no
test_0271,test,bnp_030458_0,bnp_030458,literature,no_context,easy,1,no,no
test_0272,test,bnp_022964_0,bnp_022964,synonym,no_context,easy,1,no,no
test_0273,test,bnp_015744_0,bnp_015744,grammar,has_context,hard,1,no,no
test_0274,test,bnp_019550_0,bnp_019550,history,has_context,easy,1,no,no
test_0275,test,bnp_028211_0,bnp_028211,vocabulary,no_context,easy,1,no,no
test_0276,test,bnp_022935_1,bnp_022935,grammar,no_context,hard,0,no,no
test_0277,test,bnp_021307_0,bnp_021307,law,has_context,easy,1,no,no
test_0278,test,bnp_011678_1,bnp_011678,synonym,no_context,easy,0,no,no
test_0279,test,bnp_011271_0,bnp_011271,bcs,no_context,hard,1,no,no
test_0280,test,bnp_029187_1,bnp_029187,bcs,no_context,easy,0,no,no
test_0281,test,bnp_021661_1,bnp_021661,others,has_context,hard,0,no,no
test_0282,test,bnp_030213_1,bnp_030213,grammar,no_context,easy,0,no,no
test_0283,test,bnp_014523_1,bnp_014523,history,has_context,easy,0,no,no
test_0284,test,bnp_008512_1,bnp_008512,history,has_context,easy,0,no,no
test_0285,test,bnp_025287_1,bnp_025287,history,has_context,easy,0,no,no
test_0286,test,bnp_018492_1,bnp_018492,mathematics,no_context,hard,0,no,no
test_0287,test,bnp_005257_1,bnp_005257,science,no_context,easy,0,no,no
test_0288,test,bnp_005588_1,bnp_005588,reading_comprehension,has_context,easy,0,no,no
test_0289,test,bnp_011571_1,bnp_011571,reading_comprehension,has_context,easy,0,no,no
test_0290,test,bnp_024880_0,bnp_024880,reading_comprehension,has_context,easy,1,no,no
test_0291,test,bnp_028330_0,bnp_028330,idiom_meaning,no_context,easy,1,no,no
test_0292,test,bnp_011291_1,bnp_011291,grammar,no_context,easy,0,no,no
test_0293,test,bnp_002789_0,bnp_002789,reading_comprehension,has_context,easy,1,no,no
test_0294,test,bnp_017562_1,bnp_017562,reading_comprehension,has_context,easy,0,no,no
test_0295,test,bnp_020372_0,bnp_020372,idiom_meaning,no_context,easy,1,no,no
test_0296,test,bnp_018298_1,bnp_018298,history,has_context,hard,0,no,no
test_0297,test,bnp_013881_1,bnp_013881,law,no_context,hard,0,no,no
test_0298,test,bnp_024986_0,bnp_024986,law,no_context,hard,1,no,no
test_0299,test,bnp_002414_1,bnp_002414,law,has_context,easy,0,no,no
test_0300,test,bnp_021191_1,bnp_021191,history,has_context,easy,0,no,no
test_0301,test,bnp_004868_0,bnp_004868,history,has_context,easy,1,no,no
test_0302,test,bnp_017580_0,bnp_017580,grammar,has_context,hard,1,no,no
test_0303,test,bnp_015280_1,bnp_015280,history,has_context,hard,0,no,no
test_0304,test,bnp_026774_1,bnp_026774,history,has_context,easy,0,no,no
test_0305,test,bnp_011081_1,bnp_011081,grammar,no_context,hard,0,no,no
test_0306,test,bnp_014372_0,bnp_014372,reading_comprehension,has_context,easy,1,no,no
test_0307,test,bnp_027166_1,bnp_027166,mathematics,no_context,easy,0,no,no
test_0308,test,bnp_004582_0,bnp_004582,history,has_context,easy,1,no,no
test_0309,test,bnp_009323_0,bnp_009323,history,has_context,easy,1,no,no
test_0310,test,bnp_010210_0,bnp_010210,idiom_meaning,no_context,easy,1,no,no
test_0311,test,bnp_026392_1,bnp_026392,reading_comprehension,has_context,hard,0,no,no
test_0312,test,bnp_001737_0,bnp_001737,science,no_context,easy,1,no,no
test_0313,test,bnp_009067_1,bnp_009067,history,has_context,hard,0,no,no
test_0314,test,bnp_002952_1,bnp_002952,bcs,no_context,easy,0,no,no
test_0315,test,bnp_027070_0,bnp_027070,literature,no_context,hard,1,no,no
test_0316,test,bnp_011592_1,bnp_011592,grammar,has_context,hard,0,no,no
test_0317,test,bnp_023210_1,bnp_023210,history,has_context,hard,0,no,no
test_0318,test,bnp_026094_1,bnp_026094,science,no_context,easy,0,no,no
test_0319,test,bnp_031799_1,bnp_031799,grammar,has_context,hard,0,no,no
test_0320,test,bnp_019149_0,bnp_019149,law,has_context,hard,1,no,no
test_0321,test,bnp_013370_0,bnp_013370,reading_comprehension,has_context,easy,1,no,no
test_0322,test,bnp_029870_1,bnp_029870,grammar,no_context,hard,0,no,no
test_0323,test,bnp_014858_1,bnp_014858,bcs,no_context,hard,0,no,no
test_0324,test,bnp_024240_1,bnp_024240,reading_comprehension,has_context,easy,0,no,no
test_0325,test,bnp_026374_0,bnp_026374,reading_comprehension,has_context,easy,1,no,no
test_0326,test,bnp_030017_0,bnp_030017,reading_comprehension,has_context,easy,1,no,no
test_0327,test,bnp_005884_0,bnp_005884,reading_comprehension,has_context,easy,1,no,no
test_0328,test,bnp_014158_0,bnp_014158,reading_comprehension,has_context,easy,1,no,no
test_0329,test,bnp_031300_0,bnp_031300,law,no_context,easy,1,no,no
test_0330,test,bnp_003722_1,bnp_003722,antonym,no_context,easy,0,no,no
test_0331,test,bnp_030738_0,bnp_030738,law,has_context,hard,1,no,no
test_0332,test,bnp_016529_1,bnp_016529,vocabulary,no_context,easy,0,no,no
test_0333,test,bnp_023788_1,bnp_023788,law,has_context,easy,0,no,no
test_0334,test,bnp_008057_1,bnp_008057,vocabulary,no_context,easy,0,no,no
test_0335,test,bnp_013390_1,bnp_013390,reading_comprehension,has_context,easy,0,no,no
test_0336,test,bnp_018269_0,bnp_018269,grammar,has_context,hard,1,no,no
test_0337,test,bnp_017318_0,bnp_017318,reading_comprehension,has_context,easy,1,no,no
test_0338,test,bnp_012791_1,bnp_012791,reading_comprehension,has_context,easy,0,no,no
test_0339,test,bnp_013698_1,bnp_013698,mathematics,no_context,easy,0,no,no
test_0340,test,bnp_015140_0,bnp_015140,reading_comprehension,has_context,easy,1,no,no
test_0341,test,bnp_000430_1,bnp_000430,idiom_meaning,no_context,easy,0,no,no
test_0342,test,bnp_023539_0,bnp_023539,grammar,has_context,hard,1,no,no
test_0343,test,bnp_006523_0,bnp_006523,reading_comprehension,has_context,hard,1,no,no
test_0344,test,bnp_004027_0,bnp_004027,mathematics,no_context,easy,1,no,no
test_0345,test,bnp_021414_0,bnp_021414,others,has_context,hard,1,no,no
test_0346,test,bnp_020043_0,bnp_020043,grammar,no_context,hard,1,no,no
test_0347,test,bnp_003144_1,bnp_003144,reading_comprehension,has_context,easy,0,no,no
test_0348,test,bnp_029333_0,bnp_029333,reading_comprehension,has_context,easy,1,no,no
test_0349,test,bnp_010851_0,bnp_010851,history,has_context,hard,1,no,no
test_0350,test,bnp_029673_1,bnp_029673,reading_comprehension,has_context,easy,0,no,no
test_0351,test,bnp_013259_0,bnp_013259,history,has_context,hard,1,no,no
test_0352,test,bnp_006575_0,bnp_006575,history,has_context,hard,1,no,no
test_0353,test,bnp_006775_0,bnp_006775,science,no_context,easy,1,no,no
test_0354,test,bnp_004774_0,bnp_004774,reading_comprehension,has_context,easy,1,no,no
test_0355,test,bnp_004915_0,bnp_004915,reading_comprehension,has_context,hard,1,no,no
test_0356,test,bnp_007454_1,bnp_007454,mathematics,no_context,easy,0,no,no
test_0357,test,bnp_005044_1,bnp_005044,reading_comprehension,has_context,easy,0,no,no
test_0358,test,bnp_015468_0,bnp_015468,grammar,no_context,hard,1,no,no
test_0359,test,bnp_020169_1,bnp_020169,reading_comprehension,has_context,hard,0,no,no
test_0360,test,bnp_021770_0,bnp_021770,science,no_context,hard,1,no,no
test_0361,test,bnp_031008_1,bnp_031008,law,no_context,hard,0,no,no
test_0362,test,bnp_017875_1,bnp_017875,others,has_context,hard,0,no,no
test_0363,test,bnp_025782_0,bnp_025782,grammar,no_context,hard,1,no,no
test_0364,test,bnp_022596_1,bnp_022596,history,has_context,easy,0,no,no
test_0365,test,bnp_029125_1,bnp_029125,antonym,no_context,easy,0,no,no
test_0366,test,bnp_001385_0,bnp_001385,law,has_context,easy,1,no,no
test_0367,test,bnp_011467_1,bnp_011467,antonym,no_context,easy,0,no,no
test_0368,test,bnp_023485_1,bnp_023485,others,has_context,hard,0,no,no
test_0369,test,bnp_022505_1,bnp_022505,antonym,no_context,easy,0,no,no
test_0370,test,bnp_022391_0,bnp_022391,reading_comprehension,has_context,easy,1,no,no
test_0371,test,bnp_023511_1,bnp_023511,reading_comprehension,has_context,easy,0,no,no
test_0372,test,bnp_001309_0,bnp_001309,history,has_context,hard,1,no,no
test_0373,test,bnp_007271_1,bnp_007271,history,has_context,hard,0,no,no
test_0374,test,bnp_000209_0,bnp_000209,reading_comprehension,has_context,easy,1,no,no
test_0375,test,bnp_023016_0,bnp_023016,antonym,no_context,easy,1,no,no
test_0376,test,bnp_013049_0,bnp_013049,history,has_context,easy,1,no,no
test_0377,test,bnp_017380_0,bnp_017380,literature,no_context,easy,1,no,no
test_0378,test,bnp_024859_1,bnp_024859,law,has_context,hard,0,no,no
test_0379,test,bnp_022726_0,bnp_022726,bcs,no_context,easy,1,no,no
test_0380,test,bnp_022859_1,bnp_022859,others,has_context,easy,0,no,no
test_0381,test,bnp_023281_0,bnp_023281,law,no_context,easy,1,no,no
test_0382,test,bnp_004999_1,bnp_004999,reading_comprehension,has_context,easy,0,no,no
test_0383,test,bnp_003446_0,bnp_003446,history,has_context,easy,1,no,no
test_0384,test,bnp_016393_0,bnp_016393,literature,no_context,easy,1,no,no
test_0385,test,bnp_012804_1,bnp_012804,mathematics,no_context,easy,0,no,no
test_0386,test,bnp_027652_0,bnp_027652,science,no_context,easy,1,no,no
test_0387,test,bnp_003743_1,bnp_003743,science,no_context,easy,0,no,no
test_0388,test,bnp_030371_1,bnp_030371,reading_comprehension,has_context,easy,0,no,no
test_0389,test,bnp_007234_1,bnp_007234,law,has_context,hard,0,no,no
test_0390,test,bnp_021642_0,bnp_021642,science,no_context,hard,1,no,no
test_0391,test,bnp_017981_1,bnp_017981,mathematics,no_context,hard,0,no,no
test_0392,test,bnp_031834_0,bnp_031834,bcs,no_context,hard,1,no,no
test_0393,test,bnp_025465_0,bnp_025465,idiom_meaning,no_context,easy,1,no,no
test_0394,test,bnp_004766_0,bnp_004766,grammar,no_context,hard,1,no,no
test_0395,test,bnp_004020_0,bnp_004020,history,has_context,easy,1,no,no
test_0396,test,bnp_030405_1,bnp_030405,history,has_context,easy,0,no,no
test_0397,test,bnp_011657_0,bnp_011657,history,has_context,hard,1,no,no
test_0398,test,bnp_028559_1,bnp_028559,grammar,no_context,hard,0,no,no
test_0399,test,bnp_023801_0,bnp_023801,antonym,no_context,easy,1,no,no
test_0400,test,bnp_010897_0,bnp_010897,reading_comprehension,has_context,easy,1,no,no
test_0401,test,bnp_002689_1,bnp_002689,reading_comprehension,has_context,easy,0,no,no
test_0402,test,bnp_004952_1,bnp_004952,history,has_context,easy,0,no,no
test_0403,test,bnp_019027_0,bnp_019027,others,has_context,easy,1,no,no
test_0404,test,bnp_001228_0,bnp_001228,idiom_meaning,no_context,easy,1,no,no
test_0405,test,bnp_028046_1,bnp_028046,bcs,no_context,hard,0,no,no
test_0406,test,bnp_008807_1,bnp_008807,mathematics,no_context,easy,0,no,no
test_0407,test,bnp_003025_1,bnp_003025,history,has_context,easy,0,no,no
test_0408,test,bnp_023092_0,bnp_023092,history,has_context,hard,1,no,no
test_0409,test,bnp_019769_1,bnp_019769,antonym,no_context,easy,0,no,no
test_0410,test,bnp_013155_1,bnp_013155,reading_comprehension,has_context,easy,0,no,no
test_0411,test,bnp_005095_1,bnp_005095,grammar,has_context,hard,0,no,no
test_0412,test,bnp_007019_0,bnp_007019,law,has_context,easy,1,no,no
test_0413,test,bnp_011222_0,bnp_011222,synonym,no_context,easy,1,no,no
test_0414,test,bnp_008707_0,bnp_008707,law,has_context,hard,1,no,no
test_0415,test,bnp_031416_0,bnp_031416,history,has_context,hard,1,no,no
test_0416,test,bnp_012199_1,bnp_012199,history,has_context,easy,0,no,no
test_0417,test,bnp_029520_0,bnp_029520,reading_comprehension,has_context,easy,1,no,no
test_0418,test,bnp_031222_1,bnp_031222,idiom_meaning,no_context,easy,0,no,no
test_0419,test,bnp_006466_0,bnp_006466,history,has_context,easy,1,no,no
test_0420,test,bnp_001014_1,bnp_001014,literature,no_context,hard,0,no,no
test_0421,test,bnp_017298_0,bnp_017298,history,has_context,easy,1,no,no
test_0422,test,bnp_022065_1,bnp_022065,literature,no_context,easy,0,no,no
test_0423,test,bnp_017249_0,bnp_017249,reading_comprehension,has_context,easy,1,no,no
test_0424,test,bnp_028253_1,bnp_028253,bcs,no_context,hard,0,no,no
test_0425,test,bnp_018332_0,bnp_018332,others,has_context,hard,1,no,no
test_0426,test,bnp_019187_1,bnp_019187,reading_comprehension,has_context,easy,0,no,no
test_0427,test,bnp_025616_1,bnp_025616,history,has_context,easy,0,no,no
test_0428,test,bnp_014376_0,bnp_014376,reading_comprehension,has_context,easy,1,no,no
test_0429,test,bnp_027703_0,bnp_027703,grammar,has_context,hard,1,no,no
test_0430,test,bnp_009295_0,bnp_009295,reading_comprehension,has_context,easy,1,no,no
test_0431,test,bnp_014734_0,bnp_014734,antonym,no_context,easy,1,no,no
test_0432,test,bnp_031512_0,bnp_031512,history,has_context,easy,1,no,no
test_0433,test,bnp_004164_1,bnp_004164,history,has_context,hard,0,no,no
test_0434,test,bnp_020944_1,bnp_020944,law,has_context,easy,0,no,no
test_0435,test,bnp_013270_1,bnp_013270,history,has_context,hard,0,no,no
test_0436,test,bnp_015208_0,bnp_015208,antonym,no_context,easy,1,no,no
test_0437,test,bnp_008836_1,bnp_008836,bcs,no_context,easy,0,no,no
test_0438,test,bnp_022974_1,bnp_022974,literature,no_context,easy,0,no,no
test_0439,test,bnp_000978_0,bnp_000978,history,has_context,easy,1,no,no
test_0440,test,bnp_020903_1,bnp_020903,history,has_context,easy,0,no,no
test_0441,test,bnp_006682_1,bnp_006682,history,has_context,easy,0,no,no
test_0442,test,bnp_004011_0,bnp_004011,vocabulary,no_context,easy,1,no,no
test_0443,test,bnp_027272_1,bnp_027272,history,has_context,hard,0,no,no
test_0444,test,bnp_026654_1,bnp_026654,reading_comprehension,has_context,hard,0,no,no
test_0445,test,bnp_031562_0,bnp_031562,reading_comprehension,has_context,easy,1,no,no
test_0446,test,bnp_019650_1,bnp_019650,grammar,no_context,easy,0,no,no
test_0447,test,bnp_023026_1,bnp_023026,science,no_context,easy,0,no,no
test_0448,test,bnp_016575_0,bnp_016575,reading_comprehension,has_context,easy,1,no,no
test_0449,test,bnp_028761_0,bnp_028761,idiom_meaning,no_context,easy,1,no,no
test_0450,test,bnp_005012_1,bnp_005012,law,has_context,easy,0,no,no
test_0451,test,bnp_000562_0,bnp_000562,history,has_context,hard,1,no,no
test_0452,test,bnp_022598_1,bnp_022598,history,has_context,easy,0,no,no
test_0453,test,bnp_027696_1,bnp_027696,reading_comprehension,has_context,easy,0,no,no
test_0454,test,bnp_007347_0,bnp_007347,reading_comprehension,has_context,easy,1,no,no
test_0455,test,bnp_016482_1,bnp_016482,vocabulary,no_context,easy,0,no,no
test_0456,test,bnp_030060_1,bnp_030060,bcs,no_context,easy,0,no,no
test_0457,test,bnp_013840_1,bnp_013840,history,has_context,easy,0,no,no
test_0458,test,bnp_031325_0,bnp_031325,literature,no_context,easy,1,no,no
test_0459,test,bnp_013040_0,bnp_013040,vocabulary,no_context,easy,1,no,no
test_0460,test,bnp_020660_1,bnp_020660,grammar,has_context,hard,0,no,no
test_0461,test,bnp_001848_0,bnp_001848,antonym,no_context,easy,1,no,no
test_0462,test,bnp_018195_1,bnp_018195,synonym,no_context,easy,0,no,no
test_0463,test,bnp_009865_1,bnp_009865,history,has_context,easy,0,no,no
test_0464,test,bnp_019913_1,bnp_019913,science,no_context,easy,0,no,no
test_0465,test,bnp_019237_1,bnp_019237,reading_comprehension,has_context,easy,0,no,no
test_0466,test,bnp_011436_1,bnp_011436,antonym,no_context,easy,0,no,no
test_0467,test,bnp_007817_1,bnp_007817,bcs,no_context,easy,0,no,no
test_0468,test,bnp_022337_1,bnp_022337,reading_comprehension,has_context,easy,0,no,no
test_0469,test,bnp_013320_1,bnp_013320,grammar,has_context,hard,0,no,no
test_0470,test,bnp_021450_1,bnp_021450,law,no_context,easy,0,no,no
test_0471,test,bnp_028922_1,bnp_028922,science,no_context,hard,0,no,no
test_0472,test,bnp_011353_1,bnp_011353,history,has_context,easy,0,no,no
test_0473,test,bnp_015223_1,bnp_015223,grammar,no_context,hard,0,no,no
test_0474,test,bnp_004021_1,bnp_004021,bcs,no_context,easy,0,no,no
test_0475,test,bnp_011654_1,bnp_011654,others,has_context,hard,0,no,no
test_0476,test,bnp_026140_0,bnp_026140,reading_comprehension,has_context,hard,1,no,no
test_0477,test,bnp_026322_0,bnp_026322,idiom_meaning,no_context,easy,1,no,no
test_0478,test,bnp_001197_0,bnp_001197,antonym,no_context,easy,1,no,no
test_0479,test,bnp_019629_1,bnp_019629,grammar,no_context,hard,0,no,no
test_0480,test,bnp_011612_0,bnp_011612,history,has_context,hard,1,no,no
test_0481,test,bnp_028554_0,bnp_028554,history,has_context,hard,1,no,no
test_0482,test,bnp_011640_1,bnp_011640,mathematics,no_context,easy,0,no,no
test_0483,test,bnp_016380_1,bnp_016380,reading_comprehension,has_context,hard,0,no,no
test_0484,test,bnp_031509_1,bnp_031509,idiom_meaning,no_context,easy,0,no,no
test_0485,test,bnp_007876_0,bnp_007876,reading_comprehension,has_context,hard,1,no,no
test_0486,test,bnp_023130_1,bnp_023130,reading_comprehension,has_context,hard,0,no,no
test_0487,test,bnp_007689_0,bnp_007689,bcs,no_context,easy,1,no,no
test_0488,test,bnp_004822_0,bnp_004822,reading_comprehension,has_context,easy,1,no,no
test_0489,test,bnp_025742_1,bnp_025742,law,has_context,hard,0,no,no
test_0490,test,bnp_026875_1,bnp_026875,history,has_context,hard,0,no,no
test_0491,test,bnp_000937_1,bnp_000937,law,has_context,easy,0,no,no
test_0492,test,bnp_028996_0,bnp_028996,idiom_meaning,no_context,easy,1,no,no
test_0493,test,bnp_026677_0,bnp_026677,history,has_context,hard,1,no,no
test_0494,test,bnp_017769_0,bnp_017769,reading_comprehension,has_context,easy,1,no,no
test_0495,test,bnp_009411_0,bnp_009411,reading_comprehension,has_context,easy,1,no,no
test_0496,test,bnp_029449_0,bnp_029449,grammar,has_context,hard,1,no,no
test_0497,test,bnp_031502_0,bnp_031502,idiom_meaning,no_context,easy,1,no,no
test_0498,test,bnp_016696_0,bnp_016696,reading_comprehension,has_context,easy,1,no,no
test_0499,test,bnp_003065_0,bnp_003065,literature,no_context,hard,1,no,no
test_0500,test,bnp_028563_1,bnp_028563,antonym,no_context,easy,0,no,no
test_0501,test,bnp_018605_0,bnp_018605,mathematics,no_context,easy,1,no,no
test_0502,test,bnp_026706_1,bnp_026706,law,has_context,easy,0,no,no
test_0503,test,bnp_025789_1,bnp_025789,history,has_context,hard,0,no,no
test_0504,test,bnp_028562_1,bnp_028562,literature,no_context,easy,0,no,no
test_0505,test,bnp_029192_1,bnp_029192,antonym,no_context,easy,0,no,no
test_0506,test,bnp_007175_0,bnp_007175,reading_comprehension,has_context,easy,1,no,no
test_0507,test,bnp_002138_1,bnp_002138,mathematics,no_context,hard,0,no,no
test_0508,test,bnp_019391_0,bnp_019391,history,has_context,easy,1,no,no
test_0509,test,bnp_006233_0,bnp_006233,history,has_context,hard,1,no,no
test_0510,test,bnp_006704_0,bnp_006704,law,has_context,hard,1,no,no
test_0511,test,bnp_016867_1,bnp_016867,history,has_context,easy,0,no,no
test_0512,test,bnp_030461_1,bnp_030461,law,no_context,easy,0,no,no
test_0513,test,bnp_000756_0,bnp_000756,history,has_context,easy,1,no,no
test_0514,test,bnp_010170_1,bnp_010170,grammar,has_context,hard,0,no,no
test_0515,test,bnp_017132_1,bnp_017132,literature,no_context,easy,0,no,no
test_0516,test,bnp_016195_1,bnp_016195,science,no_context,easy,0,no,no
test_0517,test,bnp_002652_0,bnp_002652,reading_comprehension,has_context,hard,1,no,no
test_0518,test,bnp_025692_0,bnp_025692,science,no_context,hard,1,no,no
test_0519,test,bnp_020297_0,bnp_020297,reading_comprehension,has_context,easy,1,no,no
test_0520,test,bnp_027629_0,bnp_027629,reading_comprehension,has_context,easy,1,no,no
test_0521,test,bnp_028658_0,bnp_028658,grammar,no_context,hard,1,no,no
test_0522,test,bnp_022858_0,bnp_022858,antonym,no_context,easy,1,no,no
test_0523,test,bnp_001396_1,bnp_001396,history,has_context,easy,0,no,no
test_0524,test,bnp_005765_1,bnp_005765,vocabulary,no_context,easy,0,no,no
test_0525,test,bnp_000192_1,bnp_000192,reading_comprehension,has_context,easy,0,no,no
test_0526,test,bnp_009257_0,bnp_009257,reading_comprehension,has_context,easy,1,no,no
test_0527,test,bnp_014287_1,bnp_014287,science,no_context,easy,0,no,no
test_0528,test,bnp_011454_0,bnp_011454,grammar,no_context,easy,1,no,no
test_0529,test,bnp_030800_0,bnp_030800,history,has_context,easy,1,no,no
test_0530,test,bnp_023850_0,bnp_023850,literature,no_context,easy,1,no,no
test_0531,test,bnp_030784_0,bnp_030784,history,has_context,hard,1,no,no
test_0532,test,bnp_024043_0,bnp_024043,history,has_context,easy,1,no,no
test_0533,test,bnp_006284_1,bnp_006284,history,has_context,hard,0,no,no
test_0534,test,bnp_017260_1,bnp_017260,history,has_context,easy,0,no,no
test_0535,test,bnp_013021_1,bnp_013021,vocabulary,no_context,easy,0,no,no
test_0536,test,bnp_015325_1,bnp_015325,reading_comprehension,has_context,hard,0,no,no
test_0537,test,bnp_026096_1,bnp_026096,history,has_context,easy,0,no,no
test_0538,test,bnp_014231_0,bnp_014231,antonym,no_context,easy,1,no,no
test_0539,test,bnp_023430_0,bnp_023430,law,no_context,easy,1,no,no
test_0540,test,bnp_031865_1,bnp_031865,history,has_context,easy,0,no,no
test_0541,test,bnp_026878_0,bnp_026878,reading_comprehension,has_context,hard,1,no,no
test_0542,test,bnp_003093_0,bnp_003093,bcs,no_context,easy,1,no,no
test_0543,test,bnp_025620_0,bnp_025620,reading_comprehension,has_context,easy,1,no,no
test_0544,test,bnp_010100_1,bnp_010100,reading_comprehension,has_context,hard,0,no,no
test_0545,test,bnp_025440_1,bnp_025440,reading_comprehension,has_context,hard,0,no,no
test_0546,test,bnp_030706_1,bnp_030706,others,has_context,easy,0,no,no
test_0547,test,bnp_025490_1,bnp_025490,grammar,has_context,hard,0,no,no
test_0548,test,bnp_016048_1,bnp_016048,history,has_context,hard,0,no,no
test_0549,test,bnp_013567_1,bnp_013567,antonym,no_context,easy,0,no,no
test_0550,test,bnp_005863_1,bnp_005863,vocabulary,no_context,easy,0,no,no
test_0551,test,bnp_006443_0,bnp_006443,history,has_context,easy,1,no,no
test_0552,test,bnp_022965_0,bnp_022965,bcs,no_context,easy,1,no,no
test_0553,test,bnp_014311_0,bnp_014311,others,has_context,easy,1,no,no
test_0554,test,bnp_003422_0,bnp_003422,history,has_context,hard,1,no,no
test_0555,test,bnp_021287_1,bnp_021287,history,has_context,easy,0,no,no
test_0556,test,bnp_003484_0,bnp_003484,reading_comprehension,has_context,easy,1,no,no
test_0557,test,bnp_018532_1,bnp_018532,idiom_meaning,no_context,easy,0,no,no
test_0558,test,bnp_018033_1,bnp_018033,history,has_context,easy,0,no,no
test_0559,test,bnp_015631_1,bnp_015631,reading_comprehension,has_context,easy,0,no,no
test_0560,test,bnp_014511_0,bnp_014511,vocabulary,no_context,easy,1,no,no
test_0561,test,bnp_004668_0,bnp_004668,law,has_context,easy,1,no,no
test_0562,test,bnp_002206_1,bnp_002206,reading_comprehension,has_context,easy,0,no,no
test_0563,test,bnp_017688_1,bnp_017688,reading_comprehension,has_context,hard,0,no,no
test_0564,test,bnp_022561_0,bnp_022561,idiom_meaning,no_context,easy,1,no,no
test_0565,test,bnp_008279_0,bnp_008279,history,has_context,hard,1,no,no
test_0566,test,bnp_013892_0,bnp_013892,reading_comprehension,has_context,easy,1,no,no
test_0567,test,bnp_007495_0,bnp_007495,mathematics,no_context,easy,1,no,no
test_0568,test,bnp_008326_1,bnp_008326,reading_comprehension,has_context,hard,0,no,no
test_0569,test,bnp_020557_1,bnp_020557,idiom_meaning,no_context,easy,0,no,no
test_0570,test,bnp_005109_1,bnp_005109,history,has_context,easy,0,no,no
test_0571,test,bnp_027591_1,bnp_027591,history,has_context,easy,0,no,no
test_0572,test,bnp_004488_1,bnp_004488,grammar,no_context,hard,0,no,no
test_0573,test,bnp_016052_1,bnp_016052,science,no_context,easy,0,no,no
test_0574,test,bnp_014444_0,bnp_014444,antonym,no_context,easy,1,no,no
test_0575,test,bnp_002125_1,bnp_002125,law,has_context,hard,0,no,no
test_0576,test,bnp_029177_0,bnp_029177,reading_comprehension,has_context,easy,1,no,no
test_0577,test,bnp_002234_0,bnp_002234,reading_comprehension,has_context,easy,1,no,no
test_0578,test,bnp_017106_1,bnp_017106,reading_comprehension,has_context,easy,0,no,no
test_0579,test,bnp_003003_1,bnp_003003,reading_comprehension,has_context,hard,0,no,no
test_0580,test,bnp_006891_0,bnp_006891,literature,no_context,hard,1,no,no
test_0581,test,bnp_008673_0,bnp_008673,idiom_meaning,no_context,easy,1,no,no
test_0582,test,bnp_031777_0,bnp_031777,history,has_context,easy,1,no,no
test_0583,test,bnp_010069_0,bnp_010069,reading_comprehension,has_context,easy,1,no,no
test_0584,test,bnp_026890_0,bnp_026890,reading_comprehension,has_context,easy,1,no,no
test_0585,test,bnp_013672_0,bnp_013672,reading_comprehension,has_context,easy,1,no,no
test_0586,test,bnp_026368_0,bnp_026368,law,has_context,easy,1,no,no
test_0587,test,bnp_011719_0,bnp_011719,history,has_context,easy,1,no,no
test_0588,test,bnp_000383_1,bnp_000383,idiom_meaning,no_context,easy,0,no,no
test_0589,test,bnp_004070_0,bnp_004070,mathematics,no_context,easy,1,no,no
test_0590,test,bnp_021972_1,bnp_021972,antonym,no_context,easy,0,no,no
test_0591,test,bnp_020118_1,bnp_020118,literature,no_context,easy,0,no,no
test_0592,test,bnp_030502_0,bnp_030502,reading_comprehension,has_context,hard,1,no,no
test_0593,test,bnp_023069_0,bnp_023069,history,has_context,easy,1,no,no
test_0594,test,bnp_010475_0,bnp_010475,history,has_context,easy,1,no,no
test_0595,test,bnp_011620_0,bnp_011620,bcs,no_context,easy,1,no,no
test_0596,test,bnp_023855_1,bnp_023855,bcs,no_context,easy,0,no,no
test_0597,test,bnp_000354_0,bnp_000354,reading_comprehension,has_context,easy,1,no,no
test_0598,test,bnp_026240_0,bnp_026240,history,has_context,easy,1,no,no
test_0599,test,bnp_024058_1,bnp_024058,reading_comprehension,has_context,easy,0,no,no
test_0600,test,bnp_024046_0,bnp_024046,reading_comprehension,has_context,easy,1,no,no
test_0601,test,bnp_022633_0,bnp_022633,history,has_context,hard,1,no,no
test_0602,test,bnp_000825_0,bnp_000825,history,no_context,easy,1,no,no
test_0603,test,bnp_012558_0,bnp_012558,science,no_context,easy,1,no,no
test_0604,test,bnp_000264_1,bnp_000264,history,has_context,easy,0,no,no
test_0605,test,bnp_009539_1,bnp_009539,science,no_context,easy,0,no,no
test_0606,test,bnp_006354_1,bnp_006354,literature,no_context,hard,0,no,no
test_0607,test,bnp_005727_1,bnp_005727,reading_comprehension,has_context,hard,0,no,no
test_0608,test,bnp_008508_0,bnp_008508,vocabulary,no_context,easy,1,no,no
test_0609,test,bnp_014238_0,bnp_014238,reading_comprehension,has_context,easy,1,no,no
test_0610,test,bnp_022234_1,bnp_022234,mathematics,no_context,easy,0,no,no
test_0611,test,bnp_015038_0,bnp_015038,reading_comprehension,has_context,easy,1,no,no
test_0612,test,bnp_015007_1,bnp_015007,law,has_context,easy,0,no,no
test_0613,test,bnp_020793_0,bnp_020793,grammar,has_context,hard,1,no,no
test_0614,test,bnp_002856_1,bnp_002856,history,has_context,easy,0,no,no
test_0615,test,bnp_030573_0,bnp_030573,science,no_context,easy,1,no,no
test_0616,test,bnp_006848_0,bnp_006848,history,has_context,easy,1,no,no
test_0617,test,bnp_007569_0,bnp_007569,reading_comprehension,has_context,easy,1,no,no
test_0618,test,bnp_006919_0,bnp_006919,mathematics,no_context,easy,1,no,no
test_0619,test,bnp_027489_1,bnp_027489,science,no_context,easy,0,no,no
test_0620,test,bnp_016363_1,bnp_016363,history,has_context,hard,0,no,no
test_0621,test,bnp_007887_1,bnp_007887,history,has_context,easy,0,no,no
test_0622,test,bnp_002573_1,bnp_002573,grammar,no_context,hard,0,no,no
test_0623,test,bnp_018548_0,bnp_018548,synonym,no_context,easy,1,no,no
test_0624,test,bnp_026509_1,bnp_026509,bcs,no_context,easy,0,no,no
test_0625,test,bnp_018499_1,bnp_018499,antonym,no_context,easy,0,no,no
test_0626,test,bnp_007383_0,bnp_007383,law,no_context,easy,1,no,no
test_0627,test,bnp_029677_1,bnp_029677,reading_comprehension,has_context,easy,0,no,no
test_0628,test,bnp_024751_1,bnp_024751,history,has_context,easy,0,no,no
test_0629,test,bnp_018653_0,bnp_018653,history,has_context,hard,1,no,no
test_0630,test,bnp_025438_1,bnp_025438,grammar,has_context,hard,0,no,no
test_0631,test,bnp_004339_0,bnp_004339,bcs,no_context,hard,1,no,no
test_0632,test,bnp_017828_1,bnp_017828,literature,no_context,hard,0,no,no
test_0633,test,bnp_022452_1,bnp_022452,grammar,has_context,hard,0,no,no
test_0634,test,bnp_005448_0,bnp_005448,reading_comprehension,has_context,easy,1,no,no
test_0635,test,bnp_004615_0,bnp_004615,reading_comprehension,has_context,easy,1,no,no
test_0636,test,bnp_005907_0,bnp_005907,vocabulary,no_context,easy,1,no,no
test_0637,test,bnp_007606_0,bnp_007606,reading_comprehension,has_context,easy,1,no,no
test_0638,test,bnp_030673_1,bnp_030673,law,has_context,hard,0,no,no
test_0639,test,bnp_012399_1,bnp_012399,reading_comprehension,has_context,easy,0,no,no
test_0640,test,bnp_031027_1,bnp_031027,reading_comprehension,has_context,easy,0,no,no
test_0641,test,bnp_022532_0,bnp_022532,vocabulary,no_context,easy,1,no,no
test_0642,test,bnp_009522_1,bnp_009522,grammar,has_context,hard,0,no,no
test_0643,test,bnp_028598_1,bnp_028598,reading_comprehension,has_context,easy,0,no,no
test_0644,test,bnp_022515_1,bnp_022515,law,has_context,hard,0,no,no
test_0645,test,bnp_008338_0,bnp_008338,reading_comprehension,has_context,easy,1,no,no
test_0646,test,bnp_001403_0,bnp_001403,others,has_context,easy,1,no,no
test_0647,test,bnp_022481_0,bnp_022481,grammar,has_context,hard,1,no,no
test_0648,test,bnp_015654_0,bnp_015654,grammar,no_context,hard,1,no,no
test_0649,test,bnp_020253_1,bnp_020253,reading_comprehension,has_context,easy,0,no,no
test_0650,test,bnp_019240_0,bnp_019240,reading_comprehension,has_context,easy,1,no,no
test_0651,test,bnp_006462_0,bnp_006462,synonym,no_context,easy,1,no,no
test_0652,test,bnp_026339_1,bnp_026339,science,no_context,easy,0,no,no
test_0653,test,bnp_028545_0,bnp_028545,grammar,has_context,hard,1,no,no
test_0654,test,bnp_008499_1,bnp_008499,idiom_meaning,no_context,easy,0,no,no
test_0655,test,bnp_005375_1,bnp_005375,reading_comprehension,has_context,easy,0,no,no
test_0656,test,bnp_024099_1,bnp_024099,history,has_context,hard,0,no,no
test_0657,test,bnp_004585_1,bnp_004585,synonym,no_context,easy,0,no,no
test_0658,test,bnp_022489_1,bnp_022489,reading_comprehension,has_context,easy,0,no,no
test_0659,test,bnp_022829_0,bnp_022829,grammar,has_context,hard,1,no,no
test_0660,test,bnp_006706_0,bnp_006706,literature,no_context,easy,1,no,no
test_0661,test,bnp_025091_1,bnp_025091,reading_comprehension,has_context,easy,0,no,no
test_0662,test,bnp_002958_1,bnp_002958,reading_comprehension,has_context,hard,0,no,no
test_0663,test,bnp_029773_1,bnp_029773,reading_comprehension,has_context,easy,0,no,no
test_0664,test,bnp_014335_0,bnp_014335,reading_comprehension,has_context,easy,1,no,no
test_0665,test,bnp_021006_0,bnp_021006,reading_comprehension,has_context,easy,1,no,no
test_0666,test,bnp_007761_0,bnp_007761,vocabulary,no_context,easy,1,no,no
test_0667,test,bnp_022735_1,bnp_022735,reading_comprehension,has_context,hard,0,no,no
test_0668,test,bnp_013943_1,bnp_013943,history,has_context,easy,0,no,no
test_0669,test,bnp_014807_0,bnp_014807,history,has_context,easy,1,no,no
test_0670,test,bnp_019562_0,bnp_019562,law,has_context,easy,1,no,no
test_0671,test,bnp_021840_0,bnp_021840,reading_comprehension,has_context,hard,1,no,no
test_0672,test,bnp_014288_0,bnp_014288,mathematics,no_context,easy,1,no,no
test_0673,test,bnp_008932_1,bnp_008932,idiom_meaning,no_context,easy,0,no,no
test_0674,test,bnp_002810_0,bnp_002810,reading_comprehension,has_context,hard,1,no,no
test_0675,test,bnp_030625_1,bnp_030625,antonym,no_context,easy,0,no,no
test_0676,test,bnp_025046_0,bnp_025046,reading_comprehension,has_context,easy,1,no,no
test_0677,test,bnp_018962_0,bnp_018962,others,has_context,easy,1,no,no
test_0678,test,bnp_026984_0,bnp_026984,literature,no_context,easy,1,no,no
test_0679,test,bnp_009456_0,bnp_009456,history,has_context,easy,1,no,no
test_0680,test,bnp_025846_0,bnp_025846,reading_comprehension,has_context,easy,1,no,no
test_0681,test,bnp_014315_0,bnp_014315,bcs,no_context,hard,1,no,no
test_0682,test,bnp_021259_0,bnp_021259,history,has_context,hard,1,no,no
test_0683,test,bnp_013040_1,bnp_013040,vocabulary,no_context,easy,0,no,no
test_0684,test,bnp_025426_1,bnp_025426,reading_comprehension,has_context,easy,0,no,no
test_0685,test,bnp_007234_0,bnp_007234,law,has_context,hard,1,no,no
test_0686,test,bnp_020793_1,bnp_020793,grammar,has_context,hard,0,no,no
test_0687,test,bnp_015481_0,bnp_015481,history,has_context,easy,1,no,no
test_0688,test,bnp_024204_0,bnp_024204,grammar,no_context,hard,1,no,no
test_0689,test,bnp_006857_0,bnp_006857,history,has_context,easy,1,no,no
test_0690,test,bnp_013390_0,bnp_013390,reading_comprehension,has_context,easy,1,no,no
test_0691,test,bnp_016344_0,bnp_016344,reading_comprehension,has_context,easy,1,no,no
test_0692,test,bnp_027846_0,bnp_027846,idiom_meaning,no_context,easy,1,no,no
test_0693,test,bnp_024674_1,bnp_024674,reading_comprehension,has_context,easy,0,no,no
test_0694,test,bnp_024096_1,bnp_024096,reading_comprehension,has_context,easy,0,no,no
test_0695,test,bnp_029660_0,bnp_029660,history,has_context,hard,1,no,no
test_0696,test,bnp_008001_1,bnp_008001,synonym,no_context,easy,0,no,no
test_0697,test,bnp_006284_0,bnp_006284,history,has_context,hard,1,no,no
test_0698,test,bnp_011634_0,bnp_011634,history,has_context,hard,1,no,no
test_0699,test,bnp_005836_0,bnp_005836,reading_comprehension,has_context,easy,1,no,no
test_0700,test,bnp_000354_1,bnp_000354,reading_comprehension,has_context,easy,0,no,no
test_0701,test,bnp_011353_0,bnp_011353,history,has_context,easy,1,no,no
test_0702,test,bnp_002370_0,bnp_002370,mathematics,no_context,easy,1,no,no
test_0703,test,bnp_022561_1,bnp_022561,idiom_meaning,no_context,easy,0,no,no
test_0704,test,bnp_009760_1,bnp_009760,history,has_context,hard,0,no,no
test_0705,test,bnp_026509_0,bnp_026509,bcs,no_context,easy,1,no,no
test_0706,test,bnp_018890_1,bnp_018890,others,has_context,hard,0,no,no
test_0707,test,bnp_007761_1,bnp_007761,vocabulary,no_context,easy,0,no,no
test_0708,test,bnp_018331_1,bnp_018331,idiom_meaning,no_context,easy,0,no,no
test_0709,test,bnp_006466_1,bnp_006466,history,has_context,easy,0,no,no
test_0710,test,bnp_017184_0,bnp_017184,history,has_context,hard,1,no,no
test_0711,test,bnp_019237_0,bnp_019237,reading_comprehension,has_context,easy,1,no,no
test_0712,test,bnp_018370_1,bnp_018370,history,no_context,hard,0,no,no
test_0713,test,bnp_030424_1,bnp_030424,reading_comprehension,has_context,easy,0,no,no
test_0714,test,bnp_009596_0,bnp_009596,history,has_context,hard,1,no,no
test_0715,test,bnp_014288_1,bnp_014288,mathematics,no_context,easy,0,no,no
test_0716,test,bnp_018573_1,bnp_018573,history,has_context,easy,0,no,no
test_0717,test,bnp_005919_0,bnp_005919,history,has_context,hard,1,no,no
test_0718,test,bnp_013733_0,bnp_013733,reading_comprehension,has_context,easy,1,no,no
test_0719,test,bnp_015124_1,bnp_015124,science,no_context,easy,0,no,no
test_0720,test,bnp_030156_0,bnp_030156,reading_comprehension,has_context,easy,1,no,no
test_0721,test,bnp_015631_0,bnp_015631,reading_comprehension,has_context,easy,1,no,no
test_0722,test,bnp_002079_0,bnp_002079,law,has_context,easy,1,no,no
test_0723,test,bnp_007689_1,bnp_007689,bcs,no_context,easy,0,no,no
test_0724,test,bnp_002652_1,bnp_002652,reading_comprehension,has_context,hard,0,no,no
test_0725,test,bnp_030738_1,bnp_030738,law,has_context,hard,0,no,no
test_0726,test,bnp_024426_0,bnp_024426,history,has_context,easy,1,no,no
test_0727,test,bnp_006354_0,bnp_006354,literature,no_context,hard,1,no,no
test_0728,test,bnp_011081_0,bnp_011081,grammar,no_context,hard,1,no,no
test_0729,test,bnp_027703_1,bnp_027703,grammar,has_context,hard,0,no,no
test_0730,test,bnp_012530_1,bnp_012530,reading_comprehension,has_context,easy,0,no,no
test_0731,test,bnp_008279_1,bnp_008279,history,has_context,hard,0,no,no
test_0732,test,bnp_030994_0,bnp_030994,reading_comprehension,has_context,easy,1,no,no
test_0733,test,bnp_020034_0,bnp_020034,history,has_context,easy,1,no,no
test_0734,test,bnp_022633_1,bnp_022633,history,has_context,hard,0,no,no
test_0735,test,bnp_007949_1,bnp_007949,reading_comprehension,has_context,easy,0,no,no
test_0736,test,bnp_023210_0,bnp_023210,history,has_context,hard,1,no,no
test_0737,test,bnp_014514_0,bnp_014514,history,has_context,easy,1,no,no
test_0738,test,bnp_019562_1,bnp_019562,law,has_context,easy,0,no,no
test_0739,test,bnp_028035_0,bnp_028035,reading_comprehension,has_context,easy,1,no,no
test_0740,test,bnp_006443_1,bnp_006443,history,has_context,easy,0,no,no
test_0741,test,bnp_005257_0,bnp_005257,science,no_context,easy,1,no,no
test_0742,test,bnp_030573_1,bnp_030573,science,no_context,easy,0,no,no
test_0743,test,bnp_011454_1,bnp_011454,grammar,no_context,easy,0,no,no
test_0744,test,bnp_008707_1,bnp_008707,law,has_context,hard,0,no,no
test_0745,test,bnp_028598_0,bnp_028598,reading_comprehension,has_context,easy,1,no,no
test_0746,test,bnp_019391_1,bnp_019391,history,has_context,easy,0,no,no
test_0747,test,bnp_016380_0,bnp_016380,reading_comprehension,has_context,hard,1,no,no
test_0748,test,bnp_015948_1,bnp_015948,reading_comprehension,has_context,easy,0,no,no
test_0749,test,bnp_027629_1,bnp_027629,reading_comprehension,has_context,easy,0,no,no
test_0750,test,bnp_007271_0,bnp_007271,history,has_context,hard,1,no,no
test_0751,test,bnp_016393_1,bnp_016393,literature,no_context,easy,0,no,no
test_0752,test,bnp_017380_1,bnp_017380,literature,no_context,easy,0,no,no
test_0753,test,bnp_021006_1,bnp_021006,reading_comprehension,has_context,easy,0,no,no
test_0754,test,bnp_006704_1,bnp_006704,law,has_context,hard,0,no,no
test_0755,test,bnp_017828_0,bnp_017828,literature,no_context,hard,1,no,no
test_0756,test,bnp_009323_1,bnp_009323,history,has_context,easy,0,no,no
test_0757,test,bnp_020689_1,bnp_020689,bcs,no_context,easy,0,no,no
test_0758,test,bnp_021617_0,bnp_021617,reading_comprehension,has_context,easy,1,no,no
test_0759,test,bnp_014158_1,bnp_014158,reading_comprehension,has_context,easy,0,no,no
test_0760,test,bnp_016696_1,bnp_016696,reading_comprehension,has_context,easy,0,no,no
test_0761,test,bnp_013604_1,bnp_013604,history,has_context,hard,0,no,no
test_0762,test,bnp_006392_1,bnp_006392,reading_comprehension,has_context,hard,0,no,no
test_0763,test,bnp_030800_1,bnp_030800,history,has_context,easy,0,no,no
test_0764,test,bnp_011436_0,bnp_011436,antonym,no_context,easy,1,no,no
test_0765,test,bnp_028559_0,bnp_028559,grammar,no_context,hard,1,no,no
test_0766,test,bnp_011183_0,bnp_011183,reading_comprehension,has_context,easy,1,no,no
test_0767,test,bnp_018269_1,bnp_018269,grammar,has_context,hard,0,no,no
test_0768,test,bnp_012692_0,bnp_012692,reading_comprehension,has_context,easy,1,no,no
test_0769,test,bnp_004021_0,bnp_004021,bcs,no_context,easy,1,no,no
test_0770,test,bnp_026654_0,bnp_026654,reading_comprehension,has_context,hard,1,no,no
test_0771,test,bnp_017132_0,bnp_017132,literature,no_context,easy,1,no,no
test_0772,test,bnp_013672_1,bnp_013672,reading_comprehension,has_context,easy,0,no,no
test_0773,test,bnp_018548_1,bnp_018548,synonym,no_context,easy,0,no,no
test_0774,test,bnp_018087_0,bnp_018087,reading_comprehension,has_context,easy,1,no,no
test_0775,test,bnp_014311_1,bnp_014311,others,has_context,easy,0,no,no
test_0776,test,bnp_021307_1,bnp_021307,law,has_context,easy,0,no,no
test_0777,test,bnp_000978_1,bnp_000978,history,has_context,easy,0,no,no
test_0778,test,bnp_003446_1,bnp_003446,history,has_context,easy,0,no,no
test_0779,test,bnp_031451_0,bnp_031451,antonym,no_context,easy,1,no,no
test_0780,test,bnp_003305_1,bnp_003305,grammar,has_context,hard,0,no,no
test_0781,test,bnp_015140_1,bnp_015140,reading_comprehension,has_context,easy,0,no,no
test_0782,test,bnp_013892_1,bnp_013892,reading_comprehension,has_context,easy,0,no,no
test_0783,test,bnp_007359_1,bnp_007359,others,has_context,hard,0,no,no
test_0784,test,bnp_024043_1,bnp_024043,history,has_context,easy,0,no,no
test_0785,test,bnp_007606_1,bnp_007606,reading_comprehension,has_context,easy,0,no,no
test_0786,test,bnp_006233_1,bnp_006233,history,has_context,hard,0,no,no
test_0787,test,bnp_029089_0,bnp_029089,idiom_meaning,no_context,easy,1,no,no
test_0788,test,bnp_011654_0,bnp_011654,others,has_context,hard,1,no,no
test_0789,test,bnp_017106_0,bnp_017106,reading_comprehension,has_context,easy,1,no,no
test_0790,test,bnp_019913_0,bnp_019913,science,no_context,easy,1,no,no
test_0791,test,bnp_022481_1,bnp_022481,grammar,has_context,hard,0,no,no
test_0792,test,bnp_030213_0,bnp_030213,grammar,no_context,easy,1,no,no
test_0793,test,bnp_019027_1,bnp_019027,others,has_context,easy,0,no,no
test_0794,test,bnp_023371_1,bnp_023371,history,no_context,hard,0,no,no
test_0795,test,bnp_004668_1,bnp_004668,law,has_context,easy,0,no,no
test_0796,test,bnp_007887_0,bnp_007887,history,has_context,easy,1,no,no
test_0797,test,bnp_028004_0,bnp_028004,reading_comprehension,has_context,easy,1,no,no
test_0798,test,bnp_024468_0,bnp_024468,reading_comprehension,has_context,easy,1,no,no
test_0799,test,bnp_013564_0,bnp_013564,antonym,no_context,easy,1,no,no
test_0800,test,bnp_027591_0,bnp_027591,history,has_context,easy,1,no,no
test_0801,test,bnp_004733_1,bnp_004733,antonym,no_context,easy,0,no,no
test_0802,test,bnp_009356_0,bnp_009356,reading_comprehension,has_context,hard,1,no,no
test_0803,test,bnp_007347_1,bnp_007347,reading_comprehension,has_context,easy,0,no,no
test_0804,test,bnp_014511_1,bnp_014511,vocabulary,no_context,easy,0,no,no
test_0805,test,bnp_031690_0,bnp_031690,mathematics,no_context,easy,1,no,no
test_0806,test,bnp_001885_1,bnp_001885,idiom_meaning,no_context,easy,0,no,no
test_0807,test,bnp_013496_1,bnp_013496,grammar,no_context,hard,0,no,no
test_0808,test,bnp_014730_1,bnp_014730,law,no_context,hard,0,no,no
test_0809,test,bnp_025465_1,bnp_025465,idiom_meaning,no_context,easy,0,no,no
test_0810,test,bnp_002856_0,bnp_002856,history,has_context,easy,1,no,no
test_0811,test,bnp_001143_1,bnp_001143,reading_comprehension,has_context,easy,0,no,no
test_0812,test,bnp_002573_0,bnp_002573,grammar,no_context,hard,1,no,no
test_0813,test,bnp_022964_1,bnp_022964,synonym,no_context,easy,0,no,no
test_0814,test,bnp_007624_0,bnp_007624,reading_comprehension,has_context,easy,1,no,no
test_0815,test,bnp_011571_0,bnp_011571,reading_comprehension,has_context,easy,1,no,no
test_0816,test,bnp_011859_1,bnp_011859,bcs,no_context,easy,0,no,no
test_0817,test,bnp_010170_0,bnp_010170,grammar,has_context,hard,1,no,no
test_0818,test,bnp_015325_0,bnp_015325,reading_comprehension,has_context,hard,1,no,no
test_0819,test,bnp_012154_1,bnp_012154,law,has_context,hard,0,no,no
test_0820,test,bnp_000928_1,bnp_000928,bcs,no_context,easy,0,no,no
test_0821,test,bnp_004615_1,bnp_004615,reading_comprehension,has_context,easy,0,no,no
test_0822,test,bnp_006283_0,bnp_006283,bcs,no_context,easy,1,no,no
test_0823,test,bnp_018195_0,bnp_018195,synonym,no_context,easy,1,no,no
test_0824,test,bnp_025521_1,bnp_025521,mathematics,no_context,easy,0,no,no
test_0825,test,bnp_023539_1,bnp_023539,grammar,has_context,hard,0,no,no
test_0826,test,bnp_020372_1,bnp_020372,idiom_meaning,no_context,easy,0,no,no
test_0827,test,bnp_026984_1,bnp_026984,literature,no_context,easy,0,no,no
test_0828,test,bnp_029869_0,bnp_029869,science,no_context,hard,1,no,no
test_0829,test,bnp_026096_0,bnp_026096,history,has_context,easy,1,no,no
test_0830,test,bnp_010141_0,bnp_010141,vocabulary,no_context,easy,1,no,no
test_0831,test,bnp_008057_0,bnp_008057,vocabulary,no_context,easy,1,no,no
test_0832,test,bnp_028563_0,bnp_028563,antonym,no_context,easy,1,no,no
test_0833,test,bnp_009025_1,bnp_009025,mathematics,no_context,easy,0,no,no
test_0834,test,bnp_004272_1,bnp_004272,reading_comprehension,has_context,easy,0,no,no
test_0835,test,bnp_017318_1,bnp_017318,reading_comprehension,has_context,easy,0,no,no
test_0836,test,bnp_021791_1,bnp_021791,mathematics,no_context,easy,0,no,no
test_0837,test,bnp_030401_1,bnp_030401,reading_comprehension,has_context,easy,0,no,no
test_0838,test,bnp_029333_1,bnp_029333,reading_comprehension,has_context,easy,0,no,no
test_0839,test,bnp_007319_0,bnp_007319,reading_comprehension,has_context,easy,1,no,no
test_0840,test,bnp_028554_1,bnp_028554,history,has_context,hard,0,no,no
test_0841,test,bnp_002689_0,bnp_002689,reading_comprehension,has_context,easy,1,no,no
test_0842,test,bnp_012612_0,bnp_012612,others,has_context,hard,1,no,no
test_0843,test,bnp_026025_1,bnp_026025,others,has_context,easy,0,no,no
test_0844,test,bnp_010851_1,bnp_010851,history,has_context,hard,0,no,no
test_0845,test,bnp_028142_0,bnp_028142,reading_comprehension,has_context,easy,1,no,no
test_0846,test,bnp_000383_0,bnp_000383,idiom_meaning,no_context,easy,1,no,no
test_0847,test,bnp_006853_0,bnp_006853,reading_comprehension,has_context,hard,1,no,no
test_0848,test,bnp_009522_0,bnp_009522,grammar,has_context,hard,1,no,no
test_0849,test,bnp_025365_0,bnp_025365,history,has_context,hard,1,no,no
test_0850,test,bnp_017769_1,bnp_017769,reading_comprehension,has_context,easy,0,no,no
test_0851,test,bnp_004020_1,bnp_004020,history,has_context,easy,0,no,no
test_0852,test,bnp_015420_0,bnp_015420,mathematics,no_context,hard,1,no,no
test_0853,test,bnp_008865_0,bnp_008865,history,has_context,hard,1,no,no
test_0854,test,bnp_000275_1,bnp_000275,literature,no_context,hard,0,no,no
test_0855,test,bnp_027272_0,bnp_027272,history,has_context,hard,1,no,no
test_0856,test,bnp_028065_1,bnp_028065,reading_comprehension,has_context,easy,0,no,no
test_0857,test,bnp_031536_1,bnp_031536,reading_comprehension,has_context,easy,0,no,no
test_0858,test,bnp_021319_1,bnp_021319,others,has_context,hard,0,no,no
test_0859,test,bnp_030715_0,bnp_030715,literature,no_context,easy,1,no,no
test_0860,test,bnp_002125_0,bnp_002125,law,has_context,hard,1,no,no
test_0861,test,bnp_018298_0,bnp_018298,history,has_context,hard,1,no,no
test_0862,test,bnp_004986_0,bnp_004986,history,has_context,easy,1,no,no
test_0863,test,bnp_008028_1,bnp_008028,reading_comprehension,has_context,easy,0,no,no
test_0864,test,bnp_013161_0,bnp_013161,idiom_meaning,no_context,easy,1,no,no
test_0865,test,bnp_006649_0,bnp_006649,law,has_context,hard,1,no,no
test_0866,test,bnp_022596_0,bnp_022596,history,has_context,easy,1,no,no
test_0867,test,bnp_031777_1,bnp_031777,history,has_context,easy,0,no,no
test_0868,test,bnp_005907_1,bnp_005907,vocabulary,no_context,easy,0,no,no
test_0869,test,bnp_005375_0,bnp_005375,reading_comprehension,has_context,easy,1,no,no
test_0870,test,bnp_021163_1,bnp_021163,grammar,no_context,easy,0,no,no
test_0871,test,bnp_024058_0,bnp_024058,reading_comprehension,has_context,easy,1,no,no
test_0872,test,bnp_016529_0,bnp_016529,vocabulary,no_context,easy,1,no,no
test_0873,test,bnp_028996_1,bnp_028996,idiom_meaning,no_context,easy,0,no,no
test_0874,test,bnp_006382_0,bnp_006382,history,has_context,easy,1,no,no
test_0875,test,bnp_027696_0,bnp_027696,reading_comprehension,has_context,easy,1,no,no
test_0876,test,bnp_017875_0,bnp_017875,others,has_context,hard,1,no,no
test_0877,test,bnp_006126_1,bnp_006126,mathematics,no_context,easy,0,no,no
test_0878,test,bnp_009067_0,bnp_009067,history,has_context,hard,1,no,no
test_0879,test,bnp_008561_1,bnp_008561,law,has_context,hard,0,no,no
test_0880,test,bnp_013943_0,bnp_013943,history,has_context,easy,1,no,no
test_0881,test,bnp_029187_0,bnp_029187,bcs,no_context,easy,1,no,no
test_0882,test,bnp_000756_1,bnp_000756,history,has_context,easy,0,no,no
test_0883,test,bnp_026392_0,bnp_026392,reading_comprehension,has_context,hard,1,no,no
test_0884,test,bnp_000192_0,bnp_000192,reading_comprehension,has_context,easy,1,no,no
test_0885,test,bnp_006775_1,bnp_006775,science,no_context,easy,0,no,no
test_0886,test,bnp_030673_0,bnp_030673,law,has_context,hard,1,no,no
test_0887,test,bnp_025616_0,bnp_025616,history,has_context,easy,1,no,no
test_0888,test,bnp_011640_0,bnp_011640,mathematics,no_context,easy,1,no,no
test_0889,test,bnp_030706_0,bnp_030706,others,has_context,easy,1,no,no
test_0890,test,bnp_026374_1,bnp_026374,reading_comprehension,has_context,easy,0,no,no
test_0891,test,bnp_004131_0,bnp_004131,grammar,no_context,easy,1,no,no
test_0892,test,bnp_010463_1,bnp_010463,reading_comprehension,has_context,easy,0,no,no
test_0893,test,bnp_027431_1,bnp_027431,history,has_context,hard,0,no,no
test_0894,test,bnp_028014_1,bnp_028014,law,has_context,easy,0,no,no
test_0895,test,bnp_030458_1,bnp_030458,literature,no_context,easy,0,no,no
test_0896,test,bnp_024751_0,bnp_024751,history,has_context,easy,1,no,no
test_0897,test,bnp_025423_1,bnp_025423,literature,no_context,easy,0,no,no
test_0898,test,bnp_025438_0,bnp_025438,grammar,has_context,hard,1,no,no
test_0899,test,bnp_031416_1,bnp_031416,history,has_context,hard,0,no,no
test_0900,test,bnp_013840_0,bnp_013840,history,has_context,easy,1,no,no
test_0901,test,bnp_013567_0,bnp_013567,antonym,no_context,easy,1,no,no
test_0902,test,bnp_006891_1,bnp_006891,literature,no_context,hard,0,no,no
test_0903,test,bnp_031502_1,bnp_031502,idiom_meaning,no_context,easy,0,no,no
test_0904,test,bnp_010362_1,bnp_010362,reading_comprehension,has_context,easy,0,no,no
test_0905,test,bnp_005884_1,bnp_005884,reading_comprehension,has_context,easy,0,no,no
test_0906,test,bnp_028211_1,bnp_028211,vocabulary,no_context,easy,0,no,no
test_0907,test,bnp_010239_0,bnp_010239,history,has_context,hard,1,no,no
test_0908,test,bnp_018492_0,bnp_018492,mathematics,no_context,hard,1,no,no
test_0909,test,bnp_017298_1,bnp_017298,history,has_context,easy,0,no,no
test_0910,test,bnp_020944_0,bnp_020944,law,has_context,easy,1,no,no
test_0911,test,bnp_012139_1,bnp_012139,reading_comprehension,has_context,easy,0,no,no
test_0912,test,bnp_027166_0,bnp_027166,mathematics,no_context,easy,1,no,no
test_0913,test,bnp_029192_0,bnp_029192,antonym,no_context,easy,1,no,no
test_0914,test,bnp_022106_1,bnp_022106,reading_comprehension,has_context,easy,0,no,no
test_0915,test,bnp_025146_1,bnp_025146,mathematics,no_context,easy,0,no,no
test_0916,test,bnp_007089_0,bnp_007089,grammar,no_context,hard,1,no,no
test_0917,test,bnp_007383_1,bnp_007383,law,no_context,easy,0,no,no
test_0918,test,bnp_009443_0,bnp_009443,history,no_context,easy,1,no,no
test_0919,test,bnp_009411_1,bnp_009411,reading_comprehension,has_context,easy,0,no,no
test_0920,test,bnp_024099_0,bnp_024099,history,has_context,hard,1,no,no
test_0921,test,bnp_016052_0,bnp_016052,science,no_context,easy,1,no,no
test_0922,test,bnp_027462_1,bnp_027462,law,no_context,hard,0,no,no
test_0923,test,bnp_010875_0,bnp_010875,reading_comprehension,has_context,easy,1,no,no
test_0924,test,bnp_015910_1,bnp_015910,idiom_meaning,no_context,easy,0,no,no
test_0925,test,bnp_020557_0,bnp_020557,idiom_meaning,no_context,easy,1,no,no
test_0926,test,bnp_008932_0,bnp_008932,idiom_meaning,no_context,easy,1,no,no
test_0927,test,bnp_023594_1,bnp_023594,reading_comprehension,has_context,easy,0,no,no
test_0928,test,bnp_031027_0,bnp_031027,reading_comprehension,has_context,easy,1,no,no
test_0929,test,bnp_013698_0,bnp_013698,mathematics,no_context,easy,1,no,no
test_0930,test,bnp_026875_0,bnp_026875,history,has_context,hard,1,no,no
test_0931,test,bnp_022505_0,bnp_022505,antonym,no_context,easy,1,no,no
test_0932,test,bnp_022726_1,bnp_022726,bcs,no_context,easy,0,no,no
test_0933,test,bnp_029564_1,bnp_029564,bcs,no_context,easy,0,no,no
test_0934,test,bnp_006682_0,bnp_006682,history,has_context,easy,1,no,no
test_0935,test,bnp_001998_1,bnp_001998,reading_comprehension,has_context,easy,0,no,no
test_0936,test,bnp_001014_0,bnp_001014,literature,no_context,hard,1,no,no
test_0937,test,bnp_003418_1,bnp_003418,history,no_context,easy,0,no,no
test_0938,test,bnp_029449_1,bnp_029449,grammar,has_context,hard,0,no,no
test_0939,test,bnp_019783_0,bnp_019783,mathematics,no_context,easy,1,no,no
test_0940,test,bnp_031509_0,bnp_031509,idiom_meaning,no_context,easy,1,no,no
test_0941,test,bnp_023702_1,bnp_023702,history,has_context,easy,0,no,no
test_0942,test,bnp_015200_1,bnp_015200,history,has_context,easy,0,no,no
test_0943,test,bnp_030502_1,bnp_030502,reading_comprehension,has_context,hard,0,no,no
test_0944,test,bnp_029135_0,bnp_029135,reading_comprehension,has_context,easy,1,no,no
test_0945,test,bnp_008807_0,bnp_008807,mathematics,no_context,easy,1,no,no
test_0946,test,bnp_009257_1,bnp_009257,reading_comprehension,has_context,easy,0,no,no
test_0947,test,bnp_024859_0,bnp_024859,law,has_context,hard,1,no,no
test_0948,test,bnp_031799_0,bnp_031799,grammar,has_context,hard,1,no,no
test_0949,test,bnp_005095_0,bnp_005095,grammar,has_context,hard,1,no,no
test_0950,test,bnp_025929_1,bnp_025929,idiom_meaning,no_context,easy,0,no,no
test_0951,test,bnp_026266_0,bnp_026266,history,has_context,easy,1,no,no
test_0952,test,bnp_014807_1,bnp_014807,history,has_context,easy,0,no,no
test_0953,test,bnp_026140_1,bnp_026140,reading_comprehension,has_context,hard,0,no,no
test_0954,test,bnp_021499_1,bnp_021499,law,has_context,hard,0,no,no
test_0955,test,bnp_002234_1,bnp_002234,reading_comprehension,has_context,easy,0,no,no
test_0956,test,bnp_015418_1,bnp_015418,mathematics,no_context,easy,0,no,no
test_0957,test,bnp_024533_0,bnp_024533,history,has_context,easy,1,no,no
test_0958,test,bnp_004915_1,bnp_004915,reading_comprehension,has_context,hard,0,no,no
test_0959,test,bnp_009865_0,bnp_009865,history,has_context,easy,1,no,no
test_0960,test,bnp_005765_0,bnp_005765,vocabulary,no_context,easy,1,no,no
test_0961,test,bnp_002810_1,bnp_002810,reading_comprehension,has_context,hard,0,no,no
test_0962,test,bnp_005448_1,bnp_005448,reading_comprehension,has_context,easy,0,no,no
test_0963,test,bnp_013724_1,bnp_013724,science,no_context,hard,0,no,no
test_0964,test,bnp_024592_0,bnp_024592,history,has_context,hard,1,no,no
test_0965,test,bnp_005580_0,bnp_005580,history,has_context,hard,1,no,no
test_0966,test,bnp_028614_0,bnp_028614,history,has_context,easy,1,no,no
test_0967,test,bnp_004868_1,bnp_004868,history,has_context,easy,0,no,no
test_0968,test,bnp_025490_0,bnp_025490,grammar,has_context,hard,1,no,no
test_0969,test,bnp_020903_0,bnp_020903,history,has_context,easy,1,no,no
test_0970,test,bnp_010897_1,bnp_010897,reading_comprehension,has_context,easy,0,no,no
test_0971,test,bnp_022268_1,bnp_022268,science,no_context,easy,0,no,no
test_0972,test,bnp_031708_0,bnp_031708,law,no_context,easy,1,no,no
test_0973,test,bnp_003093_1,bnp_003093,bcs,no_context,easy,0,no,no
test_0974,test,bnp_027555_1,bnp_027555,reading_comprehension,has_context,hard,0,no,no
test_0975,test,bnp_011673_0,bnp_011673,idiom_meaning,no_context,easy,1,no,no
test_0976,test,bnp_000937_0,bnp_000937,law,has_context,easy,1,no,no
test_0977,test,bnp_017897_0,bnp_017897,synonym,no_context,easy,1,no,no
test_0978,test,bnp_014917_0,bnp_014917,antonym,no_context,easy,1,no,no
test_0979,test,bnp_013341_0,bnp_013341,literature,no_context,easy,1,no,no
test_0980,test,bnp_001560_1,bnp_001560,mathematics,no_context,easy,0,no,no
test_0981,test,bnp_031388_1,bnp_031388,history,has_context,hard,0,no,no
test_0982,test,bnp_031245_0,bnp_031245,idiom_meaning,no_context,easy,1,no,no
test_0983,test,bnp_011271_1,bnp_011271,bcs,no_context,hard,0,no,no
test_0984,test,bnp_018719_1,bnp_018719,antonym,no_context,easy,0,no,no
test_0985,test,bnp_006035_0,bnp_006035,reading_comprehension,has_context,easy,1,no,no
test_0986,test,bnp_029773_0,bnp_029773,reading_comprehension,has_context,easy,1,no,no
test_0987,test,bnp_005044_0,bnp_005044,reading_comprehension,has_context,easy,1,no,no
test_0988,test,bnp_030371_0,bnp_030371,reading_comprehension,has_context,easy,1,no,no
test_0989,test,bnp_008512_0,bnp_008512,history,has_context,easy,1,no,no
test_0990,test,bnp_021770_1,bnp_021770,science,no_context,hard,0,no,no
test_0991,test,bnp_001309_1,bnp_001309,history,has_context,hard,0,no,no
test_0992,test,bnp_004070_1,bnp_004070,mathematics,no_context,easy,0,no,no
test_0993,test,bnp_004537_0,bnp_004537,history,has_context,easy,1,no,no
test_0994,test,bnp_020118_0,bnp_020118,literature,no_context,easy,1,no,no
test_0995,test,bnp_011612_1,bnp_011612,history,has_context,hard,0,no,no
test_0996,test,bnp_022080_0,bnp_022080,reading_comprehension,has_context,easy,1,no,no
test_0997,test,bnp_003025_0,bnp_003025,history,has_context,easy,1,no,no
test_0998,test,bnp_030405_0,bnp_030405,history,has_context,easy,1,no,no
test_0999,test,bnp_001737_1,bnp_001737,science,no_context,easy,0,no,no
test_1000,test,bnp_006575_1,bnp_006575,history,has_context,hard,0,no,no
test_1001,test,bnp_031865_0,bnp_031865,history,has_context,easy,1,no,no
test_1002,test,bnp_029196_1,bnp_029196,history,has_context,hard,0,no,no
test_1003,test,bnp_011445_1,bnp_011445,reading_comprehension,has_context,easy,0,no,no
test_1004,test,bnp_022858_1,bnp_022858,antonym,no_context,easy,0,no,no
test_1005,test,bnp_028005_1,bnp_028005,literature,no_context,hard,0,no,no
test_1006,test,bnp_022965_1,bnp_022965,bcs,no_context,easy,0,no,no
test_1007,test,bnp_008508_1,bnp_008508,vocabulary,no_context,easy,0,no,no
test_1008,test,bnp_030245_1,bnp_030245,science,no_context,easy,0,no,no
test_1009,test,bnp_002782_1,bnp_002782,history,has_context,easy,0,no,no
test_1010,test,bnp_026890_1,bnp_026890,reading_comprehension,has_context,easy,0,no,no
test_1011,test,bnp_022532_1,bnp_022532,vocabulary,no_context,easy,0,no,no
test_1012,test,bnp_023267_0,bnp_023267,science,no_context,easy,1,no,no
test_1013,test,bnp_005727_0,bnp_005727,reading_comprehension,has_context,hard,1,no,no
test_1014,test,bnp_013696_0,bnp_013696,reading_comprehension,has_context,easy,1,no,no
test_1015,test,bnp_000209_1,bnp_000209,reading_comprehension,has_context,easy,0,no,no
test_1016,test,bnp_010100_0,bnp_010100,reading_comprehension,has_context,hard,1,no,no
test_1017,test,bnp_008031_0,bnp_008031,reading_comprehension,has_context,easy,1,no,no
test_1018,test,bnp_007019_1,bnp_007019,law,has_context,easy,0,no,no
test_1019,test,bnp_015223_0,bnp_015223,grammar,no_context,hard,1,no,no
test_1020,test,bnp_017562_0,bnp_017562,reading_comprehension,has_context,easy,1,no,no
test_1021,test,bnp_017981_0,bnp_017981,mathematics,no_context,hard,1,no,no
test_1022,test,bnp_022913_1,bnp_022913,law,no_context,hard,0,no,no
test_1023,test,bnp_024564_0,bnp_024564,reading_comprehension,has_context,easy,1,no,no
test_1024,test,bnp_014444_1,bnp_014444,antonym,no_context,easy,0,no,no
test_1025,test,bnp_025782_1,bnp_025782,grammar,no_context,hard,0,no,no
test_1026,test,bnp_022859_0,bnp_022859,others,has_context,easy,1,no,no
test_1027,test,bnp_004488_0,bnp_004488,grammar,no_context,hard,1,no,no
test_1028,test,bnp_031008_0,bnp_031008,law,no_context,hard,1,no,no
test_1029,test,bnp_009824_1,bnp_009824,reading_comprehension,has_context,easy,0,no,no
test_1030,test,bnp_031300_1,bnp_031300,law,no_context,easy,0,no,no
test_1031,test,bnp_022452_0,bnp_022452,grammar,has_context,hard,1,no,no
test_1032,test,bnp_006462_1,bnp_006462,synonym,no_context,easy,0,no,no
test_1033,test,bnp_015468_1,bnp_015468,grammar,no_context,hard,0,no,no
test_1034,test,bnp_003743_0,bnp_003743,science,no_context,easy,1,no,no
test_1035,test,bnp_026339_0,bnp_026339,science,no_context,easy,1,no,no
test_1036,test,bnp_003409_1,bnp_003409,antonym,no_context,easy,0,no,no
test_1037,test,bnp_016921_1,bnp_016921,reading_comprehension,has_context,easy,0,no,no
test_1038,test,bnp_031770_1,bnp_031770,reading_comprehension,has_context,hard,0,no,no
test_1039,test,bnp_017007_0,bnp_017007,others,has_context,hard,1,no,no
test_1040,test,bnp_010080_0,bnp_010080,reading_comprehension,has_context,easy,1,no,no
test_1041,test,bnp_006706_1,bnp_006706,literature,no_context,easy,0,no,no
test_1042,test,bnp_018962_1,bnp_018962,others,has_context,easy,0,no,no
test_1043,test,bnp_015744_1,bnp_015744,grammar,has_context,hard,0,no,no
test_1044,test,bnp_017249_1,bnp_017249,reading_comprehension,has_context,easy,0,no,no
test_1045,test,bnp_002611_1,bnp_002611,bcs,no_context,hard,0,no,no
test_1046,test,bnp_004582_1,bnp_004582,history,has_context,easy,0,no,no
test_1047,test,bnp_022598_0,bnp_022598,history,has_context,easy,1,no,no
test_1048,test,bnp_025091_0,bnp_025091,reading_comprehension,has_context,easy,1,no,no
test_1049,test,bnp_002420_0,bnp_002420,idiom_meaning,no_context,easy,1,no,no
test_1050,test,bnp_023629_1,bnp_023629,history,has_context,easy,0,no,no
test_1051,test,bnp_022829_1,bnp_022829,grammar,has_context,hard,0,no,no
test_1052,test,bnp_004027_1,bnp_004027,mathematics,no_context,easy,0,no,no
test_1053,test,bnp_008836_0,bnp_008836,bcs,no_context,easy,1,no,no
test_1054,test,bnp_014858_0,bnp_014858,bcs,no_context,hard,1,no,no
test_1055,test,bnp_021191_0,bnp_021191,history,has_context,easy,1,no,no
test_1056,test,bnp_002834_1,bnp_002834,law,no_context,hard,0,no,no
test_1057,test,bnp_003470_0,bnp_003470,grammar,has_context,hard,1,no,no
test_1058,test,bnp_001233_1,bnp_001233,vocabulary,no_context,easy,0,no,no
test_1059,test,bnp_014287_0,bnp_014287,science,no_context,easy,1,no,no
test_1060,test,bnp_021361_0,bnp_021361,history,has_context,easy,1,no,no
test_1061,test,bnp_023485_0,bnp_023485,others,has_context,hard,1,no,no
test_1062,test,bnp_004164_0,bnp_004164,history,has_context,hard,1,no,no
test_1063,test,bnp_027444_1,bnp_027444,law,no_context,easy,0,no,no
test_1064,test,bnp_031512_1,bnp_031512,history,has_context,easy,0,no,no
test_1065,test,bnp_031813_0,bnp_031813,reading_comprehension,has_context,easy,1,no,no
test_1066,test,bnp_004289_1,bnp_004289,literature,no_context,hard,0,no,no
test_1067,test,bnp_010069_1,bnp_010069,reading_comprehension,has_context,easy,0,no,no
test_1068,test,bnp_018499_0,bnp_018499,antonym,no_context,easy,1,no,no
test_1069,test,bnp_025789_0,bnp_025789,history,has_context,hard,1,no,no
test_1070,test,bnp_006523_1,bnp_006523,reading_comprehension,has_context,hard,0,no,no
test_1071,test,bnp_022969_0,bnp_022969,science,no_context,easy,1,no,no
test_1072,test,bnp_019849_0,bnp_019849,reading_comprehension,has_context,hard,1,no,no
test_1073,test,bnp_031325_1,bnp_031325,literature,no_context,easy,0,no,no
test_1074,test,bnp_021223_1,bnp_021223,others,has_context,hard,0,no,no
test_1075,test,bnp_023092_1,bnp_023092,history,has_context,hard,0,no,no
test_1076,test,bnp_026322_1,bnp_026322,idiom_meaning,no_context,easy,0,no,no
test_1077,test,bnp_027317_1,bnp_027317,antonym,no_context,easy,0,no,no
test_1078,test,bnp_005067_0,bnp_005067,synonym,no_context,easy,1,no,no
test_1079,test,bnp_007454_0,bnp_007454,mathematics,no_context,easy,1,no,no
test_1080,test,bnp_003648_0,bnp_003648,literature,no_context,easy,1,no,no
test_1081,test,bnp_030207_0,bnp_030207,history,has_context,hard,1,no,no
test_1082,test,bnp_014231_1,bnp_014231,antonym,no_context,easy,0,no,no
test_1083,test,bnp_016575_1,bnp_016575,reading_comprehension,has_context,easy,0,no,no
test_1084,test,bnp_027070_1,bnp_027070,literature,no_context,hard,0,no,no
test_1085,test,bnp_007569_1,bnp_007569,reading_comprehension,has_context,easy,0,no,no
test_1086,test,bnp_026677_1,bnp_026677,history,has_context,hard,0,no,no
test_1087,test,bnp_023855_0,bnp_023855,bcs,no_context,easy,1,no,no
test_1088,test,bnp_018033_0,bnp_018033,history,has_context,easy,1,no,no
test_1089,test,bnp_024408_0,bnp_024408,reading_comprehension,has_context,easy,1,no,no
test_1090,test,bnp_010210_1,bnp_010210,idiom_meaning,no_context,easy,0,no,no
test_1091,test,bnp_004952_0,bnp_004952,history,has_context,easy,1,no,no
test_1092,test,bnp_019769_0,bnp_019769,antonym,no_context,easy,1,no,no
test_1093,test,bnp_020297_1,bnp_020297,reading_comprehension,has_context,easy,0,no,no
test_1094,test,bnp_005134_1,bnp_005134,grammar,no_context,easy,0,no,no
test_1095,test,bnp_015007_0,bnp_015007,law,has_context,easy,1,no,no
test_1096,test,bnp_019650_0,bnp_019650,grammar,no_context,easy,1,no,no
test_1097,test,bnp_014376_1,bnp_014376,reading_comprehension,has_context,easy,0,no,no
test_1098,test,bnp_012199_0,bnp_012199,history,has_context,easy,1,no,no
test_1099,test,bnp_028545_1,bnp_028545,grammar,has_context,hard,0,no,no
test_1100,test,bnp_023850_1,bnp_023850,literature,no_context,easy,0,no,no
test_1101,test,bnp_020253_0,bnp_020253,reading_comprehension,has_context,easy,1,no,no
test_1102,test,bnp_020043_1,bnp_020043,grammar,no_context,hard,0,no,no
test_1103,test,bnp_022974_0,bnp_022974,literature,no_context,easy,1,no,no
test_1104,test,bnp_014371_0,bnp_014371,history,has_context,easy,1,no,no
test_1105,test,bnp_004339_1,bnp_004339,bcs,no_context,hard,0,no,no
test_1106,test,bnp_014813_1,bnp_014813,history,has_context,hard,0,no,no
test_1107,test,bnp_011291_0,bnp_011291,grammar,no_context,easy,1,no,no
test_1108,test,bnp_002789_1,bnp_002789,reading_comprehension,has_context,easy,0,no,no
test_1109,test,bnp_019550_1,bnp_019550,history,has_context,easy,0,no,no
test_1110,test,bnp_020157_1,bnp_020157,science,no_context,easy,0,no,no
test_1111,test,bnp_022935_0,bnp_022935,grammar,no_context,hard,1,no,no
test_1112,test,bnp_001403_1,bnp_001403,others,has_context,easy,0,no,no
test_1113,test,bnp_023511_0,bnp_023511,reading_comprehension,has_context,easy,1,no,no
test_1114,test,bnp_028253_0,bnp_028253,bcs,no_context,hard,1,no,no
test_1115,test,bnp_000430_0,bnp_000430,idiom_meaning,no_context,easy,1,no,no
test_1116,test,bnp_003422_1,bnp_003422,history,has_context,hard,0,no,no
test_1117,test,bnp_015739_0,bnp_015739,literature,no_context,easy,1,no,no
test_1118,test,bnp_028715_0,bnp_028715,reading_comprehension,has_context,hard,1,no,no
test_1119,test,bnp_024880_1,bnp_024880,reading_comprehension,has_context,easy,0,no,no
test_1120,test,bnp_001385_1,bnp_001385,law,has_context,easy,0,no,no
test_1121,test,bnp_015038_1,bnp_015038,reading_comprehension,has_context,easy,0,no,no
test_1122,test,bnp_011592_0,bnp_011592,grammar,has_context,hard,1,no,no
test_1123,test,bnp_000562_1,bnp_000562,history,has_context,hard,0,no,no
test_1124,test,bnp_022489_0,bnp_022489,reading_comprehension,has_context,easy,1,no,no
test_1125,test,bnp_023026_0,bnp_023026,science,no_context,easy,1,no,no
test_1126,test,bnp_025869_1,bnp_025869,mathematics,no_context,easy,0,no,no
test_1127,test,bnp_023430_1,bnp_023430,law,no_context,easy,0,no,no
test_1128,test,bnp_022828_0,bnp_022828,bcs,no_context,hard,1,no,no
test_1129,test,bnp_002206_0,bnp_002206,reading_comprehension,has_context,easy,1,no,no
test_1130,test,bnp_005598_1,bnp_005598,grammar,no_context,easy,0,no,no
test_1131,test,bnp_024306_1,bnp_024306,reading_comprehension,has_context,easy,0,no,no
test_1132,test,bnp_018168_0,bnp_018168,reading_comprehension,has_context,easy,1,no,no
test_1133,test,bnp_004011_1,bnp_004011,vocabulary,no_context,easy,0,no,no
test_1134,test,bnp_013320_0,bnp_013320,grammar,has_context,hard,1,no,no
test_1135,test,bnp_021693_0,bnp_021693,grammar,no_context,hard,1,no,no
test_1136,test,bnp_030662_0,bnp_030662,idiom_meaning,no_context,easy,1,no,no
test_1137,test,bnp_016482_0,bnp_016482,vocabulary,no_context,easy,1,no,no
test_1138,test,bnp_011310_1,bnp_011310,reading_comprehension,has_context,hard,0,no,no
test_1139,test,bnp_013049_1,bnp_013049,history,has_context,easy,0,no,no
test_1140,test,bnp_024825_1,bnp_024825,reading_comprehension,has_context,easy,0,no,no
test_1141,test,bnp_015823_1,bnp_015823,history,has_context,easy,0,no,no
test_1142,test,bnp_029520_1,bnp_029520,reading_comprehension,has_context,easy,0,no,no
test_1143,test,bnp_026240_1,bnp_026240,history,has_context,easy,0,no,no
test_1144,test,bnp_003144_0,bnp_003144,reading_comprehension,has_context,easy,1,no,no
test_1145,test,bnp_024240_0,bnp_024240,reading_comprehension,has_context,easy,1,no,no
test_1146,test,bnp_001246_0,bnp_001246,law,no_context,hard,1,no,no
test_1147,test,bnp_017710_0,bnp_017710,reading_comprehension,has_context,easy,1,no,no
test_1148,test,bnp_019306_1,bnp_019306,reading_comprehension,has_context,easy,0,no,no
test_1149,test,bnp_007861_0,bnp_007861,idiom_meaning,no_context,easy,1,no,no
test_1150,test,bnp_001848_1,bnp_001848,antonym,no_context,easy,0,no,no
test_1151,test,bnp_007876_1,bnp_007876,reading_comprehension,has_context,hard,0,no,no
test_1152,test,bnp_023269_0,bnp_023269,science,no_context,easy,1,no,no
test_1153,test,bnp_029177_1,bnp_029177,reading_comprehension,has_context,easy,0,no,no
test_1154,test,bnp_011186_0,bnp_011186,reading_comprehension,has_context,easy,1,no,no
test_1155,test,bnp_019856_1,bnp_019856,bcs,no_context,easy,0,no,no
test_1156,test,bnp_020660_0,bnp_020660,grammar,has_context,hard,1,no,no
test_1157,test,bnp_030017_1,bnp_030017,reading_comprehension,has_context,easy,0,no,no
test_1158,test,bnp_012316_0,bnp_012316,bcs,no_context,easy,1,no,no
test_1159,test,bnp_031834_1,bnp_031834,bcs,no_context,hard,0,no,no
test_1160,test,bnp_015617_1,bnp_015617,antonym,no_context,easy,0,no,no
test_1161,test,bnp_030060_0,bnp_030060,bcs,no_context,easy,1,no,no
test_1162,test,bnp_019444_1,bnp_019444,reading_comprehension,has_context,easy,0,no,no
test_1163,test,bnp_002120_0,bnp_002120,literature,no_context,easy,1,no,no
test_1164,test,bnp_023996_1,bnp_023996,reading_comprehension,has_context,easy,0,no,no
test_1165,test,bnp_011719_1,bnp_011719,history,has_context,easy,0,no,no
test_1166,test,bnp_028303_0,bnp_028303,law,has_context,hard,1,no,no
test_1167,test,bnp_014372_1,bnp_014372,reading_comprehension,has_context,easy,0,no,no
test_1168,test,bnp_017688_0,bnp_017688,reading_comprehension,has_context,hard,1,no,no
test_1169,test,bnp_029125_0,bnp_029125,antonym,no_context,easy,1,no,no
test_1170,test,bnp_004774_1,bnp_004774,reading_comprehension,has_context,easy,0,no,no
test_1171,test,bnp_001197_1,bnp_001197,antonym,no_context,easy,0,no,no
test_1172,test,bnp_025160_0,bnp_025160,law,has_context,easy,1,no,no
test_1173,test,bnp_025742_0,bnp_025742,law,has_context,hard,1,no,no
test_1174,test,bnp_018007_1,bnp_018007,antonym,no_context,easy,0,no,no
test_1175,test,bnp_028658_1,bnp_028658,grammar,no_context,hard,0,no,no
test_1176,test,bnp_030461_0,bnp_030461,law,no_context,easy,1,no,no
test_1177,test,bnp_022065_0,bnp_022065,literature,no_context,easy,1,no,no
test_1178,test,bnp_002555_0,bnp_002555,mathematics,no_context,easy,1,no,no
test_1179,test,bnp_011678_0,bnp_011678,synonym,no_context,easy,1,no,no
test_1180,test,bnp_008338_1,bnp_008338,reading_comprehension,has_context,easy,0,no,no
test_1181,test,bnp_016801_1,bnp_016801,law,has_context,easy,0,no,no
test_1182,test,bnp_015239_1,bnp_015239,grammar,no_context,easy,0,no,no
test_1183,test,bnp_002952_0,bnp_002952,bcs,no_context,easy,1,no,no
test_1184,test,bnp_022337_0,bnp_022337,reading_comprehension,has_context,easy,1,no,no
test_1185,test,bnp_029535_1,bnp_029535,history,has_context,hard,0,no,no
test_1186,test,bnp_017104_0,bnp_017104,reading_comprehension,has_context,easy,1,no,no
test_1187,test,bnp_006919_1,bnp_006919,mathematics,no_context,easy,0,no,no
test_1188,test,bnp_004766_1,bnp_004766,grammar,no_context,hard,0,no,no
test_1189,test,bnp_016051_0,bnp_016051,bcs,no_context,easy,1,no,no
test_1190,test,bnp_025046_1,bnp_025046,reading_comprehension,has_context,easy,0,no,no
test_1191,test,bnp_002414_0,bnp_002414,law,has_context,easy,1,no,no
test_1192,test,bnp_008141_1,bnp_008141,bcs,no_context,hard,0,no,no
test_1193,test,bnp_009539_0,bnp_009539,science,no_context,easy,1,no,no
test_1194,test,bnp_014268_0,bnp_014268,literature,no_context,easy,1,no,no
test_1195,test,bnp_022697_1,bnp_022697,law,has_context,hard,0,no,no
test_1196,test,bnp_004079_1,bnp_004079,history,has_context,easy,0,no,no
test_1197,test,bnp_016528_0,bnp_016528,reading_comprehension,has_context,easy,1,no,no
test_1198,test,bnp_017963_0,bnp_017963,reading_comprehension,has_context,easy,1,no,no
test_1199,test,bnp_004585_0,bnp_004585,synonym,no_context,easy,1,no,no
test_1200,test,bnp_003003_0,bnp_003003,reading_comprehension,has_context,hard,1,no,no
test_1201,test,bnp_019721_1,bnp_019721,bcs,no_context,easy,0,no,no
test_1202,test,bnp_014734_1,bnp_014734,antonym,no_context,easy,0,no,no
test_1203,test,bnp_016195_0,bnp_016195,science,no_context,easy,1,no,no
test_1204,test,bnp_017580_1,bnp_017580,grammar,has_context,hard,0,no,no
test_1205,test,bnp_028330_1,bnp_028330,idiom_meaning,no_context,easy,0,no,no
test_1206,test,bnp_023281_1,bnp_023281,law,no_context,easy,0,no,no
test_1207,test,bnp_018653_1,bnp_018653,history,has_context,hard,0,no,no
test_1208,test,bnp_028991_0,bnp_028991,reading_comprehension,has_context,easy,1,no,no
test_1209,test,bnp_011222_1,bnp_011222,synonym,no_context,easy,0,no,no
test_1210,test,bnp_026774_0,bnp_026774,history,has_context,easy,1,no,no
test_1211,test,bnp_019825_1,bnp_019825,grammar,has_context,hard,0,no,no
test_1212,test,bnp_021661_0,bnp_021661,others,has_context,hard,1,no,no
test_1213,test,bnp_023130_0,bnp_023130,reading_comprehension,has_context,hard,1,no,no
test_1214,test,bnp_023788_0,bnp_023788,law,has_context,easy,1,no,no
test_1215,test,bnp_024986_1,bnp_024986,law,no_context,hard,0,no,no
test_1216,test,bnp_000264_0,bnp_000264,history,has_context,easy,1,no,no
test_1217,test,bnp_029677_0,bnp_029677,reading_comprehension,has_context,easy,1,no,no
test_1218,test,bnp_016048_0,bnp_016048,history,has_context,hard,1,no,no
test_1219,test,bnp_007086_1,bnp_007086,reading_comprehension,has_context,easy,0,no,no
test_1220,test,bnp_013259_1,bnp_013259,history,has_context,hard,0,no,no
test_1221,test,bnp_030751_0,bnp_030751,reading_comprehension,has_context,easy,1,no,no
test_1222,test,bnp_002326_1,bnp_002326,reading_comprehension,has_context,easy,0,no,no
test_1223,test,bnp_000096_1,bnp_000096,reading_comprehension,has_context,easy,0,no,no
test_1224,test,bnp_006911_1,bnp_006911,synonym,no_context,easy,0,no,no
test_1225,test,bnp_024046_1,bnp_024046,reading_comprehension,has_context,easy,0,no,no
test_1226,test,bnp_001228_1,bnp_001228,idiom_meaning,no_context,easy,0,no,no
test_1227,test,bnp_028761_1,bnp_028761,idiom_meaning,no_context,easy,0,no,no
test_1228,test,bnp_012399_0,bnp_012399,reading_comprehension,has_context,easy,1,no,no
test_1229,test,bnp_003722_0,bnp_003722,antonym,no_context,easy,1,no,no
test_1230,test,bnp_003785_1,bnp_003785,grammar,no_context,easy,0,no,no
test_1231,test,bnp_002197_1,bnp_002197,reading_comprehension,has_context,hard,0,no,no
test_1232,test,bnp_004999_0,bnp_004999,reading_comprehension,has_context,easy,1,no,no
test_1233,test,bnp_013021_0,bnp_013021,vocabulary,no_context,easy,1,no,no
test_1234,test,bnp_021972_0,bnp_021972,antonym,no_context,easy,1,no,no
test_1235,test,bnp_005047_1,bnp_005047,reading_comprehension,has_context,hard,0,no,no
test_1236,test,bnp_010542_1,bnp_010542,history,has_context,easy,0,no,no
test_1237,test,bnp_021414_1,bnp_021414,others,has_context,hard,0,no,no
test_1238,test,bnp_026094_0,bnp_026094,science,no_context,easy,1,no,no
test_1239,test,bnp_006790_1,bnp_006790,reading_comprehension,has_context,easy,0,no,no
test_1240,test,bnp_005109_0,bnp_005109,history,has_context,easy,1,no,no
test_1241,test,bnp_026706_0,bnp_026706,law,has_context,easy,1,no,no
test_1242,test,bnp_026878_1,bnp_026878,reading_comprehension,has_context,hard,0,no,no
test_1243,test,bnp_019240_1,bnp_019240,reading_comprehension,has_context,easy,0,no,no
test_1244,test,bnp_009501_0,bnp_009501,antonym,no_context,easy,1,no,no
test_1245,test,bnp_023801_1,bnp_023801,antonym,no_context,easy,0,no,no
test_1246,test,bnp_003697_1,bnp_003697,reading_comprehension,has_context,easy,0,no,no
test_1247,test,bnp_021945_1,bnp_021945,reading_comprehension,has_context,easy,0,no,no
test_1248,test,bnp_008326_0,bnp_008326,reading_comprehension,has_context,hard,1,no,no
test_1249,test,bnp_013198_0,bnp_013198,others,has_context,easy,1,no,no
test_1250,test,bnp_012804_0,bnp_012804,mathematics,no_context,easy,1,no,no
test_1251,test,bnp_003215_1,bnp_003215,history,has_context,easy,0,no,no
test_1252,test,bnp_016086_0,bnp_016086,reading_comprehension,has_context,easy,1,no,no
test_1253,test,bnp_018995_1,bnp_018995,law,has_context,easy,0,no,no
test_1254,test,bnp_030484_1,bnp_030484,others,has_context,hard,0,no,no
test_1255,test,bnp_003324_1,bnp_003324,grammar,no_context,hard,0,no,no
test_1256,test,bnp_027652_1,bnp_027652,science,no_context,easy,0,no,no
test_1257,test,bnp_004003_1,bnp_004003,literature,no_context,easy,0,no,no
test_1258,test,bnp_007495_1,bnp_007495,mathematics,no_context,easy,0,no,no
test_1259,test,bnp_012791_0,bnp_012791,reading_comprehension,has_context,easy,1,no,no
test_1260,test,bnp_015654_1,bnp_015654,grammar,no_context,hard,0,no,no
test_1261,test,bnp_021287_0,bnp_021287,history,has_context,easy,1,no,no
test_1262,test,bnp_013666_0,bnp_013666,science,no_context,easy,1,no,no
test_1263,test,bnp_022515_0,bnp_022515,law,has_context,hard,1,no,no
test_1264,test,bnp_004016_1,bnp_004016,grammar,has_context,hard,0,no,no
test_1265,test,bnp_022862_1,bnp_022862,antonym,no_context,easy,0,no,no
test_1266,test,bnp_014335_1,bnp_014335,reading_comprehension,has_context,easy,0,no,no
test_1267,test,bnp_012558_1,bnp_012558,science,no_context,easy,0,no,no
test_1268,test,bnp_008651_1,bnp_008651,grammar,has_context,hard,0,no,no
test_1269,test,bnp_005213_0,bnp_005213,history,has_context,easy,1,no,no
test_1270,test,bnp_008673_1,bnp_008673,idiom_meaning,no_context,easy,0,no,no
test_1271,test,bnp_027489_0,bnp_027489,science,no_context,easy,1,no,no
test_1272,test,bnp_018332_1,bnp_018332,others,has_context,hard,0,no,no
test_1273,test,bnp_006334_0,bnp_006334,mathematics,no_context,easy,1,no,no
test_1274,test,bnp_004396_0,bnp_004396,law,has_context,hard,1,no,no
test_1275,test,bnp_005829_1,bnp_005829,history,has_context,easy,0,no,no
test_1276,test,bnp_005863_0,bnp_005863,vocabulary,no_context,easy,1,no,no
test_1277,test,bnp_010475_1,bnp_010475,history,has_context,easy,0,no,no
test_1278,test,bnp_003065_1,bnp_003065,literature,no_context,hard,0,no,no
test_1279,test,bnp_004636_1,bnp_004636,grammar,no_context,easy,0,no,no
test_1280,test,bnp_001396_0,bnp_001396,history,has_context,easy,1,no,no
test_1281,test,bnp_002138_0,bnp_002138,mathematics,no_context,hard,1,no,no
test_1282,test,bnp_009168_1,bnp_009168,history,has_context,easy,0,no,no
test_1283,test,bnp_012519_1,bnp_012519,mathematics,no_context,easy,0,no,no
test_1284,test,bnp_013881_0,bnp_013881,law,no_context,hard,1,no,no
test_1285,test,bnp_010759_1,bnp_010759,history,has_context,hard,0,no,no
test_1286,test,bnp_017139_1,bnp_017139,history,has_context,hard,0,no,no
test_1287,test,bnp_022234_0,bnp_022234,mathematics,no_context,easy,1,no,no
test_1288,test,bnp_005012_0,bnp_005012,law,has_context,easy,1,no,no
test_1289,test,bnp_025440_0,bnp_025440,reading_comprehension,has_context,hard,1,no,no
test_1290,test,bnp_029870_0,bnp_029870,grammar,no_context,hard,1,no,no
test_1291,test,bnp_020161_0,bnp_020161,others,has_context,easy,1,no,no
test_1292,test,bnp_030625_0,bnp_030625,antonym,no_context,easy,1,no,no
test_1293,test,bnp_003484_1,bnp_003484,reading_comprehension,has_context,easy,0,no,no
test_1294,test,bnp_000537_0,bnp_000537,idiom_meaning,no_context,easy,1,no,no
test_1295,test,bnp_000739_0,bnp_000739,grammar,has_context,hard,1,no,no
test_1296,test,bnp_026368_1,bnp_026368,law,has_context,easy,0,no,no
test_1297,test,bnp_015208_1,bnp_015208,antonym,no_context,easy,0,no,no
test_1298,test,bnp_008499_0,bnp_008499,idiom_meaning,no_context,easy,1,no,no
test_1299,test,bnp_016384_0,bnp_016384,reading_comprehension,has_context,easy,1,no,no
test_1300,test,bnp_025287_0,bnp_025287,history,has_context,easy,1,no,no
test_1301,test,bnp_009295_1,bnp_009295,reading_comprehension,has_context,easy,0,no,no
test_1302,test,bnp_028562_0,bnp_028562,literature,no_context,easy,1,no,no
test_1303,test,bnp_011657_1,bnp_011657,history,has_context,hard,0,no,no
test_1304,test,bnp_022735_0,bnp_022735,reading_comprehension,has_context,hard,1,no,no
test_1305,test,bnp_019187_0,bnp_019187,reading_comprehension,has_context,easy,1,no,no
test_1306,test,bnp_028445_1,bnp_028445,others,has_context,easy,0,no,no
test_1307,test,bnp_012642_1,bnp_012642,reading_comprehension,has_context,easy,0,no,no
test_1308,test,bnp_004851_1,bnp_004851,science,no_context,easy,0,no,no
test_1309,test,bnp_013270_0,bnp_013270,history,has_context,hard,1,no,no
test_1310,test,bnp_013370_1,bnp_013370,reading_comprehension,has_context,easy,0,no,no
test_1311,test,bnp_016363_0,bnp_016363,history,has_context,hard,1,no,no
test_1312,test,bnp_013557_0,bnp_013557,reading_comprehension,has_context,hard,1,no,no
test_1313,test,bnp_029673_0,bnp_029673,reading_comprehension,has_context,easy,1,no,no
test_1314,test,bnp_021450_0,bnp_021450,law,no_context,easy,1,no,no
test_1315,test,bnp_017260_0,bnp_017260,history,has_context,easy,1,no,no
test_1316,test,bnp_025644_0,bnp_025644,literature,no_context,hard,1,no,no
test_1317,test,bnp_004822_1,bnp_004822,reading_comprehension,has_context,easy,0,no,no
test_1318,test,bnp_002452_1,bnp_002452,science,no_context,hard,0,no,no
test_1319,test,bnp_025618_0,bnp_025618,grammar,no_context,hard,1,no,no
test_1320,test,bnp_015280_0,bnp_015280,history,has_context,hard,1,no,no
test_1321,test,bnp_018589_0,bnp_018589,literature,no_context,easy,1,no,no
test_1322,test,bnp_022391_1,bnp_022391,reading_comprehension,has_context,easy,0,no,no
test_1323,test,bnp_014238_1,bnp_014238,reading_comprehension,has_context,easy,0,no,no
test_1324,test,bnp_000825_1,bnp_000825,history,no_context,easy,0,no,no
test_1325,test,bnp_021642_1,bnp_021642,science,no_context,hard,0,no,no
test_1326,test,bnp_025620_1,bnp_025620,reading_comprehension,has_context,easy,0,no,no
test_1327,test,bnp_006848_1,bnp_006848,history,has_context,easy,0,no,no
test_1328,test,bnp_013155_0,bnp_013155,reading_comprehension,has_context,easy,1,no,no
test_1329,test,bnp_023016_1,bnp_023016,antonym,no_context,easy,0,no,no
test_1330,test,bnp_019149_1,bnp_019149,law,has_context,hard,0,no,no
test_1331,test,bnp_018532_0,bnp_018532,idiom_meaning,no_context,easy,1,no,no
test_1332,test,bnp_011467_0,bnp_011467,antonym,no_context,easy,1,no,no
test_1333,test,bnp_025692_1,bnp_025692,science,no_context,hard,0,no,no
test_1334,test,bnp_031459_1,bnp_031459,reading_comprehension,has_context,hard,0,no,no
test_1335,test,bnp_014523_0,bnp_014523,history,has_context,easy,1,no,no
test_1336,test,bnp_023069_1,bnp_023069,history,has_context,easy,0,no,no
test_1337,test,bnp_019629_0,bnp_019629,grammar,no_context,hard,1,no,no
test_1338,test,bnp_022845_0,bnp_022845,literature,no_context,easy,1,no,no
test_1339,test,bnp_031562_1,bnp_031562,reading_comprehension,has_context,easy,0,no,no
test_1340,test,bnp_002945_1,bnp_002945,grammar,no_context,easy,0,no,no
test_1341,test,bnp_005588_0,bnp_005588,reading_comprehension,has_context,easy,1,no,no
test_1342,test,bnp_013172_1,bnp_013172,reading_comprehension,has_context,easy,0,no,no
test_1343,test,bnp_031222_0,bnp_031222,idiom_meaning,no_context,easy,1,no,no
test_1344,test,bnp_002958_0,bnp_002958,reading_comprehension,has_context,hard,1,no,no
test_1345,test,bnp_016867_0,bnp_016867,history,has_context,easy,1,no,no
test_1346,test,bnp_028046_0,bnp_028046,bcs,no_context,hard,1,no,no
test_1347,test,bnp_010106_0,bnp_010106,mathematics,no_context,hard,1,no,no
test_1348,test,bnp_007817_0,bnp_007817,bcs,no_context,easy,1,no,no
test_1349,test,bnp_030784_1,bnp_030784,history,has_context,hard,0,no,no
test_1350,test,bnp_021840_1,bnp_021840,reading_comprehension,has_context,hard,0,no,no
test_1351,test,bnp_011620_1,bnp_011620,bcs,no_context,easy,0,no,no
test_1352,test,bnp_018605_1,bnp_018605,mathematics,no_context,easy,0,no,no
test_1353,test,bnp_020169_0,bnp_020169,reading_comprehension,has_context,hard,1,no,no
test_1354,test,bnp_024002_0,bnp_024002,reading_comprehension,has_context,hard,1,no,no
test_1355,test,bnp_007175_1,bnp_007175,reading_comprehension,has_context,easy,0,no,no
test_1356,test,bnp_028922_0,bnp_028922,science,no_context,hard,1,no,no
dev_0001,dev,bnp_028275_1,bnp_028275,history,has_context,easy,0,yes,no
dev_0002,dev,bnp_009542_0,bnp_009542,reading_comprehension,has_context,easy,1,yes,no
dev_0003,dev,bnp_013164_1,bnp_013164,grammar,has_context,hard,0,yes,no
dev_0004,dev,bnp_015458_1,bnp_015458,reading_comprehension,has_context,easy,0,yes,no
dev_0005,dev,bnp_021580_1,bnp_021580,reading_comprehension,has_context,easy,0,yes,no
dev_0006,dev,bnp_003920_0,bnp_003920,reading_comprehension,has_context,easy,1,yes,no
dev_0007,dev,bnp_026231_0,bnp_026231,science,no_context,easy,1,no,yes
dev_0008,dev,bnp_027719_1,bnp_027719,idiom_meaning,no_context,easy,0,yes,no
dev_0009,dev,bnp_024454_1,bnp_024454,reading_comprehension,has_context,easy,0,yes,no
dev_0010,dev,bnp_002062_1,bnp_002062,literature,no_context,easy,0,yes,no
dev_0011,dev,bnp_008178_1,bnp_008178,antonym,no_context,easy,0,yes,no
dev_0012,dev,bnp_006450_0,bnp_006450,science,no_context,easy,1,yes,no
dev_0013,dev,bnp_014456_0,bnp_014456,history,has_context,easy,1,yes,no
dev_0014,dev,bnp_020243_0,bnp_020243,history,has_context,easy,1,yes,no
dev_0015,dev,bnp_019515_0,bnp_019515,literature,no_context,easy,1,yes,no
dev_0016,dev,bnp_007552_1,bnp_007552,science,no_context,hard,0,yes,no
dev_0017,dev,bnp_021270_0,bnp_021270,idiom_meaning,no_context,easy,1,yes,no
dev_0018,dev,bnp_028567_0,bnp_028567,reading_comprehension,has_context,easy,1,yes,no
dev_0019,dev,bnp_013697_1,bnp_013697,history,has_context,easy,0,yes,no
dev_0020,dev,bnp_011502_1,bnp_011502,antonym,no_context,easy,0,yes,no
dev_0021,dev,bnp_031073_0,bnp_031073,reading_comprehension,has_context,easy,1,yes,no
dev_0022,dev,bnp_031337_1,bnp_031337,vocabulary,no_context,easy,0,yes,no
dev_0023,dev,bnp_027298_1,bnp_027298,law,no_context,easy,0,yes,no
dev_0024,dev,bnp_021421_0,bnp_021421,bcs,no_context,easy,1,yes,no
dev_0025,dev,bnp_007857_1,bnp_007857,reading_comprehension,has_context,easy,0,yes,no
dev_0026,dev,bnp_031283_0,bnp_031283,reading_comprehension,has_context,easy,1,yes,no
dev_0027,dev,bnp_008770_0,bnp_008770,science,no_context,easy,1,no,yes
dev_0028,dev,bnp_013154_1,bnp_013154,reading_comprehension,has_context,easy,0,yes,no
dev_0029,dev,bnp_009116_0,bnp_009116,reading_comprehension,has_context,easy,1,yes,no
dev_0030,dev,bnp_017437_0,bnp_017437,history,has_context,easy,1,yes,no
dev_0031,dev,bnp_013214_0,bnp_013214,law,no_context,hard,1,yes,no
dev_0032,dev,bnp_020270_0,bnp_020270,bcs,no_context,easy,1,yes,no
dev_0033,dev,bnp_007106_0,bnp_007106,reading_comprehension,has_context,hard,1,yes,no
dev_0034,dev,bnp_018613_1,bnp_018613,law,has_context,hard,0,yes,no
dev_0035,dev,bnp_025122_1,bnp_025122,history,has_context,hard,0,yes,no
dev_0036,dev,bnp_020358_0,bnp_020358,reading_comprehension,has_context,easy,1,yes,no
dev_0037,dev,bnp_010784_1,bnp_010784,bcs,no_context,easy,0,yes,no
dev_0038,dev,bnp_020798_1,bnp_020798,bcs,no_context,hard,0,no,yes
dev_0039,dev,bnp_013844_1,bnp_013844,bcs,no_context,hard,0,yes,no
dev_0040,dev,bnp_023739_1,bnp_023739,grammar,has_context,hard,0,yes,no
dev_0041,dev,bnp_002785_1,bnp_002785,science,no_context,easy,0,yes,no
dev_0042,dev,bnp_008672_1,bnp_008672,grammar,no_context,hard,0,yes,no
dev_0043,dev,bnp_028469_1,bnp_028469,reading_comprehension,has_context,easy,0,yes,no
dev_0044,dev,bnp_012005_1,bnp_012005,history,has_context,hard,0,yes,no
dev_0045,dev,bnp_002955_0,bnp_002955,reading_comprehension,has_context,easy,1,yes,no
dev_0046,dev,bnp_028865_0,bnp_028865,grammar,no_context,hard,1,yes,no
dev_0047,dev,bnp_024795_1,bnp_024795,history,has_context,hard,0,no,yes
dev_0048,dev,bnp_018066_1,bnp_018066,history,has_context,easy,0,yes,no
dev_0049,dev,bnp_017579_1,bnp_017579,history,has_context,easy,0,yes,no
dev_0050,dev,bnp_000786_1,bnp_000786,history,has_context,easy,0,yes,no
dev_0051,dev,bnp_000901_0,bnp_000901,history,has_context,easy,1,yes,no
dev_0052,dev,bnp_022213_1,bnp_022213,antonym,no_context,easy,0,yes,no
dev_0053,dev,bnp_006077_1,bnp_006077,idiom_meaning,no_context,easy,0,yes,no
dev_0054,dev,bnp_001495_0,bnp_001495,science,no_context,easy,1,yes,no
dev_0055,dev,bnp_022839_1,bnp_022839,history,has_context,hard,0,yes,no
dev_0056,dev,bnp_020103_1,bnp_020103,literature,no_context,easy,0,yes,no
dev_0057,dev,bnp_019756_0,bnp_019756,grammar,no_context,hard,1,yes,no
dev_0058,dev,bnp_028265_0,bnp_028265,reading_comprehension,has_context,hard,1,no,yes
dev_0059,dev,bnp_022569_0,bnp_022569,reading_comprehension,has_context,easy,1,yes,no
dev_0060,dev,bnp_009634_1,bnp_009634,reading_comprehension,has_context,easy,0,yes,no
dev_0061,dev,bnp_031106_1,bnp_031106,law,has_context,hard,0,yes,no
dev_0062,dev,bnp_031567_0,bnp_031567,history,has_context,hard,1,yes,no
dev_0063,dev,bnp_024941_1,bnp_024941,reading_comprehension,has_context,easy,0,yes,no
dev_0064,dev,bnp_011338_1,bnp_011338,synonym,no_context,easy,0,yes,no
dev_0065,dev,bnp_007992_0,bnp_007992,history,has_context,hard,1,yes,no
dev_0066,dev,bnp_000172_0,bnp_000172,reading_comprehension,has_context,easy,1,yes,no
dev_0067,dev,bnp_029591_1,bnp_029591,history,has_context,hard,0,no,yes
dev_0068,dev,bnp_027525_0,bnp_027525,science,no_context,easy,1,no,yes
dev_0069,dev,bnp_020447_1,bnp_020447,reading_comprehension,has_context,hard,0,yes,no
dev_0070,dev,bnp_018832_1,bnp_018832,law,has_context,easy,0,yes,no
dev_0071,dev,bnp_016243_0,bnp_016243,law,has_context,easy,1,yes,no
dev_0072,dev,bnp_029377_1,bnp_029377,bcs,no_context,hard,0,yes,no
dev_0073,dev,bnp_014360_0,bnp_014360,reading_comprehension,has_context,hard,1,yes,no
dev_0074,dev,bnp_011044_0,bnp_011044,reading_comprehension,has_context,easy,1,yes,no
dev_0075,dev,bnp_023327_0,bnp_023327,mathematics,no_context,hard,1,yes,no
dev_0076,dev,bnp_010991_1,bnp_010991,reading_comprehension,has_context,easy,0,yes,no
dev_0077,dev,bnp_007071_1,bnp_007071,grammar,has_context,hard,0,yes,no
dev_0078,dev,bnp_017853_0,bnp_017853,reading_comprehension,has_context,easy,1,yes,no
dev_0079,dev,bnp_020426_1,bnp_020426,reading_comprehension,has_context,easy,0,yes,no
dev_0080,dev,bnp_008051_0,bnp_008051,reading_comprehension,has_context,hard,1,no,yes
dev_0081,dev,bnp_027362_0,bnp_027362,literature,no_context,hard,1,yes,no
dev_0082,dev,bnp_001294_1,bnp_001294,reading_comprehension,has_context,easy,0,yes,no
dev_0083,dev,bnp_031716_1,bnp_031716,reading_comprehension,has_context,easy,0,yes,no
dev_0084,dev,bnp_022816_1,bnp_022816,science,no_context,easy,0,yes,no
dev_0085,dev,bnp_000296_1,bnp_000296,history,has_context,hard,0,yes,no
dev_0086,dev,bnp_020894_0,bnp_020894,vocabulary,no_context,easy,1,yes,no
dev_0087,dev,bnp_023156_0,bnp_023156,vocabulary,no_context,easy,1,yes,no
dev_0088,dev,bnp_012159_0,bnp_012159,idiom_meaning,no_context,easy,1,yes,no
dev_0089,dev,bnp_013253_0,bnp_013253,reading_comprehension,has_context,easy,1,yes,no
dev_0090,dev,bnp_025576_0,bnp_025576,reading_comprehension,has_context,hard,1,yes,no
dev_0091,dev,bnp_023817_1,bnp_023817,history,has_context,hard,0,yes,no
dev_0092,dev,bnp_003277_0,bnp_003277,others,has_context,easy,1,yes,no
dev_0093,dev,bnp_022199_0,bnp_022199,history,has_context,hard,1,yes,no
dev_0094,dev,bnp_011430_1,bnp_011430,history,has_context,easy,0,yes,no
dev_0095,dev,bnp_028316_1,bnp_028316,history,has_context,easy,0,no,yes
dev_0096,dev,bnp_028331_1,bnp_028331,reading_comprehension,has_context,easy,0,yes,no
dev_0097,dev,bnp_006288_0,bnp_006288,history,has_context,hard,1,yes,no
dev_0098,dev,bnp_011576_1,bnp_011576,reading_comprehension,has_context,easy,0,yes,no
dev_0099,dev,bnp_024456_1,bnp_024456,law,has_context,easy,0,yes,no
dev_0100,dev,bnp_025115_1,bnp_025115,science,no_context,easy,0,no,yes
dev_0101,dev,bnp_005130_0,bnp_005130,antonym,no_context,easy,1,yes,no
dev_0102,dev,bnp_012618_0,bnp_012618,law,has_context,easy,1,yes,no
dev_0103,dev,bnp_025817_0,bnp_025817,antonym,no_context,easy,1,yes,no
dev_0104,dev,bnp_017245_1,bnp_017245,mathematics,no_context,easy,0,no,yes
dev_0105,dev,bnp_019165_1,bnp_019165,grammar,no_context,hard,0,yes,no
dev_0106,dev,bnp_025758_0,bnp_025758,literature,no_context,easy,1,yes,no
dev_0107,dev,bnp_010072_1,bnp_010072,reading_comprehension,has_context,hard,0,yes,no
dev_0108,dev,bnp_007082_0,bnp_007082,reading_comprehension,has_context,hard,1,yes,no
dev_0109,dev,bnp_009279_1,bnp_009279,reading_comprehension,has_context,hard,0,yes,no
dev_0110,dev,bnp_004977_0,bnp_004977,bcs,no_context,hard,1,yes,no
dev_0111,dev,bnp_020788_1,bnp_020788,reading_comprehension,has_context,hard,0,yes,no
dev_0112,dev,bnp_028141_1,bnp_028141,history,has_context,easy,0,yes,no
dev_0113,dev,bnp_012603_1,bnp_012603,antonym,no_context,easy,0,yes,no
dev_0114,dev,bnp_009426_1,bnp_009426,literature,no_context,easy,0,yes,no
dev_0115,dev,bnp_017305_1,bnp_017305,law,no_context,hard,0,no,yes
dev_0116,dev,bnp_013048_0,bnp_013048,history,has_context,easy,1,yes,no
dev_0117,dev,bnp_012086_1,bnp_012086,grammar,has_context,hard,0,yes,no
dev_0118,dev,bnp_025673_0,bnp_025673,history,has_context,hard,1,yes,no
dev_0119,dev,bnp_026584_1,bnp_026584,bcs,no_context,hard,0,no,yes
dev_0120,dev,bnp_014113_0,bnp_014113,antonym,no_context,easy,1,yes,no
dev_0121,dev,bnp_007191_0,bnp_007191,grammar,has_context,hard,1,yes,no
dev_0122,dev,bnp_022811_1,bnp_022811,antonym,no_context,easy,0,yes,no
dev_0123,dev,bnp_018418_0,bnp_018418,mathematics,no_context,easy,1,yes,no
dev_0124,dev,bnp_026024_0,bnp_026024,history,has_context,easy,1,yes,no
dev_0125,dev,bnp_010014_0,bnp_010014,others,has_context,hard,1,yes,no
dev_0126,dev,bnp_013124_1,bnp_013124,history,has_context,easy,0,yes,no
dev_0127,dev,bnp_015971_0,bnp_015971,mathematics,no_context,easy,1,yes,no
dev_0128,dev,bnp_018512_0,bnp_018512,antonym,no_context,easy,1,no,yes
dev_0129,dev,bnp_020272_0,bnp_020272,reading_comprehension,has_context,easy,1,yes,no
dev_0130,dev,bnp_003325_0,bnp_003325,history,has_context,easy,1,yes,no
dev_0131,dev,bnp_021676_0,bnp_021676,bcs,no_context,easy,1,no,yes
dev_0132,dev,bnp_012911_0,bnp_012911,reading_comprehension,has_context,easy,1,yes,no
dev_0133,dev,bnp_007477_1,bnp_007477,literature,no_context,easy,0,yes,no
dev_0134,dev,bnp_003480_1,bnp_003480,history,has_context,easy,0,yes,no
dev_0135,dev,bnp_029637_1,bnp_029637,reading_comprehension,has_context,easy,0,yes,no
dev_0136,dev,bnp_008027_0,bnp_008027,law,no_context,hard,1,yes,no
dev_0137,dev,bnp_022171_0,bnp_022171,vocabulary,no_context,easy,1,yes,no
dev_0138,dev,bnp_012242_1,bnp_012242,reading_comprehension,has_context,hard,0,yes,no
dev_0139,dev,bnp_000576_0,bnp_000576,grammar,no_context,hard,1,yes,no
dev_0140,dev,bnp_009303_1,bnp_009303,synonym,no_context,easy,0,yes,no
dev_0141,dev,bnp_012386_0,bnp_012386,science,no_context,easy,1,no,yes
dev_0142,dev,bnp_005057_0,bnp_005057,science,no_context,easy,1,yes,no
dev_0143,dev,bnp_000595_1,bnp_000595,reading_comprehension,has_context,hard,0,yes,no
dev_0144,dev,bnp_005906_0,bnp_005906,reading_comprehension,has_context,easy,1,yes,no
dev_0145,dev,bnp_017957_1,bnp_017957,reading_comprehension,has_context,hard,0,yes,no
dev_0146,dev,bnp_014744_0,bnp_014744,history,has_context,easy,1,yes,no
dev_0147,dev,bnp_031944_1,bnp_031944,grammar,no_context,easy,0,yes,no
dev_0148,dev,bnp_019046_1,bnp_019046,law,has_context,hard,0,yes,no
dev_0149,dev,bnp_027350_1,bnp_027350,reading_comprehension,has_context,easy,0,yes,no
dev_0150,dev,bnp_000678_0,bnp_000678,antonym,no_context,easy,1,yes,no
dev_0151,dev,bnp_010184_1,bnp_010184,history,has_context,easy,0,yes,no
dev_0152,dev,bnp_018969_1,bnp_018969,law,has_context,hard,0,yes,no
dev_0153,dev,bnp_001555_0,bnp_001555,reading_comprehension,has_context,easy,1,yes,no
dev_0154,dev,bnp_010570_1,bnp_010570,bcs,no_context,easy,0,yes,no
dev_0155,dev,bnp_020209_1,bnp_020209,history,has_context,hard,0,yes,no
dev_0156,dev,bnp_031494_0,bnp_031494,law,has_context,hard,1,no,yes
dev_0157,dev,bnp_030777_1,bnp_030777,law,no_context,hard,0,yes,no
dev_0158,dev,bnp_018422_0,bnp_018422,law,no_context,easy,1,yes,no
dev_0159,dev,bnp_005333_1,bnp_005333,reading_comprehension,has_context,easy,0,yes,no
dev_0160,dev,bnp_005584_1,bnp_005584,history,no_context,hard,0,yes,no
dev_0161,dev,bnp_005810_0,bnp_005810,reading_comprehension,has_context,easy,1,yes,no
dev_0162,dev,bnp_027848_0,bnp_027848,reading_comprehension,has_context,easy,1,no,yes
dev_0163,dev,bnp_024140_0,bnp_024140,grammar,no_context,hard,1,yes,no
dev_0164,dev,bnp_019442_0,bnp_019442,bcs,no_context,easy,1,yes,no
dev_0165,dev,bnp_024838_0,bnp_024838,history,has_context,easy,1,yes,no
dev_0166,dev,bnp_012658_0,bnp_012658,reading_comprehension,has_context,hard,1,yes,no
dev_0167,dev,bnp_008700_1,bnp_008700,others,has_context,hard,0,yes,no
dev_0168,dev,bnp_028482_0,bnp_028482,history,has_context,easy,1,yes,no
dev_0169,dev,bnp_024157_0,bnp_024157,reading_comprehension,has_context,easy,1,yes,no
dev_0170,dev,bnp_020582_0,bnp_020582,law,has_context,hard,1,yes,no
dev_0171,dev,bnp_022319_0,bnp_022319,synonym,no_context,easy,1,yes,no
dev_0172,dev,bnp_014088_1,bnp_014088,literature,no_context,easy,0,yes,no
dev_0173,dev,bnp_029043_0,bnp_029043,literature,no_context,easy,1,yes,no
dev_0174,dev,bnp_001877_0,bnp_001877,others,has_context,easy,1,yes,no
dev_0175,dev,bnp_009428_1,bnp_009428,law,has_context,hard,0,yes,no
dev_0176,dev,bnp_003393_1,bnp_003393,grammar,has_context,hard,0,no,yes
dev_0177,dev,bnp_022827_1,bnp_022827,reading_comprehension,has_context,easy,0,yes,no
dev_0178,dev,bnp_006261_0,bnp_006261,antonym,no_context,easy,1,yes,no
dev_0179,dev,bnp_002811_0,bnp_002811,grammar,no_context,easy,1,yes,no
dev_0180,dev,bnp_000180_1,bnp_000180,bcs,no_context,easy,0,yes,no
dev_0181,dev,bnp_013122_1,bnp_013122,history,no_context,hard,0,yes,no
dev_0182,dev,bnp_023849_0,bnp_023849,history,has_context,easy,1,yes,no
dev_0183,dev,bnp_021832_0,bnp_021832,antonym,no_context,easy,1,yes,no
dev_0184,dev,bnp_014897_1,bnp_014897,law,has_context,hard,0,yes,no
dev_0185,dev,bnp_001522_1,bnp_001522,reading_comprehension,has_context,hard,0,yes,no
dev_0186,dev,bnp_024376_0,bnp_024376,mathematics,no_context,easy,1,yes,no
dev_0187,dev,bnp_020393_0,bnp_020393,grammar,has_context,hard,1,yes,no
dev_0188,dev,bnp_008071_0,bnp_008071,mathematics,no_context,hard,1,no,yes
dev_0189,dev,bnp_021576_0,bnp_021576,mathematics,no_context,easy,1,yes,no
dev_0190,dev,bnp_001077_0,bnp_001077,vocabulary,no_context,easy,1,yes,no
dev_0191,dev,bnp_028347_0,bnp_028347,bcs,no_context,hard,1,yes,no
dev_0192,dev,bnp_021921_0,bnp_021921,grammar,has_context,hard,1,yes,no
dev_0193,dev,bnp_021345_0,bnp_021345,history,has_context,easy,1,yes,no
dev_0194,dev,bnp_005953_1,bnp_005953,grammar,has_context,hard,0,yes,no
dev_0195,dev,bnp_029120_0,bnp_029120,history,has_context,easy,1,yes,no
dev_0196,dev,bnp_020310_1,bnp_020310,reading_comprehension,has_context,easy,0,no,yes
dev_0197,dev,bnp_009240_1,bnp_009240,mathematics,no_context,hard,0,yes,no
dev_0198,dev,bnp_031693_0,bnp_031693,grammar,no_context,easy,1,yes,no
dev_0199,dev,bnp_004524_1,bnp_004524,literature,no_context,hard,0,yes,no
dev_0200,dev,bnp_015874_1,bnp_015874,reading_comprehension,has_context,easy,0,yes,no
dev_0201,dev,bnp_014326_0,bnp_014326,grammar,has_context,hard,1,yes,no
dev_0202,dev,bnp_014648_0,bnp_014648,idiom_meaning,no_context,easy,1,yes,no
dev_0203,dev,bnp_020354_0,bnp_020354,grammar,has_context,hard,1,yes,no
dev_0204,dev,bnp_018528_0,bnp_018528,history,no_context,hard,1,yes,no
dev_0205,dev,bnp_021122_0,bnp_021122,antonym,no_context,easy,1,yes,no
dev_0206,dev,bnp_023957_1,bnp_023957,bcs,no_context,hard,0,yes,no
dev_0207,dev,bnp_013126_0,bnp_013126,reading_comprehension,has_context,easy,1,yes,no
dev_0208,dev,bnp_015825_0,bnp_015825,reading_comprehension,has_context,easy,1,yes,no
dev_0209,dev,bnp_012057_0,bnp_012057,history,has_context,hard,1,yes,no
dev_0210,dev,bnp_010325_0,bnp_010325,reading_comprehension,has_context,easy,1,yes,no
dev_0211,dev,bnp_007691_1,bnp_007691,mathematics,no_context,easy,0,yes,no
dev_0212,dev,bnp_026558_1,bnp_026558,others,has_context,hard,0,yes,no
dev_0213,dev,bnp_001111_1,bnp_001111,antonym,no_context,easy,0,yes,no
dev_0214,dev,bnp_001124_0,bnp_001124,others,has_context,easy,1,yes,no
dev_0215,dev,bnp_028424_1,bnp_028424,reading_comprehension,has_context,hard,0,yes,no
dev_0216,dev,bnp_010612_0,bnp_010612,antonym,no_context,easy,1,yes,no
dev_0217,dev,bnp_006093_1,bnp_006093,idiom_meaning,no_context,easy,0,yes,no
dev_0218,dev,bnp_015157_1,bnp_015157,synonym,no_context,easy,0,yes,no
dev_0219,dev,bnp_013408_1,bnp_013408,history,no_context,hard,0,yes,no
dev_0220,dev,bnp_000554_1,bnp_000554,reading_comprehension,has_context,easy,0,yes,no
dev_0221,dev,bnp_008815_0,bnp_008815,vocabulary,no_context,easy,1,yes,no
dev_0222,dev,bnp_017346_0,bnp_017346,others,has_context,hard,1,yes,no
dev_0223,dev,bnp_008350_1,bnp_008350,history,has_context,easy,0,yes,no
dev_0224,dev,bnp_017148_1,bnp_017148,reading_comprehension,has_context,easy,0,yes,no
dev_0225,dev,bnp_006702_1,bnp_006702,reading_comprehension,has_context,easy,0,no,yes
dev_0226,dev,bnp_029875_0,bnp_029875,synonym,no_context,easy,1,yes,no
dev_0227,dev,bnp_027360_1,bnp_027360,history,has_context,hard,0,yes,no
dev_0228,dev,bnp_021810_1,bnp_021810,history,has_context,hard,0,yes,no
dev_0229,dev,bnp_001562_1,bnp_001562,history,has_context,easy,0,yes,no
dev_0230,dev,bnp_003167_1,bnp_003167,history,has_context,hard,0,yes,no
dev_0231,dev,bnp_007251_0,bnp_007251,idiom_meaning,no_context,easy,1,yes,no
dev_0232,dev,bnp_025760_1,bnp_025760,reading_comprehension,has_context,easy,0,yes,no
dev_0233,dev,bnp_009731_1,bnp_009731,law,has_context,hard,0,yes,no
dev_0234,dev,bnp_030873_1,bnp_030873,antonym,no_context,easy,0,yes,no
dev_0235,dev,bnp_009673_1,bnp_009673,reading_comprehension,has_context,easy,0,yes,no
dev_0236,dev,bnp_004408_1,bnp_004408,antonym,no_context,easy,0,no,yes
dev_0237,dev,bnp_015939_0,bnp_015939,reading_comprehension,has_context,easy,1,yes,no
dev_0238,dev,bnp_018762_0,bnp_018762,grammar,no_context,easy,1,yes,no
dev_0239,dev,bnp_012981_1,bnp_012981,literature,no_context,easy,0,yes,no
dev_0240,dev,bnp_026057_0,bnp_026057,grammar,has_context,hard,1,yes,no
dev_0241,dev,bnp_021156_0,bnp_021156,science,no_context,hard,1,yes,no
dev_0242,dev,bnp_007278_1,bnp_007278,reading_comprehension,has_context,easy,0,yes,no
dev_0243,dev,bnp_001190_1,bnp_001190,reading_comprehension,has_context,easy,0,yes,no
dev_0244,dev,bnp_031525_1,bnp_031525,vocabulary,no_context,easy,0,yes,no
dev_0245,dev,bnp_007836_1,bnp_007836,reading_comprehension,has_context,easy,0,yes,no
dev_0246,dev,bnp_026648_1,bnp_026648,idiom_meaning,no_context,easy,0,yes,no
dev_0247,dev,bnp_005823_1,bnp_005823,vocabulary,no_context,easy,0,yes,no
dev_0248,dev,bnp_004029_1,bnp_004029,science,no_context,easy,0,yes,no
dev_0249,dev,bnp_000620_0,bnp_000620,history,has_context,easy,1,no,yes
dev_0250,dev,bnp_010091_1,bnp_010091,history,has_context,hard,0,yes,no
dev_0251,dev,bnp_030882_0,bnp_030882,reading_comprehension,has_context,easy,1,yes,no
dev_0252,dev,bnp_006533_1,bnp_006533,idiom_meaning,no_context,easy,0,yes,no
dev_0253,dev,bnp_011139_0,bnp_011139,others,has_context,easy,1,yes,no
dev_0254,dev,bnp_010910_1,bnp_010910,bcs,no_context,easy,0,no,yes
dev_0255,dev,bnp_021302_0,bnp_021302,reading_comprehension,has_context,easy,1,yes,no
dev_0256,dev,bnp_004273_0,bnp_004273,grammar,has_context,hard,1,yes,no
dev_0257,dev,bnp_003631_0,bnp_003631,grammar,no_context,hard,1,yes,no
dev_0258,dev,bnp_025143_1,bnp_025143,mathematics,no_context,easy,0,yes,no
dev_0259,dev,bnp_006796_0,bnp_006796,mathematics,no_context,easy,1,yes,no
dev_0260,dev,bnp_030346_1,bnp_030346,reading_comprehension,has_context,easy,0,yes,no
dev_0261,dev,bnp_019436_0,bnp_019436,law,has_context,hard,1,yes,no
dev_0262,dev,bnp_029273_0,bnp_029273,reading_comprehension,has_context,easy,1,yes,no
dev_0263,dev,bnp_017426_0,bnp_017426,reading_comprehension,has_context,hard,1,yes,no
dev_0264,dev,bnp_006224_1,bnp_006224,others,has_context,easy,0,yes,no
dev_0265,dev,bnp_018250_0,bnp_018250,reading_comprehension,has_context,easy,1,yes,no
dev_0266,dev,bnp_027126_0,bnp_027126,bcs,no_context,hard,1,yes,no
dev_0267,dev,bnp_015778_1,bnp_015778,history,has_context,hard,0,yes,no
dev_0268,dev,bnp_002116_0,bnp_002116,science,no_context,easy,1,yes,no
dev_0269,dev,bnp_012014_1,bnp_012014,literature,no_context,easy,0,yes,no
dev_0270,dev,bnp_003580_0,bnp_003580,others,has_context,easy,1,no,yes
dev_0271,dev,bnp_005263_0,bnp_005263,law,no_context,hard,1,yes,no
dev_0272,dev,bnp_004247_0,bnp_004247,reading_comprehension,has_context,easy,1,yes,no
dev_0273,dev,bnp_003020_0,bnp_003020,literature,no_context,easy,1,yes,no
dev_0274,dev,bnp_011899_0,bnp_011899,history,has_context,easy,1,no,yes
dev_0275,dev,bnp_017982_1,bnp_017982,reading_comprehension,has_context,easy,0,yes,no
dev_0276,dev,bnp_007305_0,bnp_007305,law,no_context,hard,1,yes,no
dev_0277,dev,bnp_005702_1,bnp_005702,literature,no_context,easy,0,yes,no
dev_0278,dev,bnp_013898_0,bnp_013898,grammar,no_context,hard,1,yes,no
dev_0279,dev,bnp_016515_1,bnp_016515,science,no_context,easy,0,no,yes
dev_0280,dev,bnp_018080_0,bnp_018080,history,has_context,easy,1,yes,no
dev_0281,dev,bnp_024473_0,bnp_024473,mathematics,no_context,easy,1,yes,no
dev_0282,dev,bnp_009777_0,bnp_009777,history,has_context,hard,1,no,yes
dev_0283,dev,bnp_020795_1,bnp_020795,reading_comprehension,has_context,easy,0,yes,no
dev_0284,dev,bnp_003033_1,bnp_003033,history,has_context,easy,0,yes,no
dev_0285,dev,bnp_022501_1,bnp_022501,history,has_context,hard,0,yes,no
dev_0286,dev,bnp_030235_1,bnp_030235,vocabulary,no_context,easy,0,yes,no
dev_0287,dev,bnp_005952_0,bnp_005952,reading_comprehension,has_context,easy,1,yes,no
dev_0288,dev,bnp_030905_0,bnp_030905,mathematics,no_context,hard,1,yes,no
dev_0289,dev,bnp_014940_0,bnp_014940,idiom_meaning,no_context,easy,1,yes,no
dev_0290,dev,bnp_010953_1,bnp_010953,reading_comprehension,has_context,easy,0,yes,no
dev_0291,dev,bnp_008681_1,bnp_008681,history,has_context,hard,0,yes,no
dev_0292,dev,bnp_031178_0,bnp_031178,reading_comprehension,has_context,easy,1,yes,no
dev_0293,dev,bnp_030227_1,bnp_030227,literature,no_context,easy,0,yes,no
dev_0294,dev,bnp_007527_1,bnp_007527,science,no_context,easy,0,yes,no
dev_0295,dev,bnp_003818_0,bnp_003818,reading_comprehension,has_context,easy,1,no,yes
dev_0296,dev,bnp_031251_1,bnp_031251,history,has_context,easy,0,yes,no
dev_0297,dev,bnp_027521_0,bnp_027521,others,has_context,hard,1,yes,no
dev_0298,dev,bnp_011254_1,bnp_011254,reading_comprehension,has_context,easy,0,no,yes
dev_0299,dev,bnp_008692_1,bnp_008692,bcs,no_context,easy,0,yes,no
dev_0300,dev,bnp_015772_1,bnp_015772,mathematics,no_context,hard,0,yes,no
dev_0301,dev,bnp_022977_1,bnp_022977,reading_comprehension,has_context,easy,0,yes,no
dev_0302,dev,bnp_016977_0,bnp_016977,history,has_context,easy,1,yes,no
dev_0303,dev,bnp_020333_0,bnp_020333,grammar,no_context,hard,1,yes,no
dev_0304,dev,bnp_024108_1,bnp_024108,grammar,no_context,hard,0,yes,no
dev_0305,dev,bnp_001280_0,bnp_001280,antonym,no_context,easy,1,yes,no
dev_0306,dev,bnp_015869_0,bnp_015869,history,has_context,easy,1,yes,no
dev_0307,dev,bnp_007987_0,bnp_007987,history,has_context,hard,1,yes,no
dev_0308,dev,bnp_014006_1,bnp_014006,mathematics,no_context,easy,0,yes,no
dev_0309,dev,bnp_016920_0,bnp_016920,grammar,no_context,hard,1,yes,no
dev_0310,dev,bnp_019006_0,bnp_019006,history,has_context,easy,1,yes,no
dev_0311,dev,bnp_029062_0,bnp_029062,idiom_meaning,no_context,easy,1,yes,no
dev_0312,dev,bnp_001201_1,bnp_001201,history,has_context,easy,0,yes,no
dev_0313,dev,bnp_028187_1,bnp_028187,reading_comprehension,has_context,easy,0,yes,no
dev_0314,dev,bnp_019875_0,bnp_019875,grammar,no_context,easy,1,yes,no
dev_0315,dev,bnp_015023_1,bnp_015023,others,has_context,hard,0,yes,no
dev_0316,dev,bnp_014347_0,bnp_014347,reading_comprehension,has_context,easy,1,yes,no
dev_0317,dev,bnp_027978_0,bnp_027978,synonym,no_context,easy,1,yes,no
dev_0318,dev,bnp_016574_1,bnp_016574,reading_comprehension,has_context,easy,0,yes,no
dev_0319,dev,bnp_024260_1,bnp_024260,reading_comprehension,has_context,easy,0,yes,no
dev_0320,dev,bnp_018374_1,bnp_018374,grammar,no_context,hard,0,yes,no
dev_0321,dev,bnp_000679_1,bnp_000679,grammar,has_context,hard,0,yes,no
dev_0322,dev,bnp_022528_1,bnp_022528,idiom_meaning,no_context,easy,0,yes,no
dev_0323,dev,bnp_013192_1,bnp_013192,grammar,has_context,hard,0,yes,no
dev_0324,dev,bnp_024551_1,bnp_024551,reading_comprehension,has_context,easy,0,yes,no
dev_0325,dev,bnp_014060_0,bnp_014060,science,no_context,hard,1,yes,no
dev_0326,dev,bnp_028322_0,bnp_028322,mathematics,no_context,hard,1,yes,no
dev_0327,dev,bnp_010498_0,bnp_010498,history,has_context,easy,1,no,yes
dev_0328,dev,bnp_010933_1,bnp_010933,reading_comprehension,has_context,hard,0,yes,no
dev_0329,dev,bnp_030051_0,bnp_030051,reading_comprehension,has_context,easy,1,yes,no
dev_0330,dev,bnp_002239_0,bnp_002239,reading_comprehension,has_context,easy,1,yes,no
dev_0331,dev,bnp_030526_0,bnp_030526,grammar,no_context,easy,1,yes,no
dev_0332,dev,bnp_008190_1,bnp_008190,reading_comprehension,has_context,easy,0,yes,no
dev_0333,dev,bnp_026957_0,bnp_026957,law,has_context,easy,1,yes,no
dev_0334,dev,bnp_009797_1,bnp_009797,idiom_meaning,no_context,easy,0,yes,no
dev_0335,dev,bnp_029748_0,bnp_029748,idiom_meaning,no_context,easy,1,no,yes
dev_0336,dev,bnp_007581_1,bnp_007581,history,has_context,hard,0,yes,no
dev_0337,dev,bnp_005270_1,bnp_005270,reading_comprehension,has_context,easy,0,yes,no
dev_0338,dev,bnp_026841_1,bnp_026841,reading_comprehension,has_context,easy,0,no,yes
dev_0339,dev,bnp_020844_0,bnp_020844,law,no_context,hard,1,yes,no
dev_0340,dev,bnp_019920_0,bnp_019920,history,has_context,easy,1,yes,no
dev_0341,dev,bnp_000491_0,bnp_000491,others,has_context,easy,1,yes,no
dev_0342,dev,bnp_011595_0,bnp_011595,reading_comprehension,has_context,easy,1,yes,no
dev_0343,dev,bnp_011917_0,bnp_011917,others,has_context,hard,1,yes,no
dev_0344,dev,bnp_011101_0,bnp_011101,history,has_context,hard,1,yes,no
dev_0345,dev,bnp_027137_1,bnp_027137,reading_comprehension,has_context,easy,0,yes,no
dev_0346,dev,bnp_003979_1,bnp_003979,reading_comprehension,has_context,easy,0,yes,no
dev_0347,dev,bnp_018874_1,bnp_018874,history,has_context,easy,0,yes,no
dev_0348,dev,bnp_000548_1,bnp_000548,history,has_context,easy,0,no,yes
dev_0349,dev,bnp_024208_0,bnp_024208,history,has_context,easy,1,yes,no
dev_0350,dev,bnp_011615_0,bnp_011615,history,has_context,easy,1,yes,no
dev_0351,dev,bnp_003457_0,bnp_003457,antonym,no_context,easy,1,yes,no
dev_0352,dev,bnp_030357_1,bnp_030357,idiom_meaning,no_context,easy,0,yes,no
dev_0353,dev,bnp_017937_0,bnp_017937,bcs,no_context,hard,1,yes,no
dev_0354,dev,bnp_017900_0,bnp_017900,history,has_context,hard,1,yes,no
dev_0355,dev,bnp_029133_0,bnp_029133,law,no_context,hard,1,yes,no
dev_0356,dev,bnp_026304_0,bnp_026304,law,has_context,hard,1,yes,no
dev_0357,dev,bnp_028903_1,bnp_028903,mathematics,no_context,hard,0,yes,no
dev_0358,dev,bnp_022500_0,bnp_022500,antonym,no_context,easy,1,yes,no
dev_0359,dev,bnp_024667_1,bnp_024667,mathematics,no_context,easy,0,yes,no
dev_0360,dev,bnp_017382_0,bnp_017382,law,no_context,easy,1,yes,no
dev_0361,dev,bnp_031374_1,bnp_031374,bcs,no_context,hard,0,yes,no
dev_0362,dev,bnp_025908_1,bnp_025908,law,has_context,easy,0,yes,no
dev_0363,dev,bnp_011825_1,bnp_011825,law,no_context,hard,0,yes,no
dev_0364,dev,bnp_005746_0,bnp_005746,antonym,no_context,easy,1,yes,no
dev_0365,dev,bnp_000560_0,bnp_000560,idiom_meaning,no_context,easy,1,yes,no
dev_0366,dev,bnp_027046_0,bnp_027046,synonym,no_context,easy,1,yes,no
dev_0367,dev,bnp_017267_0,bnp_017267,history,has_context,easy,1,yes,no
dev_0368,dev,bnp_020782_0,bnp_020782,synonym,no_context,easy,1,yes,no
dev_0369,dev,bnp_002350_0,bnp_002350,history,has_context,easy,1,yes,no
dev_0370,dev,bnp_031373_1,bnp_031373,idiom_meaning,no_context,easy,0,yes,no
dev_0371,dev,bnp_000439_0,bnp_000439,history,has_context,hard,1,yes,no
dev_0372,dev,bnp_003269_0,bnp_003269,history,has_context,hard,1,no,yes
dev_0373,dev,bnp_002962_0,bnp_002962,reading_comprehension,has_context,easy,1,yes,no
dev_0374,dev,bnp_026038_1,bnp_026038,bcs,no_context,easy,0,yes,no
dev_0375,dev,bnp_028496_0,bnp_028496,history,has_context,hard,1,yes,no
dev_0376,dev,bnp_024866_0,bnp_024866,science,no_context,hard,1,no,yes
dev_0377,dev,bnp_016707_0,bnp_016707,science,no_context,hard,1,yes,no
dev_0378,dev,bnp_020649_1,bnp_020649,law,has_context,hard,0,yes,no
dev_0379,dev,bnp_026726_1,bnp_026726,reading_comprehension,has_context,easy,0,yes,no
dev_0380,dev,bnp_017180_1,bnp_017180,reading_comprehension,has_context,easy,0,yes,no
dev_0381,dev,bnp_031354_0,bnp_031354,bcs,no_context,hard,1,yes,no
dev_0382,dev,bnp_015073_0,bnp_015073,literature,no_context,hard,1,yes,no
dev_0383,dev,bnp_015109_0,bnp_015109,history,has_context,hard,1,yes,no
dev_0384,dev,bnp_007677_0,bnp_007677,grammar,no_context,hard,1,yes,no
dev_0385,dev,bnp_011959_0,bnp_011959,grammar,no_context,hard,1,no,yes
dev_0386,dev,bnp_017838_0,bnp_017838,history,has_context,hard,1,yes,no
dev_0387,dev,bnp_014678_0,bnp_014678,reading_comprehension,has_context,hard,1,yes,no
dev_0388,dev,bnp_018154_1,bnp_018154,reading_comprehension,has_context,easy,0,yes,no
dev_0389,dev,bnp_026970_1,bnp_026970,literature,no_context,hard,0,yes,no
dev_0390,dev,bnp_010149_1,bnp_010149,reading_comprehension,has_context,easy,0,no,yes
dev_0391,dev,bnp_017223_0,bnp_017223,law,no_context,hard,1,yes,no
dev_0392,dev,bnp_028366_0,bnp_028366,science,no_context,hard,1,yes,no
dev_0393,dev,bnp_022295_1,bnp_022295,synonym,no_context,easy,0,yes,no
dev_0394,dev,bnp_015983_1,bnp_015983,law,has_context,hard,0,yes,no
dev_0395,dev,bnp_004212_0,bnp_004212,idiom_meaning,no_context,easy,1,yes,no
dev_0396,dev,bnp_000418_1,bnp_000418,history,no_context,hard,0,yes,no
dev_0397,dev,bnp_002422_0,bnp_002422,history,has_context,hard,1,yes,no
dev_0398,dev,bnp_009940_1,bnp_009940,law,has_context,easy,0,yes,no
dev_0399,dev,bnp_000253_1,bnp_000253,history,has_context,hard,0,yes,no
dev_0400,dev,bnp_000480_1,bnp_000480,reading_comprehension,has_context,easy,0,yes,no
dev_0401,dev,bnp_013019_0,bnp_013019,grammar,has_context,hard,1,yes,no
dev_0402,dev,bnp_027840_1,bnp_027840,reading_comprehension,has_context,easy,0,yes,no
dev_0403,dev,bnp_028443_1,bnp_028443,history,has_context,easy,0,yes,no
dev_0404,dev,bnp_016643_1,bnp_016643,idiom_meaning,no_context,easy,0,yes,no
dev_0405,dev,bnp_025856_0,bnp_025856,reading_comprehension,has_context,easy,1,yes,no
dev_0406,dev,bnp_030812_1,bnp_030812,reading_comprehension,has_context,easy,0,yes,no
dev_0407,dev,bnp_026725_0,bnp_026725,law,has_context,hard,1,yes,no
dev_0408,dev,bnp_022492_0,bnp_022492,reading_comprehension,has_context,easy,1,yes,no
dev_0409,dev,bnp_025561_0,bnp_025561,reading_comprehension,has_context,easy,1,yes,no
dev_0410,dev,bnp_026699_0,bnp_026699,history,has_context,easy,1,yes,no
dev_0411,dev,bnp_023722_0,bnp_023722,science,no_context,easy,1,no,yes
dev_0412,dev,bnp_023087_0,bnp_023087,law,has_context,easy,1,yes,no
dev_0413,dev,bnp_029978_1,bnp_029978,history,has_context,easy,0,yes,no
dev_0414,dev,bnp_015312_1,bnp_015312,law,has_context,easy,0,yes,no
dev_0415,dev,bnp_011331_1,bnp_011331,others,has_context,easy,0,yes,no
dev_0416,dev,bnp_016591_0,bnp_016591,reading_comprehension,has_context,easy,1,no,yes
dev_0417,dev,bnp_027345_0,bnp_027345,science,no_context,easy,1,yes,no
dev_0418,dev,bnp_011343_1,bnp_011343,law,has_context,easy,0,no,yes
dev_0419,dev,bnp_017776_0,bnp_017776,antonym,no_context,easy,1,yes,no
dev_0420,dev,bnp_014309_1,bnp_014309,history,has_context,hard,0,yes,no
dev_0421,dev,bnp_007975_1,bnp_007975,reading_comprehension,has_context,easy,0,yes,no
dev_0422,dev,bnp_028417_1,bnp_028417,law,has_context,easy,0,no,yes
dev_0423,dev,bnp_017381_0,bnp_017381,reading_comprehension,has_context,hard,1,yes,no
dev_0424,dev,bnp_025036_0,bnp_025036,history,has_context,easy,1,yes,no
dev_0425,dev,bnp_031117_1,bnp_031117,law,has_context,easy,0,yes,no
dev_0426,dev,bnp_027062_0,bnp_027062,vocabulary,no_context,easy,1,yes,no
dev_0427,dev,bnp_009814_1,bnp_009814,history,has_context,easy,0,yes,no
dev_0428,dev,bnp_004538_1,bnp_004538,law,has_context,easy,0,no,yes
dev_0429,dev,bnp_019273_0,bnp_019273,reading_comprehension,has_context,easy,1,yes,no
dev_0430,dev,bnp_025087_1,bnp_025087,history,has_context,easy,0,yes,no
dev_0431,dev,bnp_011552_0,bnp_011552,reading_comprehension,has_context,hard,1,yes,no
dev_0432,dev,bnp_021253_1,bnp_021253,mathematics,no_context,easy,0,yes,no
dev_0433,dev,bnp_030708_0,bnp_030708,reading_comprehension,has_context,easy,1,yes,no
dev_0434,dev,bnp_002355_0,bnp_002355,reading_comprehension,has_context,easy,1,yes,no
dev_0435,dev,bnp_000459_0,bnp_000459,grammar,has_context,hard,1,yes,no
dev_0436,dev,bnp_012175_1,bnp_012175,history,has_context,hard,0,no,yes
dev_0437,dev,bnp_018651_1,bnp_018651,reading_comprehension,has_context,easy,0,yes,no
dev_0438,dev,bnp_028103_0,bnp_028103,grammar,no_context,hard,1,yes,no
dev_0439,dev,bnp_014200_1,bnp_014200,reading_comprehension,has_context,easy,0,yes,no
dev_0440,dev,bnp_029311_0,bnp_029311,reading_comprehension,has_context,hard,1,no,yes
dev_0441,dev,bnp_008834_0,bnp_008834,reading_comprehension,has_context,easy,1,yes,no
dev_0442,dev,bnp_006652_0,bnp_006652,bcs,no_context,easy,1,yes,no
dev_0443,dev,bnp_020001_0,bnp_020001,history,has_context,easy,1,yes,no
dev_0444,dev,bnp_021672_1,bnp_021672,reading_comprehension,has_context,easy,0,yes,no
dev_0445,dev,bnp_017693_0,bnp_017693,reading_comprehension,has_context,easy,1,yes,no
dev_0446,dev,bnp_016125_0,bnp_016125,science,no_context,easy,1,no,yes
dev_0447,dev,bnp_023030_0,bnp_023030,reading_comprehension,has_context,easy,1,yes,no
dev_0448,dev,bnp_002032_1,bnp_002032,history,no_context,hard,0,yes,no
dev_0449,dev,bnp_010435_1,bnp_010435,history,has_context,easy,0,yes,no
dev_0450,dev,bnp_027320_0,bnp_027320,reading_comprehension,has_context,easy,1,yes,no
dev_0451,dev,bnp_025302_0,bnp_025302,grammar,no_context,hard,1,yes,no
dev_0452,dev,bnp_028375_1,bnp_028375,reading_comprehension,has_context,easy,0,yes,no
dev_0453,dev,bnp_026473_1,bnp_026473,history,has_context,easy,0,yes,no
dev_0454,dev,bnp_001021_0,bnp_001021,reading_comprehension,has_context,easy,1,yes,no
dev_0455,dev,bnp_001593_0,bnp_001593,reading_comprehension,has_context,hard,1,yes,no
dev_0456,dev,bnp_013168_0,bnp_013168,history,no_context,easy,1,yes,no
dev_0457,dev,bnp_001043_1,bnp_001043,history,has_context,easy,0,yes,no
dev_0458,dev,bnp_024801_0,bnp_024801,reading_comprehension,has_context,easy,1,yes,no
dev_0459,dev,bnp_027676_0,bnp_027676,law,has_context,hard,1,yes,no
dev_0460,dev,bnp_023403_1,bnp_023403,history,has_context,easy,0,yes,no
dev_0461,dev,bnp_012730_0,bnp_012730,antonym,no_context,easy,1,yes,no
dev_0462,dev,bnp_006518_0,bnp_006518,law,no_context,hard,1,yes,no
dev_0463,dev,bnp_020509_0,bnp_020509,others,has_context,hard,1,yes,no
dev_0464,dev,bnp_027813_0,bnp_027813,mathematics,no_context,easy,1,yes,no
dev_0465,dev,bnp_021942_0,bnp_021942,reading_comprehension,has_context,easy,1,yes,no
dev_0466,dev,bnp_017060_0,bnp_017060,reading_comprehension,has_context,easy,1,yes,no
dev_0467,dev,bnp_002992_0,bnp_002992,idiom_meaning,no_context,easy,1,no,yes
dev_0468,dev,bnp_003458_1,bnp_003458,history,has_context,easy,0,yes,no
dev_0469,dev,bnp_007640_0,bnp_007640,history,has_context,easy,1,yes,no
dev_0470,dev,bnp_011711_0,bnp_011711,history,has_context,easy,1,yes,no
dev_0471,dev,bnp_019625_1,bnp_019625,mathematics,no_context,easy,0,yes,no
dev_0472,dev,bnp_026379_0,bnp_026379,science,no_context,easy,1,yes,no
dev_0473,dev,bnp_001709_1,bnp_001709,history,has_context,easy,0,yes,no
dev_0474,dev,bnp_010937_1,bnp_010937,history,has_context,easy,0,yes,no
dev_0475,dev,bnp_011578_1,bnp_011578,history,has_context,easy,0,yes,no
dev_0476,dev,bnp_007529_1,bnp_007529,reading_comprehension,has_context,hard,0,no,yes
dev_0477,dev,bnp_030505_1,bnp_030505,mathematics,no_context,easy,0,yes,no
dev_0478,dev,bnp_012806_0,bnp_012806,history,has_context,easy,1,yes,no
dev_0479,dev,bnp_022831_1,bnp_022831,bcs,no_context,hard,0,yes,no
dev_0480,dev,bnp_023413_1,bnp_023413,literature,no_context,easy,0,yes,no
dev_0481,dev,bnp_029091_1,bnp_029091,history,has_context,hard,0,yes,no
dev_0482,dev,bnp_012031_1,bnp_012031,reading_comprehension,has_context,easy,0,yes,no
dev_0483,dev,bnp_022556_0,bnp_022556,reading_comprehension,has_context,easy,1,no,yes
dev_0484,dev,bnp_003560_1,bnp_003560,reading_comprehension,has_context,easy,0,yes,no
dev_0485,dev,bnp_027928_0,bnp_027928,literature,no_context,easy,1,yes,no
dev_0486,dev,bnp_017142_1,bnp_017142,vocabulary,no_context,easy,0,yes,no
dev_0487,dev,bnp_026675_0,bnp_026675,science,no_context,easy,1,yes,no
dev_0488,dev,bnp_005969_0,bnp_005969,grammar,has_context,hard,1,yes,no
dev_0489,dev,bnp_016770_0,bnp_016770,reading_comprehension,has_context,easy,1,yes,no
dev_0490,dev,bnp_011555_1,bnp_011555,history,has_context,hard,0,yes,no
dev_0491,dev,bnp_008665_0,bnp_008665,vocabulary,no_context,easy,1,yes,no
dev_0492,dev,bnp_031400_0,bnp_031400,law,no_context,easy,1,yes,no
dev_0493,dev,bnp_000813_0,bnp_000813,grammar,has_context,hard,1,yes,no
dev_0494,dev,bnp_001978_0,bnp_001978,literature,no_context,easy,1,yes,no
dev_0495,dev,bnp_010771_1,bnp_010771,idiom_meaning,no_context,easy,0,yes,no
dev_0496,dev,bnp_015462_1,bnp_015462,reading_comprehension,has_context,easy,0,yes,no
dev_0497,dev,bnp_010936_0,bnp_010936,reading_comprehension,has_context,easy,1,yes,no
dev_0498,dev,bnp_027501_0,bnp_027501,others,has_context,easy,1,yes,no
dev_0499,dev,bnp_015042_1,bnp_015042,reading_comprehension,has_context,easy,0,yes,no
dev_0500,dev,bnp_009263_1,bnp_009263,reading_comprehension,has_context,easy,0,yes,no
dev_0501,dev,bnp_019929_1,bnp_019929,vocabulary,no_context,easy,0,yes,no
dev_0502,dev,bnp_027804_1,bnp_027804,antonym,no_context,easy,0,yes,no
dev_0503,dev,bnp_018437_0,bnp_018437,grammar,no_context,hard,1,yes,no
dev_0504,dev,bnp_030964_0,bnp_030964,law,has_context,hard,1,yes,no
dev_0505,dev,bnp_029830_1,bnp_029830,vocabulary,no_context,easy,0,yes,no
dev_0506,dev,bnp_014662_0,bnp_014662,mathematics,no_context,easy,1,yes,no
dev_0507,dev,bnp_013431_1,bnp_013431,bcs,no_context,hard,0,yes,no
dev_0508,dev,bnp_007037_1,bnp_007037,reading_comprehension,has_context,hard,0,yes,no
dev_0509,dev,bnp_011649_1,bnp_011649,literature,no_context,hard,0,no,yes
dev_0510,dev,bnp_009769_1,bnp_009769,reading_comprehension,has_context,hard,0,yes,no
dev_0511,dev,bnp_021552_0,bnp_021552,history,has_context,easy,1,yes,no
dev_0512,dev,bnp_021601_1,bnp_021601,history,has_context,hard,0,yes,no
dev_0513,dev,bnp_023872_0,bnp_023872,others,has_context,easy,1,yes,no
dev_0514,dev,bnp_010062_0,bnp_010062,vocabulary,no_context,easy,1,yes,no
dev_0515,dev,bnp_017975_1,bnp_017975,reading_comprehension,has_context,easy,0,yes,no
dev_0516,dev,bnp_004899_1,bnp_004899,idiom_meaning,no_context,easy,0,yes,no
dev_0517,dev,bnp_017638_1,bnp_017638,history,has_context,hard,0,yes,no
dev_0518,dev,bnp_006804_0,bnp_006804,literature,no_context,easy,1,yes,no
dev_0519,dev,bnp_015155_0,bnp_015155,grammar,has_context,hard,1,yes,no
dev_0520,dev,bnp_021141_0,bnp_021141,history,has_context,easy,1,no,yes
dev_0521,dev,bnp_023885_1,bnp_023885,reading_comprehension,has_context,easy,0,yes,no
dev_0522,dev,bnp_014593_0,bnp_014593,reading_comprehension,has_context,easy,1,yes,no
dev_0523,dev,bnp_006298_0,bnp_006298,law,has_context,easy,1,yes,no
dev_0524,dev,bnp_026662_0,bnp_026662,idiom_meaning,no_context,easy,1,yes,no
dev_0525,dev,bnp_026910_0,bnp_026910,reading_comprehension,has_context,easy,1,yes,no
dev_0526,dev,bnp_019840_0,bnp_019840,literature,no_context,easy,1,yes,no
dev_0527,dev,bnp_018967_0,bnp_018967,literature,no_context,easy,1,no,yes
dev_0528,dev,bnp_008099_1,bnp_008099,history,has_context,hard,0,yes,no
dev_0529,dev,bnp_010539_1,bnp_010539,grammar,no_context,hard,0,yes,no
dev_0530,dev,bnp_000845_0,bnp_000845,history,has_context,easy,1,no,yes
dev_0531,dev,bnp_029907_1,bnp_029907,reading_comprehension,has_context,easy,0,yes,no
dev_0532,dev,bnp_025421_0,bnp_025421,law,has_context,easy,1,yes,no
dev_0533,dev,bnp_011762_1,bnp_011762,history,has_context,easy,0,yes,no
dev_0534,dev,bnp_008888_0,bnp_008888,law,has_context,hard,1,yes,no
dev_0535,dev,bnp_012479_0,bnp_012479,science,no_context,hard,1,yes,no
dev_0536,dev,bnp_019480_1,bnp_019480,grammar,no_context,hard,0,no,yes
dev_0537,dev,bnp_004571_1,bnp_004571,synonym,no_context,easy,0,yes,no
dev_0538,dev,bnp_030871_1,bnp_030871,history,has_context,hard,0,yes,no
dev_0539,dev,bnp_003343_0,bnp_003343,science,no_context,easy,1,yes,no
dev_0540,dev,bnp_002342_1,bnp_002342,reading_comprehension,has_context,easy,0,yes,no
dev_0541,dev,bnp_015887_0,bnp_015887,reading_comprehension,has_context,easy,1,yes,no
dev_0542,dev,bnp_029098_1,bnp_029098,history,has_context,easy,0,yes,no
dev_0543,dev,bnp_002057_0,bnp_002057,reading_comprehension,has_context,hard,1,yes,no
dev_0544,dev,bnp_010668_1,bnp_010668,science,no_context,easy,0,yes,no
dev_0545,dev,bnp_006736_1,bnp_006736,reading_comprehension,has_context,easy,0,yes,no
dev_0546,dev,bnp_015937_1,bnp_015937,reading_comprehension,has_context,easy,0,yes,no
dev_0547,dev,bnp_022166_1,bnp_022166,mathematics,no_context,easy,0,yes,no
dev_0548,dev,bnp_001908_1,bnp_001908,history,has_context,hard,0,yes,no
dev_0549,dev,bnp_016021_0,bnp_016021,bcs,no_context,easy,1,yes,no
dev_0550,dev,bnp_030943_0,bnp_030943,history,has_context,hard,1,yes,no
dev_0551,dev,bnp_013109_0,bnp_013109,bcs,no_context,easy,1,yes,no
dev_0552,dev,bnp_022168_1,bnp_022168,mathematics,no_context,easy,0,yes,no
dev_0553,dev,bnp_023154_0,bnp_023154,reading_comprehension,has_context,easy,1,yes,no
dev_0554,dev,bnp_022422_0,bnp_022422,idiom_meaning,no_context,easy,1,yes,no
dev_0555,dev,bnp_003878_1,bnp_003878,reading_comprehension,has_context,easy,0,yes,no
dev_0556,dev,bnp_001132_1,bnp_001132,reading_comprehension,has_context,easy,0,yes,no
dev_0557,dev,bnp_007774_0,bnp_007774,reading_comprehension,has_context,easy,1,yes,no
dev_0558,dev,bnp_031706_0,bnp_031706,science,no_context,easy,1,yes,no
dev_0559,dev,bnp_005780_0,bnp_005780,reading_comprehension,has_context,hard,1,yes,no
dev_0560,dev,bnp_018163_0,bnp_018163,antonym,no_context,easy,1,yes,no
dev_0561,dev,bnp_019323_1,bnp_019323,reading_comprehension,has_context,easy,0,yes,no
dev_0562,dev,bnp_006445_0,bnp_006445,idiom_meaning,no_context,easy,1,yes,no
dev_0563,dev,bnp_013660_1,bnp_013660,history,has_context,hard,0,yes,no
dev_0564,dev,bnp_001080_0,bnp_001080,reading_comprehension,has_context,hard,1,no,yes
dev_0565,dev,bnp_016019_0,bnp_016019,history,has_context,hard,1,yes,no
dev_0566,dev,bnp_004678_0,bnp_004678,reading_comprehension,has_context,hard,1,yes,no
dev_0567,dev,bnp_024164_1,bnp_024164,science,no_context,easy,0,yes,no
dev_0568,dev,bnp_012020_0,bnp_012020,reading_comprehension,has_context,easy,1,yes,no
dev_0569,dev,bnp_003545_1,bnp_003545,reading_comprehension,has_context,easy,0,yes,no
dev_0570,dev,bnp_020389_1,bnp_020389,idiom_meaning,no_context,easy,0,no,yes
dev_0571,dev,bnp_027357_0,bnp_027357,antonym,no_context,easy,1,yes,no
dev_0572,dev,bnp_025619_1,bnp_025619,idiom_meaning,no_context,easy,0,yes,no
dev_0573,dev,bnp_000304_0,bnp_000304,bcs,no_context,hard,1,yes,no
dev_0574,dev,bnp_031578_1,bnp_031578,reading_comprehension,has_context,easy,0,yes,no
dev_0575,dev,bnp_013140_0,bnp_013140,reading_comprehension,has_context,hard,1,yes,no
dev_0576,dev,bnp_024508_0,bnp_024508,reading_comprehension,has_context,easy,1,yes,no
dev_0577,dev,bnp_008367_1,bnp_008367,law,has_context,easy,0,yes,no
dev_0578,dev,bnp_009091_0,bnp_009091,history,has_context,easy,1,yes,no
dev_0579,dev,bnp_013594_0,bnp_013594,literature,no_context,easy,1,yes,no
dev_0580,dev,bnp_010174_1,bnp_010174,grammar,has_context,hard,0,yes,no
dev_0581,dev,bnp_004674_0,bnp_004674,history,has_context,easy,1,yes,no
dev_0582,dev,bnp_017289_0,bnp_017289,history,has_context,hard,1,yes,no
dev_0583,dev,bnp_006464_1,bnp_006464,reading_comprehension,has_context,hard,0,yes,no
dev_0584,dev,bnp_007590_0,bnp_007590,bcs,no_context,easy,1,yes,no
dev_0585,dev,bnp_005977_1,bnp_005977,mathematics,no_context,easy,0,yes,no
dev_0586,dev,bnp_030206_0,bnp_030206,others,has_context,easy,1,yes,no
dev_0587,dev,bnp_022260_1,bnp_022260,idiom_meaning,no_context,easy,0,yes,no
dev_0588,dev,bnp_023570_1,bnp_023570,literature,no_context,easy,0,yes,no
dev_0589,dev,bnp_027338_0,bnp_027338,history,has_context,easy,1,yes,no
dev_0590,dev,bnp_017553_0,bnp_017553,mathematics,no_context,easy,1,yes,no
dev_0591,dev,bnp_021486_0,bnp_021486,reading_comprehension,has_context,hard,1,yes,no
dev_0592,dev,bnp_001755_1,bnp_001755,reading_comprehension,has_context,easy,0,yes,no
dev_0593,dev,bnp_024013_1,bnp_024013,reading_comprehension,has_context,easy,0,yes,no
dev_0594,dev,bnp_006134_0,bnp_006134,history,has_context,hard,1,no,yes
dev_0595,dev,bnp_031057_1,bnp_031057,reading_comprehension,has_context,easy,0,no,yes
dev_0596,dev,bnp_022588_0,bnp_022588,bcs,no_context,easy,1,no,yes
dev_0597,dev,bnp_008126_1,bnp_008126,mathematics,no_context,easy,0,yes,no
dev_0598,dev,bnp_029592_1,bnp_029592,reading_comprehension,has_context,easy,0,yes,no
dev_0599,dev,bnp_022765_1,bnp_022765,literature,no_context,easy,0,no,yes
dev_0600,dev,bnp_001548_0,bnp_001548,synonym,no_context,easy,1,yes,no
dev_0601,dev,bnp_009255_0,bnp_009255,antonym,no_context,easy,1,yes,no
dev_0602,dev,bnp_011539_1,bnp_011539,mathematics,no_context,easy,0,yes,no
dev_0603,dev,bnp_002319_0,bnp_002319,reading_comprehension,has_context,easy,1,no,yes
dev_0604,dev,bnp_007626_0,bnp_007626,others,has_context,easy,1,yes,no
dev_0605,dev,bnp_009481_1,bnp_009481,idiom_meaning,no_context,easy,0,yes,no
dev_0606,dev,bnp_002287_0,bnp_002287,reading_comprehension,has_context,easy,1,yes,no
dev_0607,dev,bnp_021392_1,bnp_021392,antonym,no_context,easy,0,yes,no
dev_0608,dev,bnp_027168_1,bnp_027168,antonym,no_context,easy,0,yes,no
dev_0609,dev,bnp_007644_0,bnp_007644,history,has_context,hard,1,yes,no
dev_0610,dev,bnp_023892_1,bnp_023892,idiom_meaning,no_context,easy,0,yes,no
dev_0611,dev,bnp_015506_1,bnp_015506,reading_comprehension,has_context,easy,0,yes,no
dev_0612,dev,bnp_008149_1,bnp_008149,reading_comprehension,has_context,easy,0,yes,no
dev_0613,dev,bnp_021255_0,bnp_021255,reading_comprehension,has_context,easy,1,yes,no
dev_0614,dev,bnp_029428_1,bnp_029428,antonym,no_context,easy,0,no,yes
dev_0615,dev,bnp_025074_1,bnp_025074,reading_comprehension,has_context,easy,0,yes,no
dev_0616,dev,bnp_012908_0,bnp_012908,grammar,has_context,hard,1,yes,no
dev_0617,dev,bnp_012865_0,bnp_012865,bcs,no_context,easy,1,yes,no
dev_0618,dev,bnp_013460_0,bnp_013460,history,has_context,hard,1,yes,no
dev_0619,dev,bnp_020947_1,bnp_020947,history,has_context,easy,0,yes,no
dev_0620,dev,bnp_017699_0,bnp_017699,science,no_context,easy,1,yes,no
dev_0621,dev,bnp_013413_1,bnp_013413,reading_comprehension,has_context,hard,0,yes,no
dev_0622,dev,bnp_024169_0,bnp_024169,mathematics,no_context,easy,1,yes,no
dev_0623,dev,bnp_006679_1,bnp_006679,reading_comprehension,has_context,easy,0,yes,no
dev_0624,dev,bnp_001925_1,bnp_001925,reading_comprehension,has_context,easy,0,yes,no
dev_0625,dev,bnp_015366_1,bnp_015366,grammar,has_context,hard,0,yes,no
dev_0626,dev,bnp_006210_0,bnp_006210,history,has_context,hard,1,yes,no
dev_0627,dev,bnp_030298_0,bnp_030298,reading_comprehension,has_context,easy,1,yes,no
dev_0628,dev,bnp_007418_0,bnp_007418,history,has_context,hard,1,yes,no
dev_0629,dev,bnp_021143_1,bnp_021143,history,has_context,easy,0,yes,no
dev_0630,dev,bnp_025826_0,bnp_025826,reading_comprehension,has_context,easy,1,no,yes
dev_0631,dev,bnp_015628_0,bnp_015628,literature,no_context,easy,1,yes,no
dev_0632,dev,bnp_004450_0,bnp_004450,law,no_context,hard,1,yes,no
dev_0633,dev,bnp_030592_0,bnp_030592,grammar,has_context,hard,1,yes,no
dev_0634,dev,bnp_022607_1,bnp_022607,history,no_context,hard,0,yes,no
dev_0635,dev,bnp_016860_0,bnp_016860,literature,no_context,hard,1,yes,no
dev_0636,dev,bnp_023945_0,bnp_023945,literature,no_context,easy,1,no,yes
dev_0637,dev,bnp_024418_1,bnp_024418,reading_comprehension,has_context,hard,0,yes,no
dev_0638,dev,bnp_008398_0,bnp_008398,history,has_context,hard,1,no,yes
dev_0639,dev,bnp_012661_1,bnp_012661,bcs,no_context,easy,0,yes,no
dev_0640,dev,bnp_008921_1,bnp_008921,history,has_context,easy,0,yes,no
dev_0641,dev,bnp_028229_1,bnp_028229,history,no_context,hard,0,yes,no
dev_0642,dev,bnp_001803_1,bnp_001803,history,has_context,easy,0,yes,no
dev_0643,dev,bnp_027303_1,bnp_027303,reading_comprehension,has_context,easy,0,yes,no
dev_0644,dev,bnp_006808_1,bnp_006808,science,no_context,hard,0,yes,no
dev_0645,dev,bnp_018068_0,bnp_018068,grammar,no_context,easy,1,yes,no
dev_0646,dev,bnp_019411_0,bnp_019411,mathematics,no_context,easy,1,yes,no
dev_0647,dev,bnp_014704_0,bnp_014704,idiom_meaning,no_context,easy,1,yes,no
dev_0648,dev,bnp_018551_1,bnp_018551,grammar,no_context,hard,0,yes,no
dev_0649,dev,bnp_030059_0,bnp_030059,antonym,no_context,easy,1,yes,no
dev_0650,dev,bnp_024423_1,bnp_024423,history,has_context,easy,0,no,yes
dev_0651,dev,bnp_012325_0,bnp_012325,grammar,no_context,easy,1,yes,no
dev_0652,dev,bnp_000417_0,bnp_000417,literature,no_context,easy,1,yes,no
dev_0653,dev,bnp_001967_1,bnp_001967,antonym,no_context,easy,0,yes,no
dev_0654,dev,bnp_028878_0,bnp_028878,history,has_context,hard,1,yes,no
dev_0655,dev,bnp_029241_1,bnp_029241,history,has_context,easy,0,yes,no
dev_0656,dev,bnp_017421_1,bnp_017421,others,has_context,easy,0,yes,no
dev_0657,dev,bnp_022799_0,bnp_022799,history,has_context,easy,1,yes,no
dev_0658,dev,bnp_011584_1,bnp_011584,bcs,no_context,easy,0,no,yes
dev_0659,dev,bnp_016415_0,bnp_016415,history,has_context,easy,1,yes,no
dev_0660,dev,bnp_002240_1,bnp_002240,history,has_context,hard,0,yes,no
dev_0661,dev,bnp_002675_0,bnp_002675,history,has_context,easy,1,yes,no
dev_0662,dev,bnp_027206_0,bnp_027206,idiom_meaning,no_context,easy,1,yes,no
dev_0663,dev,bnp_004752_0,bnp_004752,reading_comprehension,has_context,easy,1,yes,no
dev_0664,dev,bnp_003439_0,bnp_003439,reading_comprehension,has_context,easy,1,no,yes
dev_0665,dev,bnp_012504_1,bnp_012504,reading_comprehension,has_context,easy,0,yes,no
dev_0666,dev,bnp_028872_1,bnp_028872,reading_comprehension,has_context,easy,0,yes,no
dev_0667,dev,bnp_020746_0,bnp_020746,grammar,has_context,hard,1,yes,no
dev_0668,dev,bnp_018636_1,bnp_018636,others,has_context,easy,0,yes,no
dev_0669,dev,bnp_010705_1,bnp_010705,reading_comprehension,has_context,easy,0,yes,no
dev_0670,dev,bnp_019446_0,bnp_019446,reading_comprehension,has_context,easy,1,yes,no
dev_0671,dev,bnp_015903_1,bnp_015903,literature,no_context,easy,0,no,yes
dev_0672,dev,bnp_007016_0,bnp_007016,mathematics,no_context,easy,1,yes,no
dev_0673,dev,bnp_022692_0,bnp_022692,law,has_context,easy,1,yes,no
dev_0674,dev,bnp_021143_0,bnp_021143,history,has_context,easy,1,yes,no
dev_0675,dev,bnp_023403_0,bnp_023403,history,has_context,easy,1,yes,no
dev_0676,dev,bnp_003020_1,bnp_003020,literature,no_context,easy,0,yes,no
dev_0677,dev,bnp_012661_0,bnp_012661,bcs,no_context,easy,1,yes,no
dev_0678,dev,bnp_022171_1,bnp_022171,vocabulary,no_context,easy,0,yes,no
dev_0679,dev,bnp_024941_0,bnp_024941,reading_comprehension,has_context,easy,1,yes,no
dev_0680,dev,bnp_012175_0,bnp_012175,history,has_context,hard,1,yes,no
dev_0681,dev,bnp_002350_1,bnp_002350,history,has_context,easy,0,yes,no
dev_0682,dev,bnp_008681_0,bnp_008681,history,has_context,hard,1,yes,no
dev_0683,dev,bnp_017699_1,bnp_017699,science,no_context,easy,0,yes,no
dev_0684,dev,bnp_014704_1,bnp_014704,idiom_meaning,no_context,easy,0,yes,no
dev_0685,dev,bnp_001709_0,bnp_001709,history,has_context,easy,1,yes,no
dev_0686,dev,bnp_019436_1,bnp_019436,law,has_context,hard,0,yes,no
dev_0687,dev,bnp_023885_0,bnp_023885,reading_comprehension,has_context,easy,1,yes,no
dev_0688,dev,bnp_022295_0,bnp_022295,synonym,no_context,easy,1,yes,no
dev_0689,dev,bnp_007016_1,bnp_007016,mathematics,no_context,easy,0,yes,no
dev_0690,dev,bnp_003878_0,bnp_003878,reading_comprehension,has_context,easy,1,no,yes
dev_0691,dev,bnp_030298_1,bnp_030298,reading_comprehension,has_context,easy,0,yes,no
dev_0692,dev,bnp_028878_1,bnp_028878,history,has_context,hard,0,yes,no
dev_0693,dev,bnp_027350_0,bnp_027350,reading_comprehension,has_context,easy,1,yes,no
dev_0694,dev,bnp_024260_0,bnp_024260,reading_comprehension,has_context,easy,1,yes,no
dev_0695,dev,bnp_017245_0,bnp_017245,mathematics,no_context,easy,1,yes,no
dev_0696,dev,bnp_010498_1,bnp_010498,history,has_context,easy,0,yes,no
dev_0697,dev,bnp_003545_0,bnp_003545,reading_comprehension,has_context,easy,1,yes,no
dev_0698,dev,bnp_011917_1,bnp_011917,others,has_context,hard,0,no,yes
dev_0699,dev,bnp_019165_0,bnp_019165,grammar,no_context,hard,1,yes,no
dev_0700,dev,bnp_002239_1,bnp_002239,reading_comprehension,has_context,easy,0,yes,no
dev_0701,dev,bnp_009303_0,bnp_009303,synonym,no_context,easy,1,yes,no
dev_0702,dev,bnp_029062_1,bnp_029062,idiom_meaning,no_context,easy,0,yes,no
dev_0703,dev,bnp_014456_1,bnp_014456,history,has_context,easy,0,yes,no
dev_0704,dev,bnp_011044_1,bnp_011044,reading_comprehension,has_context,easy,0,yes,no
dev_0705,dev,bnp_012806_1,bnp_012806,history,has_context,easy,0,yes,no
dev_0706,dev,bnp_024108_0,bnp_024108,grammar,no_context,hard,1,yes,no
dev_0707,dev,bnp_025143_0,bnp_025143,mathematics,no_context,easy,1,yes,no
dev_0708,dev,bnp_016021_1,bnp_016021,bcs,no_context,easy,0,yes,no
dev_0709,dev,bnp_026910_1,bnp_026910,reading_comprehension,has_context,easy,0,yes,no
dev_0710,dev,bnp_024013_0,bnp_024013,reading_comprehension,has_context,easy,1,yes,no
dev_0711,dev,bnp_004674_1,bnp_004674,history,has_context,easy,0,yes,no
dev_0712,dev,bnp_014113_1,bnp_014113,antonym,no_context,easy,0,yes,no
dev_0713,dev,bnp_025122_0,bnp_025122,history,has_context,hard,1,yes,no
dev_0714,dev,bnp_029311_1,bnp_029311,reading_comprehension,has_context,hard,0,yes,no
dev_0715,dev,bnp_027062_1,bnp_027062,vocabulary,no_context,easy,0,yes,no
dev_0716,dev,bnp_000813_1,bnp_000813,grammar,has_context,hard,0,yes,no
dev_0717,dev,bnp_022765_0,bnp_022765,literature,no_context,easy,1,yes,no
dev_0718,dev,bnp_001908_0,bnp_001908,history,has_context,hard,1,yes,no
dev_0719,dev,bnp_026648_0,bnp_026648,idiom_meaning,no_context,easy,1,yes,no
dev_0720,dev,bnp_001495_1,bnp_001495,science,no_context,easy,0,yes,no
dev_0721,dev,bnp_029592_0,bnp_029592,reading_comprehension,has_context,easy,1,yes,no
dev_0722,dev,bnp_022799_1,bnp_022799,history,has_context,easy,0,yes,no
dev_0723,dev,bnp_014347_1,bnp_014347,reading_comprehension,has_context,easy,0,yes,no
dev_0724,dev,bnp_030905_1,bnp_030905,mathematics,no_context,hard,0,yes,no
dev_0725,dev,bnp_000439_1,bnp_000439,history,has_context,hard,0,yes,no
dev_0726,dev,bnp_017553_1,bnp_017553,mathematics,no_context,easy,0,yes,no
dev_0727,dev,bnp_027345_1,bnp_027345,science,no_context,easy,0,yes,no
dev_0728,dev,bnp_010539_0,bnp_010539,grammar,no_context,hard,1,yes,no
dev_0729,dev,bnp_027168_0,bnp_027168,antonym,no_context,easy,1,yes,no
dev_0730,dev,bnp_009240_0,bnp_009240,mathematics,no_context,hard,1,yes,no
dev_0731,dev,bnp_003393_0,bnp_003393,grammar,has_context,hard,1,yes,no
dev_0732,dev,bnp_031716_0,bnp_031716,reading_comprehension,has_context,easy,1,yes,no
dev_0733,dev,bnp_031117_0,bnp_031117,law,has_context,easy,1,no,yes
dev_0734,dev,bnp_008700_0,bnp_008700,others,has_context,hard,1,yes,no
dev_0735,dev,bnp_006804_1,bnp_006804,literature,no_context,easy,0,yes,no
dev_0736,dev,bnp_005702_0,bnp_005702,literature,no_context,easy,1,yes,no
dev_0737,dev,bnp_012908_1,bnp_012908,grammar,has_context,hard,0,yes,no
dev_0738,dev,bnp_002355_1,bnp_002355,reading_comprehension,has_context,easy,0,yes,no
dev_0739,dev,bnp_028469_0,bnp_028469,reading_comprehension,has_context,easy,1,yes,no
dev_0740,dev,bnp_026304_1,bnp_026304,law,has_context,hard,0,yes,no
dev_0741,dev,bnp_004524_0,bnp_004524,literature,no_context,hard,1,yes,no
dev_0742,dev,bnp_018636_0,bnp_018636,others,has_context,easy,1,yes,no
dev_0743,dev,bnp_028443_0,bnp_028443,history,has_context,easy,1,yes,no
dev_0744,dev,bnp_030964_1,bnp_030964,law,has_context,hard,0,no,yes
dev_0745,dev,bnp_013844_0,bnp_013844,bcs,no_context,hard,1,yes,no
dev_0746,dev,bnp_013898_1,bnp_013898,history,no_context,hard,0,no,yes
dev_0747,dev,bnp_021156_1,bnp_021156,science,no_context,hard,0,yes,no
dev_0748,dev,bnp_011578_0,bnp_011578,history,has_context,easy,1,yes,no
dev_0749,dev,bnp_014360_1,bnp_014360,reading_comprehension,has_context,hard,0,yes,no
dev_0750,dev,bnp_024866_1,bnp_024866,science,no_context,hard,0,yes,no
dev_0751,dev,bnp_006445_1,bnp_006445,idiom_meaning,no_context,easy,0,yes,no
dev_0752,dev,bnp_012086_0,bnp_012086,grammar,has_context,hard,1,yes,no
dev_0753,dev,bnp_003277_1,bnp_003277,others,has_context,easy,0,yes,no
dev_0754,dev,bnp_016125_1,bnp_016125,science,no_context,easy,0,yes,no
dev_0755,dev,bnp_020270_1,bnp_020270,bcs,no_context,easy,0,yes,no
dev_0756,dev,bnp_018163_1,bnp_018163,antonym,no_context,easy,0,yes,no
dev_0757,dev,bnp_028229_0,bnp_028229,grammar,no_context,hard,1,yes,no
dev_0758,dev,bnp_021345_1,bnp_021345,history,has_context,easy,0,yes,no
dev_0759,dev,bnp_001548_1,bnp_001548,synonym,no_context,easy,0,yes,no
dev_0760,dev,bnp_029043_1,bnp_029043,literature,no_context,easy,0,yes,no
dev_0761,dev,bnp_017975_0,bnp_017975,reading_comprehension,has_context,easy,1,yes,no
dev_0762,dev,bnp_025115_0,bnp_025115,science,no_context,easy,1,yes,no
dev_0763,dev,bnp_000417_1,bnp_000417,literature,no_context,easy,0,yes,no
dev_0764,dev,bnp_012911_1,bnp_012911,reading_comprehension,has_context,easy,0,yes,no
dev_0765,dev,bnp_008834_1,bnp_008834,reading_comprehension,has_context,easy,0,yes,no
dev_0766,dev,bnp_027320_1,bnp_027320,reading_comprehension,has_context,easy,0,yes,no
dev_0767,dev,bnp_010991_0,bnp_010991,reading_comprehension,has_context,easy,1,yes,no
dev_0768,dev,bnp_015983_0,bnp_015983,law,has_context,hard,1,yes,no
dev_0769,dev,bnp_030051_1,bnp_030051,reading_comprehension,has_context,easy,0,yes,no
dev_0770,dev,bnp_017060_1,bnp_017060,reading_comprehension,has_context,easy,0,yes,no
dev_0771,dev,bnp_027978_1,bnp_027978,synonym,no_context,easy,0,yes,no
dev_0772,dev,bnp_027525_1,bnp_027525,science,no_context,easy,0,yes,no
dev_0773,dev,bnp_009634_0,bnp_009634,reading_comprehension,has_context,easy,1,no,yes
dev_0774,dev,bnp_020844_1,bnp_020844,law,no_context,hard,0,yes,no
dev_0775,dev,bnp_023957_0,bnp_023957,bcs,no_context,hard,1,yes,no
dev_0776,dev,bnp_029428_0,bnp_029428,antonym,no_context,easy,1,yes,no
dev_0777,dev,bnp_017305_0,bnp_017305,law,no_context,hard,1,yes,no
dev_0778,dev,bnp_019929_0,bnp_019929,vocabulary,no_context,easy,1,yes,no
dev_0779,dev,bnp_010936_1,bnp_010936,reading_comprehension,has_context,easy,0,yes,no
dev_0780,dev,bnp_021253_0,bnp_021253,mathematics,no_context,easy,1,yes,no
dev_0781,dev,bnp_028275_0,bnp_028275,history,has_context,easy,1,yes,no
dev_0782,dev,bnp_026662_1,bnp_026662,idiom_meaning,no_context,easy,0,yes,no
dev_0783,dev,bnp_019515_1,bnp_019515,literature,no_context,easy,0,no,yes
dev_0784,dev,bnp_013253_1,bnp_013253,reading_comprehension,has_context,easy,0,yes,no
dev_0785,dev,bnp_005270_0,bnp_005270,reading_comprehension,has_context,easy,1,yes,no
dev_0786,dev,bnp_022977_0,bnp_022977,reading_comprehension,has_context,easy,1,yes,no
dev_0787,dev,bnp_031400_1,bnp_031400,law,no_context,easy,0,yes,no
dev_0788,dev,bnp_010570_0,bnp_010570,bcs,no_context,easy,1,yes,no
dev_0789,dev,bnp_027206_1,bnp_027206,idiom_meaning,no_context,easy,0,yes,no
dev_0790,dev,bnp_002785_0,bnp_002785,science,no_context,easy,1,yes,no
dev_0791,dev,bnp_021921_1,bnp_021921,grammar,has_context,hard,0,yes,no
dev_0792,dev,bnp_027848_1,bnp_027848,reading_comprehension,has_context,easy,0,yes,no
dev_0793,dev,bnp_026379_1,bnp_026379,science,no_context,easy,0,yes,no
dev_0794,dev,bnp_021141_1,bnp_021141,history,has_context,easy,0,yes,no
dev_0795,dev,bnp_024169_1,bnp_024169,mathematics,no_context,easy,0,yes,no
dev_0796,dev,bnp_017693_1,bnp_017693,reading_comprehension,has_context,easy,0,yes,no
dev_0797,dev,bnp_030505_0,bnp_030505,mathematics,no_context,easy,1,yes,no
dev_0798,dev,bnp_003631_1,bnp_003631,grammar,no_context,hard,0,yes,no
dev_0799,dev,bnp_021942_1,bnp_021942,reading_comprehension,has_context,easy,0,yes,no
dev_0800,dev,bnp_024473_1,bnp_024473,mathematics,no_context,easy,0,yes,no
dev_0801,dev,bnp_016515_0,bnp_016515,science,no_context,easy,1,yes,no
dev_0802,dev,bnp_012865_1,bnp_012865,bcs,no_context,easy,0,yes,no
dev_0803,dev,bnp_017426_1,bnp_017426,reading_comprehension,has_context,hard,0,yes,no
dev_0804,dev,bnp_016574_0,bnp_016574,reading_comprehension,has_context,easy,1,yes,no
dev_0805,dev,bnp_009673_0,bnp_009673,reading_comprehension,has_context,easy,1,yes,no
dev_0806,dev,bnp_013413_0,bnp_013413,reading_comprehension,has_context,hard,1,no,yes
dev_0807,dev,bnp_024795_0,bnp_024795,history,has_context,hard,1,yes,no
dev_0808,dev,bnp_018651_0,bnp_018651,reading_comprehension,has_context,easy,1,yes,no
dev_0809,dev,bnp_003458_0,bnp_003458,history,has_context,easy,1,yes,no
dev_0810,dev,bnp_029133_1,bnp_029133,law,no_context,hard,0,yes,no
dev_0811,dev,bnp_010062_1,bnp_010062,vocabulary,no_context,easy,0,yes,no
dev_0812,dev,bnp_017180_0,bnp_017180,reading_comprehension,has_context,easy,1,yes,no
dev_0813,dev,bnp_012504_0,bnp_012504,reading_comprehension,has_context,easy,1,yes,no
dev_0814,dev,bnp_012325_1,bnp_012325,grammar,no_context,easy,0,yes,no
dev_0815,dev,bnp_020389_0,bnp_020389,idiom_meaning,no_context,easy,1,yes,no
dev_0816,dev,bnp_010937_0,bnp_010937,history,has_context,easy,1,yes,no
dev_0817,dev,bnp_021255_1,bnp_021255,reading_comprehension,has_context,easy,0,yes,no
dev_0818,dev,bnp_023817_0,bnp_023817,history,has_context,hard,1,yes,no
dev_0819,dev,bnp_002062_0,bnp_002062,literature,no_context,easy,1,no,yes
dev_0820,dev,bnp_018967_1,bnp_018967,literature,no_context,easy,0,yes,no
dev_0821,dev,bnp_021392_0,bnp_021392,antonym,no_context,easy,1,yes,no
dev_0822,dev,bnp_011331_0,bnp_011331,others,has_context,easy,1,yes,no
dev_0823,dev,bnp_027360_0,bnp_027360,history,has_context,hard,1,yes,no
dev_0824,dev,bnp_015073_1,bnp_015073,literature,no_context,hard,0,yes,no
dev_0825,dev,bnp_025817_1,bnp_025817,antonym,no_context,easy,0,yes,no
dev_0826,dev,bnp_015023_0,bnp_015023,others,has_context,hard,1,yes,no
dev_0827,dev,bnp_026231_1,bnp_026231,science,no_context,easy,0,yes,no
dev_0828,dev,bnp_009777_1,bnp_009777,history,has_context,hard,0,yes,no
dev_0829,dev,bnp_010784_0,bnp_010784,bcs,no_context,easy,1,yes,no
dev_0830,dev,bnp_018832_0,bnp_018832,law,has_context,easy,1,yes,no
dev_0831,dev,bnp_004571_0,bnp_004571,synonym,no_context,easy,1,no,yes
dev_0832,dev,bnp_003439_1,bnp_003439,reading_comprehension,has_context,easy,0,yes,no
dev_0833,dev,bnp_016019_1,bnp_016019,history,has_context,hard,0,yes,no
dev_0834,dev,bnp_007644_1,bnp_007644,history,has_context,hard,0,no,yes
dev_0835,dev,bnp_008126_0,bnp_008126,mathematics,no_context,easy,1,yes,no
dev_0836,dev,bnp_030873_0,bnp_030873,antonym,no_context,easy,1,yes,no
dev_0837,dev,bnp_019875_1,bnp_019875,grammar,no_context,easy,0,yes,no
dev_0838,dev,bnp_026957_1,bnp_026957,law,has_context,easy,0,yes,no
dev_0839,dev,bnp_007071_0,bnp_007071,grammar,has_context,hard,1,yes,no
dev_0840,dev,bnp_015458_0,bnp_015458,reading_comprehension,has_context,easy,1,yes,no
dev_0841,dev,bnp_011430_0,bnp_011430,history,has_context,easy,1,yes,no
dev_0842,dev,bnp_026038_0,bnp_026038,bcs,no_context,easy,1,yes,no
dev_0843,dev,bnp_010091_0,bnp_010091,history,has_context,hard,1,yes,no
dev_0844,dev,bnp_006702_0,bnp_006702,reading_comprehension,has_context,easy,1,yes,no
dev_0845,dev,bnp_005906_1,bnp_005906,reading_comprehension,has_context,easy,0,yes,no
dev_0846,dev,bnp_007552_0,bnp_007552,science,no_context,hard,1,yes,no
dev_0847,dev,bnp_003560_0,bnp_003560,reading_comprehension,has_context,easy,1,yes,no
dev_0848,dev,bnp_009263_0,bnp_009263,reading_comprehension,has_context,easy,1,yes,no
dev_0849,dev,bnp_011711_1,bnp_011711,history,has_context,easy,0,yes,no
dev_0850,dev,bnp_015157_0,bnp_015157,synonym,no_context,easy,1,no,yes
dev_0851,dev,bnp_020947_0,bnp_020947,history,has_context,easy,1,yes,no
dev_0852,dev,bnp_025576_1,bnp_025576,reading_comprehension,has_context,hard,0,no,yes
dev_0853,dev,bnp_001978_1,bnp_001978,literature,no_context,easy,0,yes,no
dev_0854,dev,bnp_011595_1,bnp_011595,reading_comprehension,has_context,easy,0,yes,no
dev_0855,dev,bnp_010184_0,bnp_010184,history,has_context,easy,1,yes,no
dev_0856,dev,bnp_025036_1,bnp_025036,history,has_context,easy,0,yes,no
dev_0857,dev,bnp_016770_1,bnp_016770,reading_comprehension,has_context,easy,0,yes,no
dev_0858,dev,bnp_017900_1,bnp_017900,history,has_context,hard,0,yes,no
dev_0859,dev,bnp_020272_1,bnp_020272,reading_comprehension,has_context,easy,0,yes,no
dev_0860,dev,bnp_006679_0,bnp_006679,reading_comprehension,has_context,easy,1,no,yes
dev_0861,dev,bnp_008027_1,bnp_008027,law,no_context,hard,0,yes,no
dev_0862,dev,bnp_013048_1,bnp_013048,history,has_context,easy,0,yes,no
dev_0863,dev,bnp_030357_0,bnp_030357,idiom_meaning,no_context,easy,1,yes,no
dev_0864,dev,bnp_017937_1,bnp_017937,bcs,no_context,hard,0,yes,no
dev_0865,dev,bnp_007590_1,bnp_007590,bcs,no_context,easy,0,no,yes
dev_0866,dev,bnp_000678_1,bnp_000678,antonym,no_context,easy,0,yes,no
dev_0867,dev,bnp_008888_1,bnp_008888,law,has_context,hard,0,yes,no
dev_0868,dev,bnp_028567_1,bnp_028567,reading_comprehension,has_context,easy,0,yes,no
dev_0869,dev,bnp_029907_0,bnp_029907,reading_comprehension,has_context,easy,1,yes,no
dev_0870,dev,bnp_012057_1,bnp_012057,history,has_context,hard,0,yes,no
dev_0871,dev,bnp_023872_1,bnp_023872,others,has_context,easy,0,yes,no
dev_0872,dev,bnp_022692_1,bnp_022692,law,has_context,easy,0,yes,no
dev_0873,dev,bnp_007581_0,bnp_007581,history,has_context,hard,1,yes,no
dev_0874,dev,bnp_013154_0,bnp_013154,reading_comprehension,has_context,easy,1,yes,no
dev_0875,dev,bnp_024157_1,bnp_024157,reading_comprehension,has_context,easy,0,yes,no
dev_0876,dev,bnp_014006_0,bnp_014006,mathematics,no_context,easy,1,yes,no
dev_0877,dev,bnp_000418_0,bnp_000418,grammar,no_context,hard,1,yes,no
dev_0878,dev,bnp_028872_0,bnp_028872,reading_comprehension,has_context,easy,1,no,yes
dev_0879,dev,bnp_026473_0,bnp_026473,history,has_context,easy,1,yes,no
dev_0880,dev,bnp_008099_0,bnp_008099,history,has_context,hard,1,yes,no
dev_0881,dev,bnp_022607_0,bnp_022607,history,no_context,hard,1,yes,no
dev_0882,dev,bnp_028265_1,bnp_028265,reading_comprehension,has_context,hard,0,yes,no
dev_0883,dev,bnp_028141_0,bnp_028141,history,has_context,easy,1,yes,no
dev_0884,dev,bnp_012386_1,bnp_012386,science,no_context,easy,0,yes,no
dev_0885,dev,bnp_005810_1,bnp_005810,reading_comprehension,has_context,easy,0,yes,no
dev_0886,dev,bnp_010014_1,bnp_010014,others,has_context,hard,0,yes,no
dev_0887,dev,bnp_006134_1,bnp_006134,history,has_context,hard,0,yes,no
dev_0888,dev,bnp_015312_0,bnp_015312,law,has_context,easy,1,yes,no
dev_0889,dev,bnp_015462_0,bnp_015462,reading_comprehension,has_context,easy,1,yes,no
dev_0890,dev,bnp_021421_1,bnp_021421,bcs,no_context,easy,0,yes,no
dev_0891,dev,bnp_013126_1,bnp_013126,reading_comprehension,has_context,easy,0,yes,no
dev_0892,dev,bnp_013140_1,bnp_013140,reading_comprehension,has_context,hard,0,yes,no
dev_0893,dev,bnp_026675_1,bnp_026675,science,no_context,easy,0,yes,no
dev_0894,dev,bnp_020894_1,bnp_020894,vocabulary,no_context,easy,0,yes,no
dev_0895,dev,bnp_025619_0,bnp_025619,idiom_meaning,no_context,easy,1,yes,no
dev_0896,dev,bnp_005584_0,bnp_005584,history,no_context,hard,1,yes,no
dev_0897,dev,bnp_017982_0,bnp_017982,reading_comprehension,has_context,easy,1,yes,no
dev_0898,dev,bnp_007836_0,bnp_007836,reading_comprehension,has_context,easy,1,yes,no
dev_0899,dev,bnp_014088_0,bnp_014088,literature,no_context,easy,1,yes,no
dev_0900,dev,bnp_005263_1,bnp_005263,law,no_context,hard,0,yes,no
dev_0901,dev,bnp_004752_1,bnp_004752,reading_comprehension,has_context,easy,0,yes,no
dev_0902,dev,bnp_011959_1,bnp_011959,grammar,no_context,hard,0,yes,no
dev_0903,dev,bnp_003457_1,bnp_003457,antonym,no_context,easy,0,yes,no
dev_0904,dev,bnp_000560_1,bnp_000560,idiom_meaning,no_context,easy,0,yes,no
dev_0905,dev,bnp_020333_1,bnp_020333,grammar,no_context,hard,0,no,yes
dev_0906,dev,bnp_011584_0,bnp_011584,bcs,no_context,easy,1,no,yes
dev_0907,dev,bnp_025826_1,bnp_025826,reading_comprehension,has_context,easy,0,yes,no
dev_0908,dev,bnp_028375_0,bnp_028375,reading_comprehension,has_context,easy,1,yes,no
dev_0909,dev,bnp_011899_1,bnp_011899,history,has_context,easy,0,yes,no
dev_0910,dev,bnp_005823_0,bnp_005823,vocabulary,no_context,easy,1,yes,no
dev_0911,dev,bnp_031373_0,bnp_031373,idiom_meaning,no_context,easy,1,yes,no
dev_0912,dev,bnp_030882_1,bnp_030882,reading_comprehension,has_context,easy,0,yes,no
dev_0913,dev,bnp_003480_0,bnp_003480,history,has_context,easy,1,yes,no
dev_0914,dev,bnp_025074_0,bnp_025074,reading_comprehension,has_context,easy,1,yes,no
dev_0915,dev,bnp_019442_1,bnp_019442,bcs,no_context,easy,0,yes,no
dev_0916,dev,bnp_010072_0,bnp_010072,reading_comprehension,has_context,hard,1,yes,no
dev_0917,dev,bnp_020782_1,bnp_020782,synonym,no_context,easy,0,yes,no
dev_0918,dev,bnp_030777_0,bnp_030777,law,no_context,hard,1,yes,no
dev_0919,dev,bnp_013124_0,bnp_013124,history,has_context,easy,1,yes,no
dev_0920,dev,bnp_023154_1,bnp_023154,reading_comprehension,has_context,easy,0,yes,no
dev_0921,dev,bnp_000620_1,bnp_000620,history,has_context,easy,0,yes,no
dev_0922,dev,bnp_008692_0,bnp_008692,bcs,no_context,easy,1,yes,no
dev_0923,dev,bnp_031525_0,bnp_031525,vocabulary,no_context,easy,1,yes,no
dev_0924,dev,bnp_017579_0,bnp_017579,history,has_context,easy,1,yes,no
dev_0925,dev,bnp_003580_1,bnp_003580,others,has_context,easy,0,yes,no
dev_0926,dev,bnp_004678_1,bnp_004678,reading_comprehension,has_context,hard,0,yes,no
dev_0927,dev,bnp_019446_1,bnp_019446,reading_comprehension,has_context,easy,0,yes,no
dev_0928,dev,bnp_011502_0,bnp_011502,antonym,no_context,easy,1,no,yes
dev_0929,dev,bnp_001201_0,bnp_001201,history,has_context,easy,1,yes,no
dev_0930,dev,bnp_001877_1,bnp_001877,others,has_context,easy,0,yes,no
dev_0931,dev,bnp_017776_1,bnp_017776,antonym,no_context,easy,0,yes,no
dev_0932,dev,bnp_023030_1,bnp_023030,reading_comprehension,has_context,easy,0,yes,no
dev_0933,dev,bnp_002032_0,bnp_002032,grammar,no_context,hard,1,yes,no
dev_0934,dev,bnp_010953_0,bnp_010953,reading_comprehension,has_context,easy,1,yes,no
dev_0935,dev,bnp_001555_1,bnp_001555,reading_comprehension,has_context,easy,0,yes,no
dev_0936,dev,bnp_031283_1,bnp_031283,reading_comprehension,has_context,easy,0,yes,no
dev_0937,dev,bnp_008190_0,bnp_008190,reading_comprehension,has_context,easy,1,yes,no
dev_0938,dev,bnp_025673_1,bnp_025673,history,has_context,hard,0,yes,no
dev_0939,dev,bnp_019840_1,bnp_019840,literature,no_context,easy,0,yes,no
dev_0940,dev,bnp_006288_1,bnp_006288,history,has_context,hard,0,yes,no
dev_0941,dev,bnp_024801_1,bnp_024801,reading_comprehension,has_context,easy,0,yes,no
dev_0942,dev,bnp_002319_1,bnp_002319,reading_comprehension,has_context,easy,0,yes,no
dev_0943,dev,bnp_023739_0,bnp_023739,grammar,has_context,hard,1,yes,no
dev_0944,dev,bnp_021672_0,bnp_021672,reading_comprehension,has_context,easy,1,yes,no
dev_0945,dev,bnp_021122_1,bnp_021122,antonym,no_context,easy,0,yes,no
dev_0946,dev,bnp_028187_0,bnp_028187,reading_comprehension,has_context,easy,1,yes,no
dev_0947,dev,bnp_018437_1,bnp_018437,history,no_context,hard,0,yes,no
dev_0948,dev,bnp_031693_1,bnp_031693,grammar,no_context,easy,0,yes,no
dev_0949,dev,bnp_000576_1,bnp_000576,history,no_context,hard,0,no,yes
dev_0950,dev,bnp_030227_0,bnp_030227,literature,no_context,easy,1,yes,no
dev_0951,dev,bnp_001280_1,bnp_001280,antonym,no_context,easy,0,yes,no
dev_0952,dev,bnp_007857_0,bnp_007857,reading_comprehension,has_context,easy,1,yes,no
dev_0953,dev,bnp_019480_0,bnp_019480,grammar,no_context,hard,1,yes,no
dev_0954,dev,bnp_003920_1,bnp_003920,reading_comprehension,has_context,easy,0,yes,no
dev_0955,dev,bnp_030871_0,bnp_030871,history,has_context,hard,1,yes,no
dev_0956,dev,bnp_006518_1,bnp_006518,law,no_context,hard,0,yes,no
dev_0957,dev,bnp_001562_0,bnp_001562,history,has_context,easy,1,yes,no
dev_0958,dev,bnp_024418_0,bnp_024418,reading_comprehension,has_context,hard,1,yes,no
dev_0959,dev,bnp_005977_0,bnp_005977,mathematics,no_context,easy,1,no,yes
dev_0960,dev,bnp_000554_0,bnp_000554,reading_comprehension,has_context,easy,1,yes,no
dev_0961,dev,bnp_018512_1,bnp_018512,antonym,no_context,easy,0,yes,no
dev_0962,dev,bnp_008350_0,bnp_008350,history,has_context,easy,1,yes,no
dev_0963,dev,bnp_022168_0,bnp_022168,mathematics,no_context,easy,1,yes,no
dev_0964,dev,bnp_009797_0,bnp_009797,idiom_meaning,no_context,easy,1,yes,no
dev_0965,dev,bnp_022588_1,bnp_022588,bcs,no_context,easy,0,yes,no
dev_0966,dev,bnp_007987_1,bnp_007987,history,has_context,hard,0,yes,no
dev_0967,dev,bnp_011254_0,bnp_011254,reading_comprehension,has_context,easy,1,yes,no
dev_0968,dev,bnp_022501_0,bnp_022501,history,has_context,hard,1,yes,no
dev_0969,dev,bnp_010612_1,bnp_010612,antonym,no_context,easy,0,no,yes
dev_0970,dev,bnp_016415_1,bnp_016415,history,has_context,easy,0,yes,no
dev_0971,dev,bnp_029748_1,bnp_029748,idiom_meaning,no_context,easy,0,yes,no
dev_0972,dev,bnp_005969_1,bnp_005969,grammar,has_context,hard,0,yes,no
dev_0973,dev,bnp_000901_1,bnp_000901,history,has_context,easy,0,yes,no
dev_0974,dev,bnp_025087_0,bnp_025087,history,has_context,easy,1,yes,no
dev_0975,dev,bnp_017142_0,bnp_017142,vocabulary,no_context,easy,1,yes,no
dev_0976,dev,bnp_012031_0,bnp_012031,reading_comprehension,has_context,easy,1,yes,no
dev_0977,dev,bnp_028424_0,bnp_028424,reading_comprehension,has_context,hard,1,yes,no
dev_0978,dev,bnp_012658_1,bnp_012658,reading_comprehension,has_context,hard,0,no,yes
dev_0979,dev,bnp_020788_0,bnp_020788,reading_comprehension,has_context,hard,1,yes,no
dev_0980,dev,bnp_017853_1,bnp_017853,reading_comprehension,has_context,easy,0,yes,no
dev_0981,dev,bnp_023087_1,bnp_023087,law,has_context,easy,0,yes,no
dev_0982,dev,bnp_021601_0,bnp_021601,history,has_context,hard,1,yes,no
dev_0983,dev,bnp_008071_1,bnp_008071,mathematics,no_context,hard,0,yes,no
dev_0984,dev,bnp_001080_1,bnp_001080,reading_comprehension,has_context,hard,0,yes,no
dev_0985,dev,bnp_010771_0,bnp_010771,idiom_meaning,no_context,easy,1,yes,no
dev_0986,dev,bnp_019323_0,bnp_019323,reading_comprehension,has_context,easy,1,yes,no
dev_0987,dev,bnp_011343_0,bnp_011343,law,has_context,easy,1,yes,no
dev_0988,dev,bnp_013408_0,bnp_013408,grammar,no_context,hard,1,no,yes
dev_0989,dev,bnp_006652_1,bnp_006652,bcs,no_context,easy,0,yes,no
dev_0990,dev,bnp_020795_0,bnp_020795,reading_comprehension,has_context,easy,1,yes,no
dev_0991,dev,bnp_012981_0,bnp_012981,literature,no_context,easy,1,yes,no
dev_0992,dev,bnp_000548_0,bnp_000548,history,has_context,easy,1,yes,no
dev_0993,dev,bnp_017346_1,bnp_017346,others,has_context,hard,0,yes,no
dev_0994,dev,bnp_007106_1,bnp_007106,reading_comprehension,has_context,hard,0,yes,no
dev_0995,dev,bnp_012730_1,bnp_012730,antonym,no_context,easy,0,yes,no
dev_0996,dev,bnp_006077_0,bnp_006077,idiom_meaning,no_context,easy,1,yes,no
dev_0997,dev,bnp_019920_1,bnp_019920,history,has_context,easy,0,yes,no
dev_0998,dev,bnp_031706_1,bnp_031706,science,no_context,easy,0,yes,no
dev_0999,dev,bnp_027719_0,bnp_027719,idiom_meaning,no_context,easy,1,yes,no
dev_1000,dev,bnp_015874_0,bnp_015874,reading_comprehension,has_context,easy,1,yes,no
dev_1001,dev,bnp_002992_1,bnp_002992,idiom_meaning,no_context,easy,0,yes,no
dev_1002,dev,bnp_030592_1,bnp_030592,grammar,has_context,hard,0,yes,no
dev_1003,dev,bnp_031374_0,bnp_031374,bcs,no_context,hard,1,yes,no
dev_1004,dev,bnp_004273_1,bnp_004273,grammar,has_context,hard,0,yes,no
dev_1005,dev,bnp_029098_0,bnp_029098,history,has_context,easy,1,yes,no
dev_1006,dev,bnp_014678_1,bnp_014678,reading_comprehension,has_context,hard,0,yes,no
dev_1007,dev,bnp_013460_1,bnp_013460,history,has_context,hard,0,yes,no
dev_1008,dev,bnp_004977_1,bnp_004977,bcs,no_context,hard,0,yes,no
dev_1009,dev,bnp_013168_1,bnp_013168,history,no_context,easy,0,no,yes
dev_1010,dev,bnp_027928_1,bnp_027928,literature,no_context,easy,0,yes,no
dev_1011,dev,bnp_017382_1,bnp_017382,law,no_context,easy,0,yes,no
dev_1012,dev,bnp_022827_0,bnp_022827,reading_comprehension,has_context,easy,1,yes,no
dev_1013,dev,bnp_013660_0,bnp_013660,history,has_context,hard,1,yes,no
dev_1014,dev,bnp_007251_1,bnp_007251,idiom_meaning,no_context,easy,0,yes,no
dev_1015,dev,bnp_002342_0,bnp_002342,reading_comprehension,has_context,easy,1,no,yes
dev_1016,dev,bnp_020798_0,bnp_020798,bcs,no_context,hard,1,yes,no
dev_1017,dev,bnp_015778_0,bnp_015778,history,has_context,hard,1,yes,no
dev_1018,dev,bnp_005057_1,bnp_005057,science,no_context,easy,0,yes,no
dev_1019,dev,bnp_000296_0,bnp_000296,history,has_context,hard,1,yes,no
dev_1020,dev,bnp_027137_0,bnp_027137,reading_comprehension,has_context,easy,1,yes,no
dev_1021,dev,bnp_030708_1,bnp_030708,reading_comprehension,has_context,easy,0,yes,no
dev_1022,dev,bnp_017148_0,bnp_017148,reading_comprehension,has_context,easy,1,yes,no
dev_1023,dev,bnp_031178_1,bnp_031178,reading_comprehension,has_context,easy,0,yes,no
dev_1024,dev,bnp_000679_0,bnp_000679,grammar,has_context,hard,1,yes,no
dev_1025,dev,bnp_026725_1,bnp_026725,law,has_context,hard,0,yes,no
dev_1026,dev,bnp_012020_1,bnp_012020,reading_comprehension,has_context,easy,0,yes,no
dev_1027,dev,bnp_024140_1,bnp_024140,grammar,no_context,hard,0,yes,no
dev_1028,dev,bnp_017437_1,bnp_017437,history,has_context,easy,0,yes,no
dev_1029,dev,bnp_029377_0,bnp_029377,bcs,no_context,hard,1,yes,no
dev_1030,dev,bnp_015366_0,bnp_015366,grammar,has_context,hard,1,no,yes
dev_1031,dev,bnp_025908_0,bnp_025908,law,has_context,easy,1,yes,no
dev_1032,dev,bnp_027126_1,bnp_027126,bcs,no_context,hard,0,yes,no
dev_1033,dev,bnp_017638_0,bnp_017638,history,has_context,hard,1,yes,no
dev_1034,dev,bnp_017957_0,bnp_017957,reading_comprehension,has_context,hard,1,yes,no
dev_1035,dev,bnp_021580_0,bnp_021580,reading_comprehension,has_context,easy,1,yes,no
dev_1036,dev,bnp_021302_1,bnp_021302,reading_comprehension,has_context,easy,0,yes,no
dev_1037,dev,bnp_000491_1,bnp_000491,others,has_context,easy,0,yes,no
dev_1038,dev,bnp_005953_0,bnp_005953,grammar,has_context,hard,1,no,yes
dev_1039,dev,bnp_020649_0,bnp_020649,law,has_context,hard,1,yes,no
dev_1040,dev,bnp_018154_0,bnp_018154,reading_comprehension,has_context,easy,1,yes,no
dev_1041,dev,bnp_004899_0,bnp_004899,idiom_meaning,no_context,easy,1,no,yes
dev_1042,dev,bnp_009279_0,bnp_009279,reading_comprehension,has_context,hard,1,no,yes
dev_1043,dev,bnp_011552_1,bnp_011552,reading_comprehension,has_context,hard,0,yes,no
dev_1044,dev,bnp_018068_1,bnp_018068,grammar,no_context,easy,0,yes,no
dev_1045,dev,bnp_025561_1,bnp_025561,reading_comprehension,has_context,easy,0,yes,no
dev_1046,dev,bnp_024667_0,bnp_024667,mathematics,no_context,easy,1,no,yes
dev_1047,dev,bnp_028316_0,bnp_028316,history,has_context,easy,1,yes,no
dev_1048,dev,bnp_009769_0,bnp_009769,reading_comprehension,has_context,hard,1,yes,no
dev_1049,dev,bnp_008921_0,bnp_008921,history,has_context,easy,1,yes,no
dev_1050,dev,bnp_014662_1,bnp_014662,mathematics,no_context,easy,0,yes,no
dev_1051,dev,bnp_009428_0,bnp_009428,law,has_context,hard,1,yes,no
dev_1052,dev,bnp_008815_1,bnp_008815,vocabulary,no_context,easy,0,yes,no
dev_1053,dev,bnp_002955_1,bnp_002955,reading_comprehension,has_context,easy,0,yes,no
dev_1054,dev,bnp_018969_0,bnp_018969,law,has_context,hard,1,yes,no
dev_1055,dev,bnp_011101_1,bnp_011101,history,has_context,hard,0,yes,no
dev_1056,dev,bnp_016591_1,bnp_016591,reading_comprehension,has_context,easy,0,yes,no
dev_1057,dev,bnp_000595_0,bnp_000595,reading_comprehension,has_context,hard,1,yes,no
dev_1058,dev,bnp_018528_1,bnp_018528,history,no_context,hard,0,yes,no
dev_1059,dev,bnp_001593_1,bnp_001593,reading_comprehension,has_context,hard,0,yes,no
dev_1060,dev,bnp_024208_1,bnp_024208,history,has_context,easy,0,yes,no
dev_1061,dev,bnp_015937_0,bnp_015937,reading_comprehension,has_context,easy,1,yes,no
dev_1062,dev,bnp_030943_1,bnp_030943,history,has_context,hard,0,yes,no
dev_1063,dev,bnp_022556_1,bnp_022556,reading_comprehension,has_context,easy,0,yes,no
dev_1064,dev,bnp_009814_0,bnp_009814,history,has_context,easy,1,yes,no
dev_1065,dev,bnp_030526_1,bnp_030526,grammar,no_context,easy,0,yes,no
dev_1066,dev,bnp_012005_0,bnp_012005,history,has_context,hard,1,no,yes
dev_1067,dev,bnp_017381_1,bnp_017381,reading_comprehension,has_context,hard,0,yes,no
dev_1068,dev,bnp_017267_1,bnp_017267,history,has_context,easy,0,yes,no
dev_1069,dev,bnp_021486_1,bnp_021486,reading_comprehension,has_context,hard,0,yes,no
dev_1070,dev,bnp_010435_0,bnp_010435,history,has_context,easy,1,yes,no
dev_1071,dev,bnp_004247_1,bnp_004247,reading_comprehension,has_context,easy,0,yes,no
dev_1072,dev,bnp_016643_0,bnp_016643,idiom_meaning,no_context,easy,1,yes,no
dev_1073,dev,bnp_000304_1,bnp_000304,bcs,no_context,hard,0,yes,no
dev_1074,dev,bnp_029875_1,bnp_029875,synonym,no_context,easy,0,yes,no
dev_1075,dev,bnp_011649_0,bnp_011649,literature,no_context,hard,1,no,yes
dev_1076,dev,bnp_014897_0,bnp_014897,law,has_context,hard,1,yes,no
dev_1077,dev,bnp_000180_0,bnp_000180,bcs,no_context,easy,1,yes,no
dev_1078,dev,bnp_015887_1,bnp_015887,reading_comprehension,has_context,easy,0,yes,no
dev_1079,dev,bnp_003167_0,bnp_003167,history,has_context,hard,1,yes,no
dev_1080,dev,bnp_017223_1,bnp_017223,law,no_context,hard,0,yes,no
dev_1081,dev,bnp_000459_1,bnp_000459,grammar,has_context,hard,0,yes,no
dev_1082,dev,bnp_008149_0,bnp_008149,reading_comprehension,has_context,easy,1,yes,no
dev_1083,dev,bnp_021676_1,bnp_021676,bcs,no_context,easy,0,yes,no
dev_1084,dev,bnp_011539_0,bnp_011539,mathematics,no_context,easy,1,yes,no
dev_1085,dev,bnp_020426_0,bnp_020426,reading_comprehension,has_context,easy,1,yes,no
dev_1086,dev,bnp_008665_1,bnp_008665,vocabulary,no_context,easy,0,no,yes
dev_1087,dev,bnp_008051_1,bnp_008051,reading_comprehension,has_context,hard,0,yes,no
dev_1088,dev,bnp_016243_1,bnp_016243,law,has_context,easy,0,yes,no
dev_1089,dev,bnp_022569_1,bnp_022569,reading_comprehension,has_context,easy,0,yes,no
dev_1090,dev,bnp_028865_1,bnp_028865,history,no_context,hard,0,yes,no
dev_1091,dev,bnp_022492_1,bnp_022492,reading_comprehension,has_context,easy,0,yes,no
dev_1092,dev,bnp_017421_0,bnp_017421,others,has_context,easy,1,yes,no
dev_1093,dev,bnp_018418_1,bnp_018418,mathematics,no_context,easy,0,yes,no
dev_1094,dev,bnp_006796_1,bnp_006796,mathematics,no_context,easy,0,yes,no
dev_1095,dev,bnp_031251_0,bnp_031251,history,has_context,easy,1,yes,no
dev_1096,dev,bnp_008672_0,bnp_008672,grammar,no_context,hard,1,yes,no
dev_1097,dev,bnp_016977_1,bnp_016977,history,has_context,easy,0,yes,no
dev_1098,dev,bnp_007992_1,bnp_007992,history,has_context,hard,0,yes,no
dev_1099,dev,bnp_019625_0,bnp_019625,mathematics,no_context,easy,1,yes,no
dev_1100,dev,bnp_012242_0,bnp_012242,reading_comprehension,has_context,hard,1,yes,no
dev_1101,dev,bnp_030206_1,bnp_030206,others,has_context,easy,0,yes,no
dev_1102,dev,bnp_005746_1,bnp_005746,antonym,no_context,easy,0,no,yes
dev_1103,dev,bnp_010933_0,bnp_010933,reading_comprehension,has_context,hard,1,yes,no
dev_1104,dev,bnp_007278_0,bnp_007278,reading_comprehension,has_context,easy,1,yes,no
dev_1105,dev,bnp_022500_1,bnp_022500,antonym,no_context,easy,0,yes,no
dev_1106,dev,bnp_017838_1,bnp_017838,history,has_context,hard,0,yes,no
dev_1107,dev,bnp_003325_1,bnp_003325,history,has_context,easy,0,yes,no
dev_1108,dev,bnp_020358_1,bnp_020358,reading_comprehension,has_context,easy,0,yes,no
dev_1109,dev,bnp_024454_0,bnp_024454,reading_comprehension,has_context,easy,1,yes,no
dev_1110,dev,bnp_029637_0,bnp_029637,reading_comprehension,has_context,easy,1,yes,no
dev_1111,dev,bnp_009940_0,bnp_009940,law,has_context,easy,1,yes,no
dev_1112,dev,bnp_029591_0,bnp_029591,history,has_context,hard,1,yes,no
dev_1113,dev,bnp_007640_1,bnp_007640,history,has_context,easy,0,yes,no
dev_1114,dev,bnp_001522_0,bnp_001522,reading_comprehension,has_context,hard,1,yes,no
dev_1115,dev,bnp_013431_0,bnp_013431,bcs,no_context,hard,1,yes,no
dev_1116,dev,bnp_013019_1,bnp_013019,grammar,has_context,hard,0,yes,no
dev_1117,dev,bnp_031073_1,bnp_031073,reading_comprehension,has_context,easy,0,yes,no
dev_1118,dev,bnp_003818_1,bnp_003818,reading_comprehension,has_context,easy,0,yes,no
dev_1119,dev,bnp_027046_1,bnp_027046,synonym,no_context,easy,0,yes,no
dev_1120,dev,bnp_007305_1,bnp_007305,law,no_context,hard,0,yes,no
dev_1121,dev,bnp_026057_1,bnp_026057,grammar,has_context,hard,0,yes,no
dev_1122,dev,bnp_020509_1,bnp_020509,others,has_context,hard,0,yes,no
dev_1123,dev,bnp_014200_0,bnp_014200,reading_comprehension,has_context,easy,1,yes,no
dev_1124,dev,bnp_005780_1,bnp_005780,reading_comprehension,has_context,hard,0,yes,no
dev_1125,dev,bnp_015506_0,bnp_015506,reading_comprehension,has_context,easy,1,yes,no
dev_1126,dev,bnp_030235_0,bnp_030235,vocabulary,no_context,easy,1,yes,no
dev_1127,dev,bnp_008770_1,bnp_008770,science,no_context,easy,0,yes,no
dev_1128,dev,bnp_009542_1,bnp_009542,reading_comprehension,has_context,easy,0,no,yes
dev_1129,dev,bnp_026970_0,bnp_026970,literature,no_context,hard,1,yes,no
dev_1130,dev,bnp_020447_0,bnp_020447,reading_comprehension,has_context,hard,1,no,yes
dev_1131,dev,bnp_006533_0,bnp_006533,idiom_meaning,no_context,easy,1,yes,no
dev_1132,dev,bnp_014648_1,bnp_014648,idiom_meaning,no_context,easy,0,yes,no
dev_1133,dev,bnp_007082_1,bnp_007082,reading_comprehension,has_context,hard,0,yes,no
dev_1134,dev,bnp_011825_0,bnp_011825,law,no_context,hard,1,yes,no
dev_1135,dev,bnp_001190_0,bnp_001190,reading_comprehension,has_context,easy,1,yes,no
dev_1136,dev,bnp_022319_1,bnp_022319,synonym,no_context,easy,0,yes,no
dev_1137,dev,bnp_003979_0,bnp_003979,reading_comprehension,has_context,easy,1,yes,no
dev_1138,dev,bnp_015971_1,bnp_015971,mathematics,no_context,easy,0,yes,no
dev_1139,dev,bnp_007529_0,bnp_007529,reading_comprehension,has_context,hard,1,yes,no
dev_1140,dev,bnp_029273_1,bnp_029273,reading_comprehension,has_context,easy,0,yes,no
dev_1141,dev,bnp_026841_0,bnp_026841,reading_comprehension,has_context,easy,1,no,yes
dev_1142,dev,bnp_011555_0,bnp_011555,history,has_context,hard,1,yes,no
dev_1143,dev,bnp_027521_1,bnp_027521,others,has_context,hard,0,yes,no
dev_1144,dev,bnp_000172_1,bnp_000172,reading_comprehension,has_context,easy,0,yes,no
dev_1145,dev,bnp_000845_1,bnp_000845,history,has_context,easy,0,yes,no
dev_1146,dev,bnp_011338_0,bnp_011338,synonym,no_context,easy,1,yes,no
dev_1147,dev,bnp_031944_0,bnp_031944,grammar,no_context,easy,1,no,yes
dev_1148,dev,bnp_031494_1,bnp_031494,law,has_context,hard,0,no,yes
dev_1149,dev,bnp_010668_0,bnp_010668,science,no_context,easy,1,yes,no
dev_1150,dev,bnp_024456_0,bnp_024456,law,has_context,easy,1,yes,no
dev_1151,dev,bnp_029830_0,bnp_029830,vocabulary,no_context,easy,1,yes,no
dev_1152,dev,bnp_022811_0,bnp_022811,antonym,no_context,easy,1,yes,no
dev_1153,dev,bnp_027298_0,bnp_027298,law,no_context,easy,1,yes,no
dev_1154,dev,bnp_013122_0,bnp_013122,history,no_context,hard,1,no,yes
dev_1155,dev,bnp_009426_0,bnp_009426,literature,no_context,easy,1,yes,no
dev_1156,dev,bnp_003343_1,bnp_003343,science,no_context,easy,0,yes,no
dev_1157,dev,bnp_019046_0,bnp_019046,law,has_context,hard,1,yes,no
dev_1158,dev,bnp_005333_0,bnp_005333,reading_comprehension,has_context,easy,1,yes,no
dev_1159,dev,bnp_012159_1,bnp_012159,idiom_meaning,no_context,easy,0,yes,no
dev_1160,dev,bnp_024551_0,bnp_024551,reading_comprehension,has_context,easy,1,yes,no
dev_1161,dev,bnp_020746_1,bnp_020746,grammar,has_context,hard,0,yes,no
dev_1162,dev,bnp_001803_0,bnp_001803,history,has_context,easy,1,yes,no
dev_1163,dev,bnp_011139_1,bnp_011139,others,has_context,easy,0,yes,no
dev_1164,dev,bnp_024164_0,bnp_024164,science,no_context,easy,1,yes,no
dev_1165,dev,bnp_030059_1,bnp_030059,antonym,no_context,easy,0,yes,no
dev_1166,dev,bnp_007677_1,bnp_007677,grammar,no_context,hard,0,yes,no
dev_1167,dev,bnp_002962_1,bnp_002962,reading_comprehension,has_context,easy,0,yes,no
dev_1168,dev,bnp_019273_1,bnp_019273,reading_comprehension,has_context,easy,0,yes,no
dev_1169,dev,bnp_031578_0,bnp_031578,reading_comprehension,has_context,easy,1,yes,no
dev_1170,dev,bnp_028322_1,bnp_028322,mathematics,no_context,hard,0,yes,no
dev_1171,dev,bnp_018551_0,bnp_018551,grammar,no_context,hard,1,no,yes
dev_1172,dev,bnp_028103_1,bnp_028103,grammar,no_context,hard,0,yes,no
dev_1173,dev,bnp_002116_1,bnp_002116,science,no_context,easy,0,yes,no
dev_1174,dev,bnp_029120_1,bnp_029120,history,has_context,easy,0,yes,no
dev_1175,dev,bnp_014309_0,bnp_014309,history,has_context,hard,1,yes,no
dev_1176,dev,bnp_023327_1,bnp_023327,mathematics,no_context,hard,0,no,yes
dev_1177,dev,bnp_013192_0,bnp_013192,grammar,has_context,hard,1,yes,no
dev_1178,dev,bnp_007037_0,bnp_007037,reading_comprehension,has_context,hard,1,yes,no
dev_1179,dev,bnp_000480_0,bnp_000480,reading_comprehension,has_context,easy,1,no,yes
dev_1180,dev,bnp_028331_0,bnp_028331,reading_comprehension,has_context,easy,1,yes,no
dev_1181,dev,bnp_022213_0,bnp_022213,antonym,no_context,easy,1,yes,no
dev_1182,dev,bnp_006210_1,bnp_006210,history,has_context,hard,0,yes,no
dev_1183,dev,bnp_026699_1,bnp_026699,history,has_context,easy,0,yes,no
dev_1184,dev,bnp_010174_0,bnp_010174,grammar,has_context,hard,1,yes,no
dev_1185,dev,bnp_001132_0,bnp_001132,reading_comprehension,has_context,easy,1,yes,no
dev_1186,dev,bnp_023413_0,bnp_023413,literature,no_context,easy,1,yes,no
dev_1187,dev,bnp_003033_0,bnp_003033,history,has_context,easy,1,yes,no
dev_1188,dev,bnp_020001_1,bnp_020001,history,has_context,easy,0,yes,no
dev_1189,dev,bnp_022528_0,bnp_022528,idiom_meaning,no_context,easy,1,yes,no
dev_1190,dev,bnp_015772_0,bnp_015772,mathematics,no_context,hard,1,yes,no
dev_1191,dev,bnp_002811_1,bnp_002811,grammar,no_context,easy,0,yes,no
dev_1192,dev,bnp_013109_1,bnp_013109,bcs,no_context,easy,0,yes,no
dev_1193,dev,bnp_027840_0,bnp_027840,reading_comprehension,has_context,easy,1,no,yes
dev_1194,dev,bnp_018762_1,bnp_018762,grammar,no_context,easy,0,yes,no
dev_1195,dev,bnp_028903_0,bnp_028903,mathematics,no_context,hard,1,no,yes
dev_1196,dev,bnp_024508_1,bnp_024508,reading_comprehension,has_context,easy,0,no,yes
dev_1197,dev,bnp_023945_1,bnp_023945,literature,no_context,easy,0,yes,no
dev_1198,dev,bnp_011615_1,bnp_011615,history,has_context,easy,0,yes,no
dev_1199,dev,bnp_011762_0,bnp_011762,history,has_context,easy,1,yes,no
dev_1200,dev,bnp_010149_0,bnp_010149,reading_comprehension,has_context,easy,1,yes,no
dev_1201,dev,bnp_002240_0,bnp_002240,history,has_context,hard,1,yes,no
dev_1202,dev,bnp_029241_0,bnp_029241,history,has_context,easy,1,yes,no
dev_1203,dev,bnp_018374_0,bnp_018374,grammar,no_context,hard,1,yes,no
dev_1204,dev,bnp_012618_1,bnp_012618,law,has_context,easy,0,yes,no
dev_1205,dev,bnp_015903_0,bnp_015903,literature,no_context,easy,1,yes,no
dev_1206,dev,bnp_020310_0,bnp_020310,reading_comprehension,has_context,easy,1,yes,no
dev_1207,dev,bnp_030346_0,bnp_030346,reading_comprehension,has_context,easy,1,yes,no
dev_1208,dev,bnp_015825_1,bnp_015825,reading_comprehension,has_context,easy,0,yes,no
dev_1209,dev,bnp_028366_1,bnp_028366,science,no_context,hard,0,yes,no
dev_1210,dev,bnp_019006_1,bnp_019006,history,has_context,easy,0,yes,no
dev_1211,dev,bnp_014593_1,bnp_014593,reading_comprehension,has_context,easy,0,yes,no
dev_1212,dev,bnp_002422_1,bnp_002422,history,has_context,hard,0,no,yes
dev_1213,dev,bnp_001111_0,bnp_001111,antonym,no_context,easy,1,yes,no
dev_1214,dev,bnp_009116_1,bnp_009116,reading_comprehension,has_context,easy,0,no,yes
dev_1215,dev,bnp_028496_1,bnp_028496,history,has_context,hard,0,yes,no
dev_1216,dev,bnp_002675_1,bnp_002675,history,has_context,easy,0,yes,no
dev_1217,dev,bnp_008398_1,bnp_008398,history,has_context,hard,0,no,yes
dev_1218,dev,bnp_020103_0,bnp_020103,literature,no_context,easy,1,no,yes
dev_1219,dev,bnp_015042_0,bnp_015042,reading_comprehension,has_context,easy,1,yes,no
dev_1220,dev,bnp_007774_1,bnp_007774,reading_comprehension,has_context,easy,0,yes,no
dev_1221,dev,bnp_028482_1,bnp_028482,history,has_context,easy,0,yes,no
dev_1222,dev,bnp_012479_1,bnp_012479,science,no_context,hard,0,yes,no
dev_1223,dev,bnp_029978_0,bnp_029978,history,has_context,easy,1,yes,no
dev_1224,dev,bnp_007527_0,bnp_007527,science,no_context,easy,1,no,yes
dev_1225,dev,bnp_013697_0,bnp_013697,history,has_context,easy,1,yes,no
dev_1226,dev,bnp_008367_0,bnp_008367,law,has_context,easy,1,yes,no
dev_1227,dev,bnp_005130_1,bnp_005130,antonym,no_context,easy,0,yes,no
dev_1228,dev,bnp_006093_0,bnp_006093,idiom_meaning,no_context,easy,1,yes,no
dev_1229,dev,bnp_004538_0,bnp_004538,law,has_context,easy,1,yes,no
dev_1230,dev,bnp_012603_0,bnp_012603,antonym,no_context,easy,1,yes,no
dev_1231,dev,bnp_018613_0,bnp_018613,law,has_context,hard,1,yes,no
dev_1232,dev,bnp_015628_1,bnp_015628,literature,no_context,easy,0,yes,no
dev_1233,dev,bnp_025758_1,bnp_025758,literature,no_context,easy,0,yes,no
dev_1234,dev,bnp_001043_0,bnp_001043,history,has_context,easy,1,yes,no
dev_1235,dev,bnp_020354_1,bnp_020354,grammar,has_context,hard,0,yes,no
dev_1236,dev,bnp_027357_1,bnp_027357,antonym,no_context,easy,0,no,yes
dev_1237,dev,bnp_021270_1,bnp_021270,idiom_meaning,no_context,easy,0,yes,no
dev_1238,dev,bnp_016920_1,bnp_016920,grammar,no_context,hard,0,yes,no
dev_1239,dev,bnp_001021_1,bnp_001021,reading_comprehension,has_context,easy,0,yes,no
dev_1240,dev,bnp_023892_0,bnp_023892,idiom_meaning,no_context,easy,1,yes,no
dev_1241,dev,bnp_028347_1,bnp_028347,bcs,no_context,hard,0,no,yes
dev_1242,dev,bnp_019756_1,bnp_019756,grammar,no_context,hard,0,yes,no
dev_1243,dev,bnp_015869_1,bnp_015869,history,has_context,easy,0,no,yes
dev_1244,dev,bnp_026024_1,bnp_026024,history,has_context,easy,0,yes,no
dev_1245,dev,bnp_004029_0,bnp_004029,science,no_context,easy,1,yes,no
dev_1246,dev,bnp_021576_1,bnp_021576,mathematics,no_context,easy,0,yes,no
dev_1247,dev,bnp_012014_0,bnp_012014,literature,no_context,easy,1,yes,no
dev_1248,dev,bnp_010325_1,bnp_010325,reading_comprehension,has_context,easy,0,yes,no
dev_1249,dev,bnp_013164_0,bnp_013164,grammar,has_context,hard,1,yes,no
dev_1250,dev,bnp_027501_1,bnp_027501,others,has_context,easy,0,no,yes
dev_1251,dev,bnp_009091_1,bnp_009091,history,has_context,easy,0,yes,no
dev_1252,dev,bnp_025856_1,bnp_025856,reading_comprehension,has_context,easy,0,yes,no
dev_1253,dev,bnp_031106_0,bnp_031106,law,has_context,hard,1,yes,no
dev_1254,dev,bnp_000786_0,bnp_000786,history,has_context,easy,1,yes,no
dev_1255,dev,bnp_024376_1,bnp_024376,mathematics,no_context,easy,0,yes,no
dev_1256,dev,bnp_022839_0,bnp_022839,history,has_context,hard,1,yes,no
dev_1257,dev,bnp_009481_0,bnp_009481,idiom_meaning,no_context,easy,1,yes,no
dev_1258,dev,bnp_025302_1,bnp_025302,grammar,no_context,hard,0,yes,no
dev_1259,dev,bnp_027676_1,bnp_027676,law,has_context,hard,0,yes,no
dev_1260,dev,bnp_002287_1,bnp_002287,reading_comprehension,has_context,easy,0,yes,no
dev_1261,dev,bnp_026584_0,bnp_026584,bcs,no_context,hard,1,no,yes
dev_1262,dev,bnp_009731_0,bnp_009731,law,has_context,hard,1,yes,no
dev_1263,dev,bnp_004212_1,bnp_004212,idiom_meaning,no_context,easy,0,yes,no
dev_1264,dev,bnp_031354_1,bnp_031354,bcs,no_context,hard,0,yes,no
dev_1265,dev,bnp_006464_0,bnp_006464,reading_comprehension,has_context,hard,1,yes,no
dev_1266,dev,bnp_027338_1,bnp_027338,history,has_context,easy,0,yes,no
dev_1267,dev,bnp_015109_1,bnp_015109,history,has_context,hard,0,no,yes
dev_1268,dev,bnp_031057_0,bnp_031057,reading_comprehension,has_context,easy,1,yes,no
dev_1269,dev,bnp_001077_1,bnp_001077,vocabulary,no_context,easy,0,yes,no
dev_1270,dev,bnp_008178_0,bnp_008178,antonym,no_context,easy,1,yes,no
dev_1271,dev,bnp_004408_0,bnp_004408,antonym,no_context,easy,1,yes,no
dev_1272,dev,bnp_013214_1,bnp_013214,law,no_context,hard,0,yes,no
dev_1273,dev,bnp_021552_1,bnp_021552,history,has_context,easy,0,yes,no
dev_1274,dev,bnp_001967_0,bnp_001967,antonym,no_context,easy,1,yes,no
dev_1275,dev,bnp_026558_0,bnp_026558,others,has_context,hard,1,yes,no
dev_1276,dev,bnp_016860_1,bnp_016860,literature,no_context,hard,0,yes,no
dev_1277,dev,bnp_019411_1,bnp_019411,mathematics,no_context,easy,0,yes,no
dev_1278,dev,bnp_011576_0,bnp_011576,reading_comprehension,has_context,easy,1,yes,no
dev_1279,dev,bnp_018874_0,bnp_018874,history,has_context,easy,1,yes,no
dev_1280,dev,bnp_020243_1,bnp_020243,history,has_context,easy,0,yes,no
dev_1281,dev,bnp_004450_1,bnp_004450,law,no_context,hard,0,yes,no
dev_1282,dev,bnp_015939_1,bnp_015939,reading_comprehension,has_context,easy,0,yes,no
dev_1283,dev,bnp_007626_1,bnp_007626,others,has_context,easy,0,no,yes
dev_1284,dev,bnp_021810_0,bnp_021810,history,has_context,hard,1,yes,no
dev_1285,dev,bnp_021832_1,bnp_021832,antonym,no_context,easy,0,yes,no
dev_1286,dev,bnp_022422_1,bnp_022422,idiom_meaning,no_context,easy,0,no,yes
dev_1287,dev,bnp_024423_0,bnp_024423,history,has_context,easy,1,yes,no
dev_1288,dev,bnp_007191_1,bnp_007191,grammar,has_context,hard,0,yes,no
dev_1289,dev,bnp_006808_0,bnp_006808,science,no_context,hard,1,yes,no
dev_1290,dev,bnp_022831_0,bnp_022831,bcs,no_context,hard,1,yes,no
dev_1291,dev,bnp_018422_1,bnp_018422,law,no_context,easy,0,yes,no
dev_1292,dev,bnp_016707_1,bnp_016707,science,no_context,hard,0,yes,no
dev_1293,dev,bnp_022166_0,bnp_022166,mathematics,no_context,easy,1,yes,no
dev_1294,dev,bnp_027362_1,bnp_027362,literature,no_context,hard,0,yes,no
dev_1295,dev,bnp_015155_1,bnp_015155,grammar,has_context,hard,0,yes,no
dev_1296,dev,bnp_027813_1,bnp_027813,mathematics,no_context,easy,0,yes,no
dev_1297,dev,bnp_023156_1,bnp_023156,vocabulary,no_context,easy,0,yes,no
dev_1298,dev,bnp_020393_1,bnp_020393,grammar,has_context,hard,0,yes,no
dev_1299,dev,bnp_001925_0,bnp_001925,reading_comprehension,has_context,easy,1,yes,no
dev_1300,dev,bnp_003269_1,bnp_003269,history,has_context,hard,0,yes,no
dev_1301,dev,bnp_017289_1,bnp_017289,history,has_context,hard,0,yes,no
dev_1302,dev,bnp_026726_0,bnp_026726,reading_comprehension,has_context,easy,1,yes,no
dev_1303,dev,bnp_006450_1,bnp_006450,science,no_context,easy,0,yes,no
dev_1304,dev,bnp_000253_0,bnp_000253,history,has_context,hard,1,no,yes
dev_1305,dev,bnp_023849_1,bnp_023849,history,has_context,easy,0,yes,no
dev_1306,dev,bnp_009255_1,bnp_009255,antonym,no_context,easy,0,yes,no
dev_1307,dev,bnp_010910_0,bnp_010910,bcs,no_context,easy,1,yes,no
dev_1308,dev,bnp_013594_1,bnp_013594,literature,no_context,easy,0,yes,no
dev_1309,dev,bnp_030812_0,bnp_030812,reading_comprehension,has_context,easy,1,yes,no
dev_1310,dev,bnp_002057_1,bnp_002057,reading_comprehension,has_context,hard,0,yes,no
dev_1311,dev,bnp_020582_1,bnp_020582,law,has_context,hard,0,no,yes
dev_1312,dev,bnp_028417_0,bnp_028417,law,has_context,easy,1,yes,no
dev_1313,dev,bnp_007418_1,bnp_007418,history,has_context,hard,0,yes,no
dev_1314,dev,bnp_007477_0,bnp_007477,literature,no_context,easy,1,yes,no
dev_1315,dev,bnp_001124_1,bnp_001124,others,has_context,easy,0,yes,no
dev_1316,dev,bnp_023722_1,bnp_023722,science,no_context,easy,0,yes,no
dev_1317,dev,bnp_014326_1,bnp_014326,grammar,has_context,hard,0,yes,no
dev_1318,dev,bnp_014744_1,bnp_014744,history,has_context,easy,0,yes,no
dev_1319,dev,bnp_018250_1,bnp_018250,reading_comprehension,has_context,easy,0,yes,no
dev_1320,dev,bnp_014940_1,bnp_014940,idiom_meaning,no_context,easy,0,yes,no
dev_1321,dev,bnp_018080_1,bnp_018080,history,has_context,easy,0,yes,no
dev_1322,dev,bnp_031567_1,bnp_031567,history,has_context,hard,0,yes,no
dev_1323,dev,bnp_007691_0,bnp_007691,mathematics,no_context,easy,1,no,yes
dev_1324,dev,bnp_025421_1,bnp_025421,law,has_context,easy,0,yes,no
dev_1325,dev,bnp_001755_0,bnp_001755,reading_comprehension,has_context,easy,1,yes,no
dev_1326,dev,bnp_014060_1,bnp_014060,science,no_context,hard,0,yes,no
dev_1327,dev,bnp_027804_0,bnp_027804,antonym,no_context,easy,1,yes,no
dev_1328,dev,bnp_031337_0,bnp_031337,vocabulary,no_context,easy,1,yes,no
dev_1329,dev,bnp_006298_1,bnp_006298,law,has_context,easy,0,yes,no
dev_1330,dev,bnp_005952_1,bnp_005952,reading_comprehension,has_context,easy,0,yes,no
dev_1331,dev,bnp_020209_0,bnp_020209,history,has_context,hard,1,yes,no
dev_1332,dev,bnp_029091_0,bnp_029091,history,has_context,hard,1,yes,no
dev_1333,dev,bnp_006261_1,bnp_006261,antonym,no_context,easy,0,yes,no
dev_1334,dev,bnp_018066_0,bnp_018066,history,has_context,easy,1,yes,no
dev_1335,dev,bnp_027303_0,bnp_027303,reading_comprehension,has_context,easy,1,yes,no
dev_1336,dev,bnp_007975_0,bnp_007975,reading_comprehension,has_context,easy,1,yes,no
dev_1337,dev,bnp_001294_0,bnp_001294,reading_comprehension,has_context,easy,1,yes,no
dev_1338,dev,bnp_022816_0,bnp_022816,science,no_context,easy,1,yes,no
dev_1339,dev,bnp_022199_1,bnp_022199,history,has_context,hard,0,yes,no
dev_1340,dev,bnp_010705_0,bnp_010705,reading_comprehension,has_context,easy,1,no,yes
dev_1341,dev,bnp_006224_0,bnp_006224,others,has_context,easy,1,yes,no
dev_1342,dev,bnp_025760_0,bnp_025760,reading_comprehension,has_context,easy,1,no,yes
dev_1343,dev,bnp_024838_1,bnp_024838,history,has_context,easy,0,yes,no
dev_1344,dev,bnp_006736_0,bnp_006736,reading_comprehension,has_context,easy,1,yes,no
dev_1345,dev,bnp_022260_0,bnp_022260,idiom_meaning,no_context,easy,1,yes,no
dev_1346,dev,bnp_023570_0,bnp_023570,literature,no_context,easy,1,yes,no
train_0001,train,bnp_010985_1,bnp_010985,history,has_context,easy,0,yes,no
train_0002,train,bnp_001859_1,bnp_001859,reading_comprehension,has_context,hard,0,yes,no
train_0003,train,bnp_029380_1,bnp_029380,bcs,no_context,hard,0,yes,no
train_0004,train,bnp_016143_0,bnp_016143,history,has_context,hard,1,yes,no
train_0005,train,bnp_026858_1,bnp_026858,literature,no_context,easy,0,yes,no
train_0006,train,bnp_005905_1,bnp_005905,grammar,no_context,hard,0,yes,no
train_0007,train,bnp_015176_0,bnp_015176,bcs,no_context,hard,1,yes,no
train_0008,train,bnp_006190_0,bnp_006190,science,no_context,easy,1,yes,no
train_0009,train,bnp_008068_0,bnp_008068,history,has_context,hard,1,yes,no
train_0010,train,bnp_018321_1,bnp_018321,literature,no_context,easy,0,yes,no
train_0011,train,bnp_021370_0,bnp_021370,reading_comprehension,has_context,hard,1,yes,no
train_0012,train,bnp_026844_1,bnp_026844,literature,no_context,easy,0,yes,no
train_0013,train,bnp_022455_0,bnp_022455,history,has_context,hard,1,yes,no
train_0014,train,bnp_010016_0,bnp_010016,history,has_context,easy,1,yes,no
train_0015,train,bnp_018276_0,bnp_018276,mathematics,no_context,easy,1,yes,no
train_0016,train,bnp_010160_0,bnp_010160,law,has_context,easy,1,yes,no
train_0017,train,bnp_010309_0,bnp_010309,history,has_context,hard,1,no,yes
train_0018,train,bnp_025774_0,bnp_025774,history,has_context,hard,1,yes,no
train_0019,train,bnp_004535_0,bnp_004535,grammar,has_context,hard,1,no,yes
train_0020,train,bnp_031441_1,bnp_031441,history,has_context,hard,0,yes,no
train_0021,train,bnp_001226_0,bnp_001226,law,no_context,easy,1,yes,no
train_0022,train,bnp_018271_1,bnp_018271,history,has_context,hard,0,yes,no
train_0023,train,bnp_023663_1,bnp_023663,antonym,no_context,easy,0,yes,no
train_0024,train,bnp_014067_1,bnp_014067,grammar,has_context,hard,0,yes,no
train_0025,train,bnp_005314_0,bnp_005314,reading_comprehension,has_context,easy,1,yes,no
train_0026,train,bnp_027640_0,bnp_027640,grammar,has_context,hard,1,yes,no
train_0027,train,bnp_014153_1,bnp_014153,mathematics,no_context,easy,0,yes,no
train_0028,train,bnp_018265_1,bnp_018265,reading_comprehension,has_context,easy,0,yes,no
train_0029,train,bnp_001758_1,bnp_001758,antonym,no_context,easy,0,yes,no
train_0030,train,bnp_011880_1,bnp_011880,reading_comprehension,has_context,easy,0,yes,no
train_0031,train,bnp_027048_0,bnp_027048,law,has_context,easy,1,yes,no
train_0032,train,bnp_019219_1,bnp_019219,history,has_context,easy,0,no,yes
train_0033,train,bnp_004190_0,bnp_004190,bcs,no_context,hard,1,yes,no
train_0034,train,bnp_022867_0,bnp_022867,history,has_context,easy,1,yes,no
train_0035,train,bnp_012100_1,bnp_012100,bcs,no_context,easy,0,yes,no
train_0036,train,bnp_018426_1,bnp_018426,antonym,no_context,easy,0,yes,no
train_0037,train,bnp_023612_1,bnp_023612,reading_comprehension,has_context,easy,0,no,yes
train_0038,train,bnp_012599_1,bnp_012599,idiom_meaning,no_context,easy,0,no,yes
train_0039,train,bnp_029589_0,bnp_029589,others,has_context,hard,1,yes,no
train_0040,train,bnp_009623_1,bnp_009623,science,no_context,easy,0,yes,no
train_0041,train,bnp_008599_0,bnp_008599,vocabulary,no_context,easy,1,yes,no
train_0042,train,bnp_017634_1,bnp_017634,mathematics,no_context,easy,0,yes,no
train_0043,train,bnp_026434_1,bnp_026434,history,has_context,hard,0,yes,no
train_0044,train,bnp_027034_1,bnp_027034,idiom_meaning,no_context,easy,0,yes,no
train_0045,train,bnp_003729_0,bnp_003729,grammar,has_context,hard,1,no,yes
train_0046,train,bnp_007177_0,bnp_007177,bcs,no_context,easy,1,no,yes
train_0047,train,bnp_030123_1,bnp_030123,law,no_context,easy,0,yes,no
train_0048,train,bnp_021615_0,bnp_021615,reading_comprehension,has_context,easy,1,yes,no
train_0049,train,bnp_012776_1,bnp_012776,idiom_meaning,no_context,easy,0,yes,no
train_0050,train,bnp_009916_1,bnp_009916,history,has_context,hard,0,yes,no
train_0051,train,bnp_016614_0,bnp_016614,reading_comprehension,has_context,easy,1,yes,no
train_0052,train,bnp_010515_1,bnp_010515,synonym,no_context,easy,0,yes,no
train_0053,train,bnp_027294_0,bnp_027294,reading_comprehension,has_context,easy,1,yes,no
train_0054,train,bnp_024829_0,bnp_024829,synonym,no_context,easy,1,no,yes
train_0055,train,bnp_019693_1,bnp_019693,grammar,no_context,hard,0,yes,no
train_0056,train,bnp_026667_1,bnp_026667,science,no_context,easy,0,no,yes
train_0057,train,bnp_015005_0,bnp_015005,law,has_context,easy,1,yes,no
train_0058,train,bnp_017632_0,bnp_017632,others,has_context,hard,1,yes,no
train_0059,train,bnp_031037_1,bnp_031037,bcs,no_context,hard,0,yes,no
train_0060,train,bnp_029909_0,bnp_029909,history,has_context,hard,1,yes,no
train_0061,train,bnp_000226_1,bnp_000226,idiom_meaning,no_context,easy,0,yes,no
train_0062,train,bnp_000313_0,bnp_000313,reading_comprehension,has_context,easy,1,yes,no
train_0063,train,bnp_000391_1,bnp_000391,antonym,no_context,easy,0,yes,no
train_0064,train,bnp_026202_0,bnp_026202,bcs,no_context,easy,1,yes,no
train_0065,train,bnp_026721_1,bnp_026721,others,has_context,hard,0,yes,no
train_0066,train,bnp_001968_0,bnp_001968,reading_comprehension,has_context,hard,1,yes,no
train_0067,train,bnp_000714_0,bnp_000714,reading_comprehension,has_context,hard,1,yes,no
train_0068,train,bnp_017591_0,bnp_017591,history,has_context,hard,1,yes,no
train_0069,train,bnp_017754_1,bnp_017754,others,has_context,hard,0,yes,no
train_0070,train,bnp_004052_0,bnp_004052,grammar,no_context,hard,1,no,yes
train_0071,train,bnp_005803_0,bnp_005803,reading_comprehension,has_context,easy,1,yes,no
train_0072,train,bnp_019092_1,bnp_019092,antonym,no_context,easy,0,yes,no
train_0073,train,bnp_010488_0,bnp_010488,reading_comprehension,has_context,hard,1,yes,no
train_0074,train,bnp_024987_1,bnp_024987,history,has_context,hard,0,yes,no
train_0075,train,bnp_022201_0,bnp_022201,antonym,no_context,easy,1,yes,no
train_0076,train,bnp_022925_1,bnp_022925,history,has_context,easy,0,yes,no
train_0077,train,bnp_010319_1,bnp_010319,idiom_meaning,no_context,easy,0,yes,no
train_0078,train,bnp_031676_0,bnp_031676,history,has_context,hard,1,yes,no
train_0079,train,bnp_005480_0,bnp_005480,synonym,no_context,easy,1,yes,no
train_0080,train,bnp_023259_0,bnp_023259,synonym,no_context,easy,1,yes,no
train_0081,train,bnp_019490_1,bnp_019490,law,has_context,easy,0,yes,no
train_0082,train,bnp_031500_1,bnp_031500,others,has_context,easy,0,yes,no
train_0083,train,bnp_024548_1,bnp_024548,idiom_meaning,no_context,easy,0,yes,no
train_0084,train,bnp_026064_0,bnp_026064,idiom_meaning,no_context,easy,1,no,yes
train_0085,train,bnp_011521_1,bnp_011521,history,has_context,easy,0,yes,no
train_0086,train,bnp_012433_0,bnp_012433,history,has_context,easy,1,yes,no
train_0087,train,bnp_011619_1,bnp_011619,reading_comprehension,has_context,easy,0,yes,no
train_0088,train,bnp_011773_0,bnp_011773,history,has_context,hard,1,yes,no
train_0089,train,bnp_022269_0,bnp_022269,mathematics,no_context,easy,1,yes,no
train_0090,train,bnp_022567_0,bnp_022567,history,has_context,hard,1,yes,no
train_0091,train,bnp_028344_0,bnp_028344,bcs,no_context,hard,1,no,yes
train_0092,train,bnp_008317_1,bnp_008317,history,has_context,hard,0,yes,no
train_0093,train,bnp_020381_0,bnp_020381,reading_comprehension,has_context,easy,1,yes,no
train_0094,train,bnp_020765_0,bnp_020765,science,no_context,easy,1,yes,no
train_0095,train,bnp_028516_0,bnp_028516,grammar,no_context,hard,1,yes,no
train_0096,train,bnp_008297_1,bnp_008297,grammar,has_context,hard,0,yes,no
train_0097,train,bnp_023233_0,bnp_023233,history,has_context,hard,1,yes,no
train_0098,train,bnp_016181_1,bnp_016181,history,has_context,easy,0,yes,no
train_0099,train,bnp_007266_0,bnp_007266,reading_comprehension,has_context,hard,1,yes,no
train_0100,train,bnp_011994_1,bnp_011994,reading_comprehension,has_context,easy,0,yes,no
train_0101,train,bnp_026852_1,bnp_026852,idiom_meaning,no_context,easy,0,yes,no
train_0102,train,bnp_002302_0,bnp_002302,law,has_context,easy,1,yes,no
train_0103,train,bnp_021096_1,bnp_021096,grammar,has_context,hard,0,yes,no
train_0104,train,bnp_027398_0,bnp_027398,law,no_context,easy,1,yes,no
train_0105,train,bnp_026367_1,bnp_026367,vocabulary,no_context,easy,0,yes,no
train_0106,train,bnp_020877_1,bnp_020877,history,has_context,easy,0,yes,no
train_0107,train,bnp_016028_0,bnp_016028,reading_comprehension,has_context,easy,1,yes,no
train_0108,train,bnp_029272_0,bnp_029272,bcs,no_context,easy,1,no,yes
train_0109,train,bnp_008069_1,bnp_008069,history,has_context,easy,0,yes,no
train_0110,train,bnp_018277_0,bnp_018277,history,has_context,easy,1,yes,no
train_0111,train,bnp_019190_1,bnp_019190,history,has_context,easy,0,no,yes
train_0112,train,bnp_000638_0,bnp_000638,bcs,no_context,hard,1,yes,no
train_0113,train,bnp_002722_0,bnp_002722,science,no_context,easy,1,yes,no
train_0114,train,bnp_021814_0,bnp_021814,reading_comprehension,has_context,easy,1,yes,no
train_0115,train,bnp_013138_1,bnp_013138,reading_comprehension,has_context,easy,0,yes,no
train_0116,train,bnp_007299_1,bnp_007299,history,has_context,easy,0,yes,no
train_0117,train,bnp_024609_0,bnp_024609,reading_comprehension,has_context,easy,1,yes,no
train_0118,train,bnp_001061_0,bnp_001061,history,has_context,easy,1,yes,no
train_0119,train,bnp_013282_1,bnp_013282,reading_comprehension,has_context,easy,0,yes,no
train_0120,train,bnp_018960_1,bnp_018960,history,has_context,hard,0,yes,no
train_0121,train,bnp_000513_0,bnp_000513,idiom_meaning,no_context,easy,1,yes,no
train_0122,train,bnp_012617_1,bnp_012617,reading_comprehension,has_context,easy,0,yes,no
train_0123,train,bnp_019716_0,bnp_019716,history,has_context,easy,1,yes,no
train_0124,train,bnp_002716_1,bnp_002716,law,has_context,easy,0,yes,no
train_0125,train,bnp_010427_1,bnp_010427,bcs,no_context,easy,0,yes,no
train_0126,train,bnp_013356_1,bnp_013356,history,has_context,hard,0,yes,no
train_0127,train,bnp_019983_0,bnp_019983,mathematics,no_context,hard,1,yes,no
train_0128,train,bnp_026731_1,bnp_026731,reading_comprehension,has_context,easy,0,yes,no
train_0129,train,bnp_009169_0,bnp_009169,reading_comprehension,has_context,easy,1,yes,no
train_0130,train,bnp_001160_0,bnp_001160,history,has_context,easy,1,yes,no
train_0131,train,bnp_010778_0,bnp_010778,mathematics,no_context,easy,1,yes,no
train_0132,train,bnp_029406_0,bnp_029406,science,no_context,easy,1,yes,no
train_0133,train,bnp_004516_1,bnp_004516,bcs,no_context,easy,0,yes,no
train_0134,train,bnp_012053_1,bnp_012053,history,has_context,hard,0,yes,no
train_0135,train,bnp_009483_1,bnp_009483,antonym,no_context,easy,0,yes,no
train_0136,train,bnp_028681_1,bnp_028681,mathematics,no_context,easy,0,yes,no
train_0137,train,bnp_019980_1,bnp_019980,grammar,no_context,hard,0,yes,no
train_0138,train,bnp_006357_1,bnp_006357,science,no_context,hard,0,yes,no
train_0139,train,bnp_030968_1,bnp_030968,antonym,no_context,easy,0,yes,no
train_0140,train,bnp_026489_1,bnp_026489,law,has_context,hard,0,yes,no
train_0141,train,bnp_018258_0,bnp_018258,grammar,no_context,hard,1,no,yes
train_0142,train,bnp_015796_1,bnp_015796,reading_comprehension,has_context,easy,0,yes,no
train_0143,train,bnp_026876_0,bnp_026876,bcs,no_context,easy,1,yes,no
train_0144,train,bnp_005299_0,bnp_005299,history,has_context,easy,1,yes,no
train_0145,train,bnp_018873_0,bnp_018873,bcs,no_context,easy,1,yes,no
train_0146,train,bnp_002751_1,bnp_002751,literature,no_context,easy,0,yes,no
train_0147,train,bnp_003707_0,bnp_003707,reading_comprehension,has_context,easy,1,yes,no
train_0148,train,bnp_003975_1,bnp_003975,reading_comprehension,has_context,hard,0,no,yes
train_0149,train,bnp_024869_0,bnp_024869,mathematics,no_context,easy,1,yes,no
train_0150,train,bnp_025153_1,bnp_025153,reading_comprehension,has_context,easy,0,yes,no
train_0151,train,bnp_029464_0,bnp_029464,grammar,no_context,hard,1,yes,no
train_0152,train,bnp_001269_0,bnp_001269,antonym,no_context,easy,1,yes,no
train_0153,train,bnp_022766_1,bnp_022766,history,has_context,hard,0,yes,no
train_0154,train,bnp_012298_1,bnp_012298,law,no_context,hard,0,yes,no
train_0155,train,bnp_004573_0,bnp_004573,reading_comprehension,has_context,easy,1,yes,no
train_0156,train,bnp_001216_0,bnp_001216,bcs,no_context,hard,1,yes,no
train_0157,train,bnp_005231_1,bnp_005231,law,no_context,easy,0,yes,no
train_0158,train,bnp_030255_1,bnp_030255,bcs,no_context,easy,0,yes,no
train_0159,train,bnp_005285_0,bnp_005285,reading_comprehension,has_context,easy,1,yes,no
train_0160,train,bnp_024855_0,bnp_024855,literature,no_context,easy,1,yes,no
train_0161,train,bnp_028217_0,bnp_028217,history,has_context,easy,1,yes,no
train_0162,train,bnp_012622_1,bnp_012622,reading_comprehension,has_context,easy,0,yes,no
train_0163,train,bnp_031248_1,bnp_031248,history,has_context,easy,0,no,yes
train_0164,train,bnp_024383_0,bnp_024383,idiom_meaning,no_context,easy,1,yes,no
train_0165,train,bnp_028877_0,bnp_028877,antonym,no_context,easy,1,yes,no
train_0166,train,bnp_004830_1,bnp_004830,history,no_context,hard,0,yes,no
train_0167,train,bnp_022142_1,bnp_022142,history,has_context,easy,0,yes,no
train_0168,train,bnp_019527_1,bnp_019527,science,no_context,hard,0,yes,no
train_0169,train,bnp_029541_1,bnp_029541,history,has_context,easy,0,yes,no
train_0170,train,bnp_030112_0,bnp_030112,idiom_meaning,no_context,easy,1,yes,no
train_0171,train,bnp_019287_1,bnp_019287,law,has_context,easy,0,yes,no
train_0172,train,bnp_031069_0,bnp_031069,reading_comprehension,has_context,easy,1,no,yes
train_0173,train,bnp_008740_0,bnp_008740,idiom_meaning,no_context,easy,1,yes,no
train_0174,train,bnp_021366_0,bnp_021366,reading_comprehension,has_context,hard,1,yes,no
train_0175,train,bnp_025764_1,bnp_025764,reading_comprehension,has_context,easy,0,yes,no
train_0176,train,bnp_012708_0,bnp_012708,history,has_context,easy,1,no,yes
train_0177,train,bnp_006871_1,bnp_006871,vocabulary,no_context,easy,0,yes,no
train_0178,train,bnp_008478_0,bnp_008478,idiom_meaning,no_context,easy,1,yes,no
train_0179,train,bnp_019940_1,bnp_019940,others,has_context,hard,0,yes,no
train_0180,train,bnp_024678_0,bnp_024678,others,has_context,easy,1,yes,no
train_0181,train,bnp_009729_0,bnp_009729,history,has_context,easy,1,yes,no
train_0182,train,bnp_009227_0,bnp_009227,mathematics,no_context,easy,1,no,yes
train_0183,train,bnp_021334_1,bnp_021334,grammar,has_context,hard,0,yes,no
train_0184,train,bnp_026196_1,bnp_026196,others,has_context,hard,0,yes,no
train_0185,train,bnp_030447_0,bnp_030447,reading_comprehension,has_context,easy,1,yes,no
train_0186,train,bnp_013994_0,bnp_013994,literature,no_context,hard,1,yes,no
train_0187,train,bnp_008014_0,bnp_008014,history,has_context,easy,1,yes,no
train_0188,train,bnp_000117_1,bnp_000117,law,has_context,easy,0,yes,no
train_0189,train,bnp_005523_0,bnp_005523,grammar,has_context,hard,1,yes,no
train_0190,train,bnp_001402_0,bnp_001402,law,no_context,easy,1,no,yes
train_0191,train,bnp_030693_0,bnp_030693,mathematics,no_context,easy,1,no,yes
train_0192,train,bnp_012663_1,bnp_012663,reading_comprehension,has_context,hard,0,yes,no
train_0193,train,bnp_026630_1,bnp_026630,reading_comprehension,has_context,easy,0,yes,no
train_0194,train,bnp_008985_1,bnp_008985,bcs,no_context,easy,0,yes,no
train_0195,train,bnp_019401_1,bnp_019401,grammar,no_context,hard,0,yes,no
train_0196,train,bnp_026463_0,bnp_026463,reading_comprehension,has_context,hard,1,no,yes
train_0197,train,bnp_006216_1,bnp_006216,literature,no_context,easy,0,yes,no
train_0198,train,bnp_001507_0,bnp_001507,reading_comprehension,has_context,easy,1,yes,no
train_0199,train,bnp_009560_0,bnp_009560,synonym,no_context,easy,1,yes,no
train_0200,train,bnp_023735_1,bnp_023735,idiom_meaning,no_context,easy,0,yes,no
train_0201,train,bnp_031267_1,bnp_031267,literature,no_context,hard,0,yes,no
train_0202,train,bnp_005711_1,bnp_005711,reading_comprehension,has_context,hard,0,yes,no
train_0203,train,bnp_020115_1,bnp_020115,science,no_context,easy,0,yes,no
train_0204,train,bnp_015653_1,bnp_015653,antonym,no_context,easy,0,yes,no
train_0205,train,bnp_007151_1,bnp_007151,history,has_context,easy,0,yes,no
train_0206,train,bnp_011718_1,bnp_011718,history,has_context,easy,0,no,yes
train_0207,train,bnp_016157_0,bnp_016157,history,has_context,easy,1,yes,no
train_0208,train,bnp_000912_0,bnp_000912,history,has_context,easy,1,yes,no
train_0209,train,bnp_000617_1,bnp_000617,history,has_context,easy,0,no,yes
train_0210,train,bnp_007313_1,bnp_007313,mathematics,no_context,easy,0,no,yes
train_0211,train,bnp_016582_1,bnp_016582,history,has_context,easy,0,yes,no
train_0212,train,bnp_016479_1,bnp_016479,grammar,has_context,hard,0,yes,no
train_0213,train,bnp_023634_0,bnp_023634,reading_comprehension,has_context,easy,1,yes,no
train_0214,train,bnp_030754_1,bnp_030754,reading_comprehension,has_context,easy,0,yes,no
train_0215,train,bnp_000774_1,bnp_000774,history,has_context,hard,0,yes,no
train_0216,train,bnp_031340_1,bnp_031340,reading_comprehension,has_context,easy,0,yes,no
train_0217,train,bnp_031551_0,bnp_031551,grammar,has_context,hard,1,yes,no
train_0218,train,bnp_018506_1,bnp_018506,reading_comprehension,has_context,easy,0,yes,no
train_0219,train,bnp_024320_0,bnp_024320,history,has_context,easy,1,no,yes
train_0220,train,bnp_004121_0,bnp_004121,grammar,no_context,easy,1,yes,no
train_0221,train,bnp_009830_1,bnp_009830,reading_comprehension,has_context,easy,0,yes,no
train_0222,train,bnp_016356_1,bnp_016356,law,has_context,hard,0,yes,no
train_0223,train,bnp_011212_0,bnp_011212,reading_comprehension,has_context,easy,1,yes,no
train_0224,train,bnp_017727_0,bnp_017727,grammar,no_context,easy,1,yes,no
train_0225,train,bnp_010867_1,bnp_010867,others,has_context,easy,0,yes,no
train_0226,train,bnp_013406_0,bnp_013406,reading_comprehension,has_context,easy,1,yes,no
train_0227,train,bnp_015997_1,bnp_015997,history,has_context,hard,0,yes,no
train_0228,train,bnp_003309_0,bnp_003309,reading_comprehension,has_context,easy,1,yes,no
train_0229,train,bnp_031141_0,bnp_031141,grammar,no_context,hard,1,yes,no
train_0230,train,bnp_011208_1,bnp_011208,reading_comprehension,has_context,hard,0,yes,no
train_0231,train,bnp_020522_0,bnp_020522,history,has_context,hard,1,yes,no
train_0232,train,bnp_017001_1,bnp_017001,history,has_context,easy,0,yes,no
train_0233,train,bnp_030097_0,bnp_030097,history,has_context,easy,1,yes,no
train_0234,train,bnp_003827_1,bnp_003827,reading_comprehension,has_context,hard,0,yes,no
train_0235,train,bnp_012734_1,bnp_012734,law,no_context,hard,0,yes,no
train_0236,train,bnp_006598_1,bnp_006598,bcs,no_context,easy,0,yes,no
train_0237,train,bnp_006169_0,bnp_006169,bcs,no_context,easy,1,yes,no
train_0238,train,bnp_016638_0,bnp_016638,history,has_context,easy,1,yes,no
train_0239,train,bnp_004730_1,bnp_004730,literature,no_context,hard,0,yes,no
train_0240,train,bnp_005807_1,bnp_005807,reading_comprehension,has_context,easy,0,yes,no
train_0241,train,bnp_002280_1,bnp_002280,reading_comprehension,has_context,easy,0,yes,no
train_0242,train,bnp_006054_0,bnp_006054,reading_comprehension,has_context,easy,1,yes,no
train_0243,train,bnp_027473_1,bnp_027473,law,has_context,easy,0,yes,no
train_0244,train,bnp_027515_1,bnp_027515,reading_comprehension,has_context,easy,0,yes,no
train_0245,train,bnp_007741_1,bnp_007741,antonym,no_context,easy,0,yes,no
train_0246,train,bnp_027949_0,bnp_027949,reading_comprehension,has_context,easy,1,yes,no
train_0247,train,bnp_026879_1,bnp_026879,grammar,has_context,hard,0,yes,no
train_0248,train,bnp_018051_0,bnp_018051,history,has_context,easy,1,yes,no
train_0249,train,bnp_009322_0,bnp_009322,history,has_context,hard,1,yes,no
train_0250,train,bnp_021678_0,bnp_021678,literature,no_context,easy,1,yes,no
train_0251,train,bnp_012454_1,bnp_012454,reading_comprehension,has_context,easy,0,yes,no
train_0252,train,bnp_031936_0,bnp_031936,history,has_context,easy,1,yes,no
train_0253,train,bnp_022636_0,bnp_022636,science,no_context,easy,1,yes,no
train_0254,train,bnp_011737_0,bnp_011737,history,no_context,easy,1,yes,no
train_0255,train,bnp_025793_0,bnp_025793,others,has_context,easy,1,yes,no
train_0256,train,bnp_006976_0,bnp_006976,history,has_context,hard,1,yes,no
train_0257,train,bnp_014644_1,bnp_014644,law,no_context,easy,0,no,yes
train_0258,train,bnp_026738_0,bnp_026738,reading_comprehension,has_context,easy,1,yes,no
train_0259,train,bnp_027620_1,bnp_027620,others,has_context,easy,0,yes,no
train_0260,train,bnp_004100_0,bnp_004100,law,has_context,easy,1,yes,no
train_0261,train,bnp_000190_1,bnp_000190,reading_comprehension,has_context,easy,0,yes,no
train_0262,train,bnp_006812_0,bnp_006812,history,has_context,hard,1,yes,no
train_0263,train,bnp_017300_1,bnp_017300,history,no_context,hard,0,no,yes
train_0264,train,bnp_012114_0,bnp_012114,history,has_context,easy,1,yes,no
train_0265,train,bnp_025017_0,bnp_025017,reading_comprehension,has_context,hard,1,yes,no
train_0266,train,bnp_009063_1,bnp_009063,bcs,no_context,easy,0,yes,no
train_0267,train,bnp_020151_1,bnp_020151,synonym,no_context,easy,0,yes,no
train_0268,train,bnp_027113_1,bnp_027113,bcs,no_context,easy,0,yes,no
train_0269,train,bnp_008156_0,bnp_008156,law,has_context,easy,1,yes,no
train_0270,train,bnp_019073_1,bnp_019073,idiom_meaning,no_context,easy,0,yes,no
train_0271,train,bnp_000995_1,bnp_000995,reading_comprehension,has_context,easy,0,yes,no
train_0272,train,bnp_014738_0,bnp_014738,grammar,has_context,hard,1,yes,no
train_0273,train,bnp_017358_1,bnp_017358,reading_comprehension,has_context,easy,0,yes,no
train_0274,train,bnp_007236_0,bnp_007236,science,no_context,easy,1,yes,no
train_0275,train,bnp_009210_0,bnp_009210,reading_comprehension,has_context,easy,1,no,yes
train_0276,train,bnp_013617_1,bnp_013617,science,no_context,easy,0,yes,no
train_0277,train,bnp_022536_0,bnp_022536,law,has_context,hard,1,yes,no
train_0278,train,bnp_020918_0,bnp_020918,idiom_meaning,no_context,easy,1,yes,no
train_0279,train,bnp_028464_0,bnp_028464,reading_comprehension,has_context,easy,1,yes,no
train_0280,train,bnp_013566_1,bnp_013566,history,has_context,easy,0,yes,no
train_0281,train,bnp_031131_1,bnp_031131,reading_comprehension,has_context,easy,0,yes,no
train_0282,train,bnp_015536_0,bnp_015536,mathematics,no_context,easy,1,yes,no
train_0283,train,bnp_028172_0,bnp_028172,history,has_context,easy,1,yes,no
train_0284,train,bnp_014664_1,bnp_014664,reading_comprehension,has_context,easy,0,yes,no
train_0285,train,bnp_005862_0,bnp_005862,mathematics,no_context,easy,1,yes,no
train_0286,train,bnp_009748_1,bnp_009748,mathematics,no_context,hard,0,yes,no
train_0287,train,bnp_031366_0,bnp_031366,reading_comprehension,has_context,hard,1,yes,no
train_0288,train,bnp_023656_0,bnp_023656,history,has_context,hard,1,yes,no
train_0289,train,bnp_022605_0,bnp_022605,antonym,no_context,easy,1,yes,no
train_0290,train,bnp_026761_0,bnp_026761,synonym,no_context,easy,1,no,yes
train_0291,train,bnp_003945_1,bnp_003945,history,has_context,easy,0,yes,no
train_0292,train,bnp_031972_1,bnp_031972,science,no_context,easy,0,yes,no
train_0293,train,bnp_008503_1,bnp_008503,history,has_context,easy,0,yes,no
train_0294,train,bnp_009484_1,bnp_009484,antonym,no_context,easy,0,yes,no
train_0295,train,bnp_024397_1,bnp_024397,history,has_context,hard,0,yes,no
train_0296,train,bnp_008460_1,bnp_008460,vocabulary,no_context,easy,0,yes,no
train_0297,train,bnp_001493_0,bnp_001493,reading_comprehension,has_context,easy,1,yes,no
train_0298,train,bnp_010263_1,bnp_010263,reading_comprehension,has_context,easy,0,yes,no
train_0299,train,bnp_029134_0,bnp_029134,grammar,has_context,hard,1,yes,no
train_0300,train,bnp_003179_1,bnp_003179,vocabulary,no_context,easy,0,yes,no
train_0301,train,bnp_013699_1,bnp_013699,antonym,no_context,easy,0,yes,no
train_0302,train,bnp_019276_1,bnp_019276,others,has_context,easy,0,no,yes
train_0303,train,bnp_007105_0,bnp_007105,history,has_context,hard,1,yes,no
train_0304,train,bnp_001844_0,bnp_001844,idiom_meaning,no_context,easy,1,yes,no
train_0305,train,bnp_029229_1,bnp_029229,reading_comprehension,has_context,easy,0,yes,no
train_0306,train,bnp_000535_0,bnp_000535,reading_comprehension,has_context,hard,1,yes,no
train_0307,train,bnp_030451_1,bnp_030451,history,has_context,hard,0,no,yes
train_0308,train,bnp_022118_1,bnp_022118,bcs,no_context,hard,0,no,yes
train_0309,train,bnp_008135_1,bnp_008135,mathematics,no_context,easy,0,yes,no
train_0310,train,bnp_004097_1,bnp_004097,law,no_context,easy,0,yes,no
train_0311,train,bnp_026719_1,bnp_026719,bcs,no_context,easy,0,yes,no
train_0312,train,bnp_029328_1,bnp_029328,bcs,no_context,hard,0,yes,no
train_0313,train,bnp_015850_0,bnp_015850,history,has_context,easy,1,yes,no
train_0314,train,bnp_017945_0,bnp_017945,reading_comprehension,has_context,easy,1,yes,no
train_0315,train,bnp_014890_1,bnp_014890,reading_comprehension,has_context,easy,0,yes,no
train_0316,train,bnp_009698_1,bnp_009698,vocabulary,no_context,easy,0,no,yes
train_0317,train,bnp_005292_0,bnp_005292,history,has_context,easy,1,yes,no
train_0318,train,bnp_006983_1,bnp_006983,history,has_context,easy,0,yes,no
train_0319,train,bnp_001684_0,bnp_001684,law,no_context,hard,1,yes,no
train_0320,train,bnp_026439_1,bnp_026439,reading_comprehension,has_context,easy,0,yes,no
train_0321,train,bnp_021227_1,bnp_021227,grammar,has_context,hard,0,no,yes
train_0322,train,bnp_027327_1,bnp_027327,law,no_context,hard,0,yes,no
train_0323,train,bnp_010665_0,bnp_010665,law,no_context,easy,1,yes,no
train_0324,train,bnp_026389_1,bnp_026389,reading_comprehension,has_context,easy,0,yes,no
train_0325,train,bnp_023575_0,bnp_023575,science,no_context,hard,1,yes,no
train_0326,train,bnp_011647_0,bnp_011647,history,has_context,easy,1,yes,no
train_0327,train,bnp_010095_1,bnp_010095,history,has_context,easy,0,yes,no
train_0328,train,bnp_004506_0,bnp_004506,mathematics,no_context,easy,1,yes,no
train_0329,train,bnp_023914_1,bnp_023914,history,has_context,easy,0,yes,no
train_0330,train,bnp_006817_0,bnp_006817,history,has_context,easy,1,yes,no
train_0331,train,bnp_030743_1,bnp_030743,literature,no_context,easy,0,yes,no
train_0332,train,bnp_014389_1,bnp_014389,others,has_context,hard,0,yes,no
train_0333,train,bnp_001835_1,bnp_001835,reading_comprehension,has_context,easy,0,yes,no
train_0334,train,bnp_030870_1,bnp_030870,reading_comprehension,has_context,easy,0,yes,no
train_0335,train,bnp_030435_0,bnp_030435,mathematics,no_context,easy,1,yes,no
train_0336,train,bnp_030534_0,bnp_030534,reading_comprehension,has_context,easy,1,yes,no
train_0337,train,bnp_007176_1,bnp_007176,idiom_meaning,no_context,easy,0,yes,no
train_0338,train,bnp_029934_0,bnp_029934,reading_comprehension,has_context,easy,1,no,yes
train_0339,train,bnp_015537_1,bnp_015537,reading_comprehension,has_context,easy,0,yes,no
train_0340,train,bnp_024502_1,bnp_024502,history,has_context,easy,0,yes,no
train_0341,train,bnp_014423_1,bnp_014423,antonym,no_context,easy,0,yes,no
train_0342,train,bnp_015797_0,bnp_015797,bcs,no_context,easy,1,yes,no
train_0343,train,bnp_003712_0,bnp_003712,reading_comprehension,has_context,easy,1,yes,no
train_0344,train,bnp_005787_0,bnp_005787,reading_comprehension,has_context,easy,1,yes,no
train_0345,train,bnp_025125_1,bnp_025125,others,has_context,easy,0,yes,no
train_0346,train,bnp_003861_1,bnp_003861,science,no_context,easy,0,yes,no
train_0347,train,bnp_005251_0,bnp_005251,history,has_context,hard,1,yes,no
train_0348,train,bnp_000750_1,bnp_000750,history,has_context,hard,0,yes,no
train_0349,train,bnp_006211_0,bnp_006211,grammar,has_context,hard,1,no,yes
train_0350,train,bnp_027671_1,bnp_027671,reading_comprehension,has_context,easy,0,yes,no
train_0351,train,bnp_017399_0,bnp_017399,literature,no_context,easy,1,yes,no
train_0352,train,bnp_021973_1,bnp_021973,science,no_context,easy,0,yes,no
train_0353,train,bnp_005643_1,bnp_005643,grammar,has_context,hard,0,yes,no
train_0354,train,bnp_013069_0,bnp_013069,grammar,no_context,easy,1,yes,no
train_0355,train,bnp_020757_0,bnp_020757,history,has_context,hard,1,no,yes
train_0356,train,bnp_015879_1,bnp_015879,reading_comprehension,has_context,easy,0,yes,no
train_0357,train,bnp_009312_0,bnp_009312,reading_comprehension,has_context,easy,1,yes,no
train_0358,train,bnp_013388_1,bnp_013388,literature,no_context,easy,0,yes,no
train_0359,train,bnp_019970_1,bnp_019970,history,has_context,easy,0,yes,no
train_0360,train,bnp_024591_0,bnp_024591,grammar,no_context,hard,1,yes,no
train_0361,train,bnp_012596_0,bnp_012596,reading_comprehension,has_context,hard,1,yes,no
train_0362,train,bnp_015153_1,bnp_015153,idiom_meaning,no_context,easy,0,no,yes
train_0363,train,bnp_003834_0,bnp_003834,reading_comprehension,has_context,easy,1,yes,no
train_0364,train,bnp_023668_1,bnp_023668,law,no_context,easy,0,yes,no
train_0365,train,bnp_013705_0,bnp_013705,vocabulary,no_context,easy,1,yes,no
train_0366,train,bnp_021378_0,bnp_021378,reading_comprehension,has_context,easy,1,yes,no
train_0367,train,bnp_029519_1,bnp_029519,literature,no_context,easy,0,yes,no
train_0368,train,bnp_020772_0,bnp_020772,history,has_context,hard,1,yes,no
train_0369,train,bnp_000953_1,bnp_000953,idiom_meaning,no_context,easy,0,yes,no
train_0370,train,bnp_007723_1,bnp_007723,history,has_context,easy,0,yes,no
train_0371,train,bnp_006520_0,bnp_006520,others,has_context,hard,1,yes,no
train_0372,train,bnp_000021_0,bnp_000021,law,has_context,easy,1,yes,no
train_0373,train,bnp_017327_1,bnp_017327,grammar,has_context,hard,0,yes,no
train_0374,train,bnp_010645_0,bnp_010645,reading_comprehension,has_context,easy,1,yes,no
train_0375,train,bnp_004591_1,bnp_004591,reading_comprehension,has_context,easy,0,yes,no
train_0376,train,bnp_014110_1,bnp_014110,law,has_context,easy,0,yes,no
train_0377,train,bnp_009500_0,bnp_009500,reading_comprehension,has_context,easy,1,yes,no
train_0378,train,bnp_022089_1,bnp_022089,reading_comprehension,has_context,easy,0,yes,no
train_0379,train,bnp_012850_0,bnp_012850,reading_comprehension,has_context,easy,1,yes,no
train_0380,train,bnp_020434_0,bnp_020434,law,has_context,hard,1,yes,no
train_0381,train,bnp_002112_0,bnp_002112,law,has_context,easy,1,yes,no
train_0382,train,bnp_024928_1,bnp_024928,history,has_context,easy,0,yes,no
train_0383,train,bnp_006785_1,bnp_006785,history,has_context,easy,0,yes,no
train_0384,train,bnp_014826_0,bnp_014826,literature,no_context,easy,1,yes,no
train_0385,train,bnp_002148_1,bnp_002148,reading_comprehension,has_context,easy,0,yes,no
train_0386,train,bnp_004342_1,bnp_004342,grammar,no_context,easy,0,yes,no
train_0387,train,bnp_023686_0,bnp_023686,grammar,no_context,easy,1,yes,no
train_0388,train,bnp_005556_1,bnp_005556,others,has_context,easy,0,yes,no
train_0389,train,bnp_015101_1,bnp_015101,reading_comprehension,has_context,easy,0,no,yes
train_0390,train,bnp_003703_0,bnp_003703,science,no_context,easy,1,yes,no
train_0391,train,bnp_000802_0,bnp_000802,history,has_context,hard,1,yes,no
train_0392,train,bnp_023494_0,bnp_023494,literature,no_context,easy,1,yes,no
train_0393,train,bnp_008083_0,bnp_008083,grammar,no_context,hard,1,yes,no
train_0394,train,bnp_031242_1,bnp_031242,grammar,no_context,hard,0,yes,no
train_0395,train,bnp_021277_1,bnp_021277,antonym,no_context,easy,0,yes,no
train_0396,train,bnp_000083_0,bnp_000083,reading_comprehension,has_context,easy,1,yes,no
train_0397,train,bnp_020319_0,bnp_020319,law,no_context,hard,1,yes,no
train_0398,train,bnp_022584_0,bnp_022584,reading_comprehension,has_context,easy,1,yes,no
train_0399,train,bnp_030416_1,bnp_030416,history,no_context,hard,0,yes,no
train_0400,train,bnp_022348_0,bnp_022348,history,has_context,hard,1,no,yes
train_0401,train,bnp_028931_0,bnp_028931,history,has_context,hard,1,yes,no
train_0402,train,bnp_024413_1,bnp_024413,history,has_context,easy,0,yes,no
train_0403,train,bnp_005616_1,bnp_005616,bcs,no_context,easy,0,no,yes
train_0404,train,bnp_021766_0,bnp_021766,others,has_context,easy,1,yes,no
train_0405,train,bnp_029251_0,bnp_029251,mathematics,no_context,easy,1,yes,no
train_0406,train,bnp_030429_0,bnp_030429,bcs,no_context,easy,1,yes,no
train_0407,train,bnp_017228_1,bnp_017228,literature,no_context,easy,0,no,yes
train_0408,train,bnp_030056_1,bnp_030056,reading_comprehension,has_context,easy,0,yes,no
train_0409,train,bnp_021781_0,bnp_021781,reading_comprehension,has_context,easy,1,yes,no
train_0410,train,bnp_021714_0,bnp_021714,science,no_context,easy,1,yes,no
train_0411,train,bnp_015388_1,bnp_015388,history,has_context,hard,0,yes,no
train_0412,train,bnp_031211_0,bnp_031211,literature,no_context,easy,1,yes,no
train_0413,train,bnp_021789_1,bnp_021789,reading_comprehension,has_context,easy,0,yes,no
train_0414,train,bnp_023439_0,bnp_023439,antonym,no_context,easy,1,yes,no
train_0415,train,bnp_013652_1,bnp_013652,law,no_context,hard,0,yes,no
train_0416,train,bnp_021201_0,bnp_021201,antonym,no_context,easy,1,yes,no
train_0417,train,bnp_027658_1,bnp_027658,mathematics,no_context,hard,0,yes,no
train_0418,train,bnp_013876_1,bnp_013876,grammar,has_context,hard,0,yes,no
train_0419,train,bnp_024289_0,bnp_024289,others,has_context,easy,1,yes,no
train_0420,train,bnp_014659_0,bnp_014659,reading_comprehension,has_context,easy,1,yes,no
train_0421,train,bnp_009996_1,bnp_009996,reading_comprehension,has_context,easy,0,yes,no
train_0422,train,bnp_000406_1,bnp_000406,literature,no_context,easy,0,yes,no
train_0423,train,bnp_018126_1,bnp_018126,law,has_context,easy,0,yes,no
train_0424,train,bnp_021210_0,bnp_021210,grammar,has_context,hard,1,yes,no
train_0425,train,bnp_010203_0,bnp_010203,history,has_context,easy,1,yes,no
train_0426,train,bnp_004958_0,bnp_004958,reading_comprehension,has_context,hard,1,yes,no
train_0427,train,bnp_013885_1,bnp_013885,bcs,no_context,easy,0,yes,no
train_0428,train,bnp_024509_1,bnp_024509,grammar,has_context,hard,0,yes,no
train_0429,train,bnp_018281_1,bnp_018281,reading_comprehension,has_context,easy,0,yes,no
train_0430,train,bnp_001417_0,bnp_001417,grammar,no_context,hard,1,yes,no
train_0431,train,bnp_008336_1,bnp_008336,mathematics,no_context,easy,0,no,yes
train_0432,train,bnp_002387_1,bnp_002387,vocabulary,no_context,easy,0,yes,no
train_0433,train,bnp_003699_1,bnp_003699,history,has_context,hard,0,yes,no
train_0434,train,bnp_015033_1,bnp_015033,grammar,no_context,easy,0,yes,no
train_0435,train,bnp_007680_0,bnp_007680,others,has_context,hard,1,yes,no
train_0436,train,bnp_025364_0,bnp_025364,vocabulary,no_context,easy,1,no,yes
train_0437,train,bnp_018157_0,bnp_018157,reading_comprehension,has_context,easy,1,yes,no
train_0438,train,bnp_017073_0,bnp_017073,reading_comprehension,has_context,easy,1,yes,no
train_0439,train,bnp_012393_1,bnp_012393,grammar,no_context,easy,0,yes,no
train_0440,train,bnp_009828_0,bnp_009828,history,has_context,hard,1,yes,no
train_0441,train,bnp_031731_1,bnp_031731,antonym,no_context,easy,0,yes,no
train_0442,train,bnp_026093_1,bnp_026093,history,has_context,hard,0,no,yes
train_0443,train,bnp_020476_0,bnp_020476,antonym,no_context,easy,1,yes,no
train_0444,train,bnp_002347_1,bnp_002347,history,has_context,easy,0,no,yes
train_0445,train,bnp_024659_1,bnp_024659,history,has_context,hard,0,yes,no
train_0446,train,bnp_018003_1,bnp_018003,history,has_context,easy,0,no,yes
train_0447,train,bnp_029537_1,bnp_029537,literature,no_context,hard,0,yes,no
train_0448,train,bnp_012259_1,bnp_012259,history,has_context,easy,0,yes,no
train_0449,train,bnp_022684_1,bnp_022684,idiom_meaning,no_context,easy,0,yes,no
train_0450,train,bnp_015078_1,bnp_015078,reading_comprehension,has_context,hard,0,no,yes
train_0451,train,bnp_015524_0,bnp_015524,history,has_context,easy,1,yes,no
train_0452,train,bnp_000470_0,bnp_000470,literature,no_context,easy,1,yes,no
train_0453,train,bnp_005898_0,bnp_005898,grammar,has_context,hard,1,yes,no
train_0454,train,bnp_013061_0,bnp_013061,mathematics,no_context,easy,1,yes,no
train_0455,train,bnp_017489_1,bnp_017489,grammar,no_context,hard,0,yes,no
train_0456,train,bnp_016899_0,bnp_016899,history,has_context,easy,1,yes,no
train_0457,train,bnp_024848_0,bnp_024848,reading_comprehension,has_context,easy,1,yes,no
train_0458,train,bnp_003543_1,bnp_003543,mathematics,no_context,easy,0,no,yes
train_0459,train,bnp_002051_1,bnp_002051,reading_comprehension,has_context,easy,0,yes,no
train_0460,train,bnp_003360_0,bnp_003360,grammar,no_context,easy,1,yes,no
train_0461,train,bnp_003493_1,bnp_003493,grammar,no_context,hard,0,yes,no
train_0462,train,bnp_000208_1,bnp_000208,synonym,no_context,easy,0,yes,no
train_0463,train,bnp_009587_0,bnp_009587,reading_comprehension,has_context,easy,1,yes,no
train_0464,train,bnp_030103_1,bnp_030103,reading_comprehension,has_context,easy,0,no,yes
train_0465,train,bnp_024677_1,bnp_024677,antonym,no_context,easy,0,yes,no
train_0466,train,bnp_029792_0,bnp_029792,idiom_meaning,no_context,easy,1,yes,no
train_0467,train,bnp_026815_0,bnp_026815,history,has_context,easy,1,yes,no
train_0468,train,bnp_009775_0,bnp_009775,history,has_context,easy,1,yes,no
train_0469,train,bnp_025711_0,bnp_025711,idiom_meaning,no_context,easy,1,no,yes
train_0470,train,bnp_021236_0,bnp_021236,grammar,has_context,hard,1,yes,no
train_0471,train,bnp_022516_0,bnp_022516,reading_comprehension,has_context,easy,1,yes,no
train_0472,train,bnp_011784_1,bnp_011784,grammar,no_context,hard,0,no,yes
train_0473,train,bnp_020277_0,bnp_020277,history,has_context,easy,1,yes,no
train_0474,train,bnp_002254_0,bnp_002254,history,has_context,hard,1,yes,no
train_0475,train,bnp_017332_0,bnp_017332,mathematics,no_context,easy,1,yes,no
train_0476,train,bnp_017578_1,bnp_017578,literature,no_context,easy,0,yes,no
train_0477,train,bnp_020504_1,bnp_020504,reading_comprehension,has_context,easy,0,no,yes
train_0478,train,bnp_017948_0,bnp_017948,reading_comprehension,has_context,easy,1,yes,no
train_0479,train,bnp_031537_0,bnp_031537,science,no_context,easy,1,yes,no
train_0480,train,bnp_030972_0,bnp_030972,reading_comprehension,has_context,easy,1,yes,no
train_0481,train,bnp_019376_1,bnp_019376,history,has_context,easy,0,yes,no
train_0482,train,bnp_017294_1,bnp_017294,reading_comprehension,has_context,easy,0,yes,no
train_0483,train,bnp_004672_0,bnp_004672,history,has_context,easy,1,yes,no
train_0484,train,bnp_015707_0,bnp_015707,bcs,no_context,easy,1,yes,no
train_0485,train,bnp_017919_1,bnp_017919,history,has_context,hard,0,yes,no
train_0486,train,bnp_007725_1,bnp_007725,history,has_context,hard,0,yes,no
train_0487,train,bnp_012528_0,bnp_012528,grammar,has_context,hard,1,yes,no
train_0488,train,bnp_010026_1,bnp_010026,history,has_context,easy,0,yes,no
train_0489,train,bnp_006235_1,bnp_006235,reading_comprehension,has_context,hard,0,yes,no
train_0490,train,bnp_031864_0,bnp_031864,literature,no_context,hard,1,yes,no
train_0491,train,bnp_000717_1,bnp_000717,vocabulary,no_context,easy,0,yes,no
train_0492,train,bnp_006404_1,bnp_006404,history,has_context,easy,0,yes,no
train_0493,train,bnp_010172_0,bnp_010172,history,has_context,easy,1,yes,no
train_0494,train,bnp_018570_1,bnp_018570,idiom_meaning,no_context,easy,0,yes,no
train_0495,train,bnp_016477_0,bnp_016477,synonym,no_context,easy,1,yes,no
train_0496,train,bnp_004032_1,bnp_004032,reading_comprehension,has_context,easy,0,yes,no
train_0497,train,bnp_025212_0,bnp_025212,mathematics,no_context,hard,1,yes,no
train_0498,train,bnp_010986_1,bnp_010986,history,has_context,easy,0,yes,no
train_0499,train,bnp_031303_1,bnp_031303,reading_comprehension,has_context,easy,0,yes,no
train_0500,train,bnp_008664_0,bnp_008664,reading_comprehension,has_context,easy,1,yes,no
train_0501,train,bnp_017094_1,bnp_017094,others,has_context,easy,0,yes,no
train_0502,train,bnp_013184_1,bnp_013184,reading_comprehension,has_context,easy,0,yes,no
train_0503,train,bnp_025732_1,bnp_025732,idiom_meaning,no_context,easy,0,yes,no
train_0504,train,bnp_028540_0,bnp_028540,history,has_context,hard,1,yes,no
train_0505,train,bnp_001108_0,bnp_001108,history,has_context,easy,1,yes,no
train_0506,train,bnp_024682_1,bnp_024682,grammar,has_context,hard,0,yes,no
train_0507,train,bnp_031066_0,bnp_031066,bcs,no_context,easy,1,yes,no
train_0508,train,bnp_012085_0,bnp_012085,bcs,no_context,easy,1,yes,no
train_0509,train,bnp_025407_1,bnp_025407,history,has_context,hard,0,yes,no
train_0510,train,bnp_009344_1,bnp_009344,synonym,no_context,easy,0,yes,no
train_0511,train,bnp_002373_1,bnp_002373,reading_comprehension,has_context,easy,0,yes,no
train_0512,train,bnp_003304_0,bnp_003304,grammar,no_context,hard,1,yes,no
train_0513,train,bnp_008610_0,bnp_008610,others,has_context,hard,1,no,yes
train_0514,train,bnp_022186_1,bnp_022186,history,has_context,easy,0,yes,no
train_0515,train,bnp_028631_0,bnp_028631,grammar,no_context,hard,1,yes,no
train_0516,train,bnp_007582_1,bnp_007582,mathematics,no_context,easy,0,yes,no
train_0517,train,bnp_005539_0,bnp_005539,idiom_meaning,no_context,easy,1,yes,no
train_0518,train,bnp_018694_0,bnp_018694,reading_comprehension,has_context,easy,1,yes,no
train_0519,train,bnp_030037_1,bnp_030037,antonym,no_context,easy,0,yes,no
train_0520,train,bnp_009983_0,bnp_009983,law,has_context,easy,1,yes,no
train_0521,train,bnp_010995_0,bnp_010995,history,has_context,hard,1,yes,no
train_0522,train,bnp_010560_1,bnp_010560,law,has_context,hard,0,no,yes
train_0523,train,bnp_029781_0,bnp_029781,history,has_context,hard,1,yes,no
train_0524,train,bnp_028655_0,bnp_028655,history,has_context,hard,1,yes,no
train_0525,train,bnp_025141_0,bnp_025141,idiom_meaning,no_context,easy,1,yes,no
train_0526,train,bnp_022888_1,bnp_022888,history,has_context,hard,0,yes,no
train_0527,train,bnp_007148_0,bnp_007148,mathematics,no_context,hard,1,yes,no
train_0528,train,bnp_008361_0,bnp_008361,science,no_context,easy,1,yes,no
train_0529,train,bnp_023982_1,bnp_023982,law,has_context,easy,0,yes,no
train_0530,train,bnp_015956_1,bnp_015956,mathematics,no_context,easy,0,yes,no
train_0531,train,bnp_002817_0,bnp_002817,history,has_context,easy,1,yes,no
train_0532,train,bnp_017083_0,bnp_017083,history,has_context,easy,1,yes,no
train_0533,train,bnp_006861_1,bnp_006861,law,has_context,easy,0,yes,no
train_0534,train,bnp_005298_1,bnp_005298,history,has_context,easy,0,no,yes
train_0535,train,bnp_020407_1,bnp_020407,literature,no_context,easy,0,yes,no
train_0536,train,bnp_009950_0,bnp_009950,reading_comprehension,has_context,easy,1,yes,no
train_0537,train,bnp_027301_1,bnp_027301,idiom_meaning,no_context,easy,0,yes,no
train_0538,train,bnp_014918_1,bnp_014918,grammar,has_context,hard,0,yes,no
train_0539,train,bnp_003893_0,bnp_003893,mathematics,no_context,easy,1,no,yes
train_0540,train,bnp_027460_0,bnp_027460,mathematics,no_context,easy,1,yes,no
train_0541,train,bnp_020320_1,bnp_020320,literature,no_context,easy,0,yes,no
train_0542,train,bnp_018011_0,bnp_018011,science,no_context,easy,1,yes,no
train_0543,train,bnp_024775_0,bnp_024775,reading_comprehension,has_context,easy,1,yes,no
train_0544,train,bnp_022007_0,bnp_022007,history,has_context,easy,1,yes,no
train_0545,train,bnp_017598_0,bnp_017598,antonym,no_context,easy,1,yes,no
train_0546,train,bnp_027880_1,bnp_027880,law,has_context,easy,0,yes,no
train_0547,train,bnp_000914_0,bnp_000914,law,has_context,easy,1,yes,no
train_0548,train,bnp_008287_0,bnp_008287,history,has_context,hard,1,yes,no
train_0549,train,bnp_015733_1,bnp_015733,history,has_context,easy,0,yes,no
train_0550,train,bnp_020328_0,bnp_020328,mathematics,no_context,easy,1,yes,no
train_0551,train,bnp_025601_1,bnp_025601,reading_comprehension,has_context,easy,0,yes,no
train_0552,train,bnp_009394_0,bnp_009394,reading_comprehension,has_context,easy,1,yes,no
train_0553,train,bnp_002724_1,bnp_002724,reading_comprehension,has_context,easy,0,yes,no
train_0554,train,bnp_011446_1,bnp_011446,reading_comprehension,has_context,easy,0,yes,no
train_0555,train,bnp_010583_0,bnp_010583,history,has_context,easy,1,yes,no
train_0556,train,bnp_007934_0,bnp_007934,grammar,has_context,hard,1,yes,no
train_0557,train,bnp_017481_1,bnp_017481,bcs,no_context,easy,0,yes,no
train_0558,train,bnp_003447_0,bnp_003447,science,no_context,easy,1,yes,no
train_0559,train,bnp_019594_1,bnp_019594,reading_comprehension,has_context,easy,0,no,yes
train_0560,train,bnp_015236_1,bnp_015236,bcs,no_context,easy,0,no,yes
train_0561,train,bnp_025913_0,bnp_025913,history,has_context,easy,1,yes,no
train_0562,train,bnp_010900_0,bnp_010900,grammar,no_context,hard,1,yes,no
train_0563,train,bnp_024881_0,bnp_024881,reading_comprehension,has_context,easy,1,yes,no
train_0564,train,bnp_014307_1,bnp_014307,history,has_context,easy,0,yes,no
train_0565,train,bnp_006435_1,bnp_006435,idiom_meaning,no_context,easy,0,yes,no
train_0566,train,bnp_026418_0,bnp_026418,reading_comprehension,has_context,easy,1,yes,no
train_0567,train,bnp_016166_1,bnp_016166,reading_comprehension,has_context,hard,0,yes,no
train_0568,train,bnp_030224_0,bnp_030224,reading_comprehension,has_context,easy,1,no,yes
train_0569,train,bnp_001511_0,bnp_001511,history,has_context,hard,1,yes,no
train_0570,train,bnp_007437_0,bnp_007437,reading_comprehension,has_context,easy,1,yes,no
train_0571,train,bnp_014957_0,bnp_014957,history,has_context,easy,1,yes,no
train_0572,train,bnp_007532_0,bnp_007532,grammar,no_context,hard,1,yes,no
train_0573,train,bnp_023794_0,bnp_023794,reading_comprehension,has_context,easy,1,yes,no
train_0574,train,bnp_026321_1,bnp_026321,idiom_meaning,no_context,easy,0,yes,no
train_0575,train,bnp_011130_1,bnp_011130,science,no_context,easy,0,yes,no
train_0576,train,bnp_015596_0,bnp_015596,grammar,has_context,hard,1,yes,no
train_0577,train,bnp_007342_1,bnp_007342,history,no_context,hard,0,yes,no
train_0578,train,bnp_016534_0,bnp_016534,history,has_context,easy,1,yes,no
train_0579,train,bnp_024366_1,bnp_024366,bcs,no_context,easy,0,yes,no
train_0580,train,bnp_027995_0,bnp_027995,reading_comprehension,has_context,hard,1,yes,no
train_0581,train,bnp_000392_0,bnp_000392,history,has_context,hard,1,yes,no
train_0582,train,bnp_020421_0,bnp_020421,reading_comprehension,has_context,easy,1,yes,no
train_0583,train,bnp_005752_0,bnp_005752,law,has_context,easy,1,yes,no
train_0584,train,bnp_011252_0,bnp_011252,reading_comprehension,has_context,easy,1,yes,no
train_0585,train,bnp_026961_0,bnp_026961,mathematics,no_context,easy,1,no,yes
train_0586,train,bnp_006651_1,bnp_006651,law,has_context,hard,0,yes,no
train_0587,train,bnp_018989_0,bnp_018989,science,no_context,easy,1,yes,no
train_0588,train,bnp_016760_1,bnp_016760,bcs,no_context,easy,0,yes,no
train_0589,train,bnp_022074_1,bnp_022074,reading_comprehension,has_context,easy,0,yes,no
train_0590,train,bnp_020248_0,bnp_020248,law,has_context,easy,1,yes,no
train_0591,train,bnp_009767_1,bnp_009767,others,has_context,hard,0,yes,no
train_0592,train,bnp_027836_1,bnp_027836,vocabulary,no_context,easy,0,yes,no
train_0593,train,bnp_003574_0,bnp_003574,antonym,no_context,easy,1,yes,no
train_0594,train,bnp_016316_0,bnp_016316,history,has_context,easy,1,yes,no
train_0595,train,bnp_000078_0,bnp_000078,idiom_meaning,no_context,easy,1,yes,no
train_0596,train,bnp_030307_0,bnp_030307,reading_comprehension,has_context,easy,1,yes,no
train_0597,train,bnp_019742_0,bnp_019742,reading_comprehension,has_context,hard,1,yes,no
train_0598,train,bnp_016372_0,bnp_016372,idiom_meaning,no_context,easy,1,yes,no
train_0599,train,bnp_006707_1,bnp_006707,science,no_context,easy,0,yes,no
train_0600,train,bnp_019142_0,bnp_019142,literature,no_context,easy,1,no,yes
train_0601,train,bnp_030184_0,bnp_030184,law,no_context,easy,1,yes,no
train_0602,train,bnp_031175_1,bnp_031175,history,has_context,easy,0,yes,no
train_0603,train,bnp_009733_1,bnp_009733,reading_comprehension,has_context,easy,0,yes,no
train_0604,train,bnp_017695_1,bnp_017695,grammar,has_context,hard,0,yes,no
train_0605,train,bnp_004750_0,bnp_004750,law,has_context,hard,1,yes,no
train_0606,train,bnp_005866_1,bnp_005866,reading_comprehension,has_context,hard,0,yes,no
train_0607,train,bnp_004675_0,bnp_004675,literature,no_context,easy,1,no,yes
train_0608,train,bnp_015197_0,bnp_015197,grammar,has_context,hard,1,yes,no
train_0609,train,bnp_006133_1,bnp_006133,history,has_context,easy,0,yes,no
train_0610,train,bnp_013321_0,bnp_013321,bcs,no_context,hard,1,yes,no
train_0611,train,bnp_011300_0,bnp_011300,history,has_context,easy,1,yes,no
train_0612,train,bnp_011869_1,bnp_011869,reading_comprehension,has_context,easy,0,yes,no
train_0613,train,bnp_022621_1,bnp_022621,reading_comprehension,has_context,easy,0,no,yes
train_0614,train,bnp_029622_1,bnp_029622,history,has_context,easy,0,yes,no
train_0615,train,bnp_019785_0,bnp_019785,history,has_context,hard,1,yes,no
train_0616,train,bnp_019619_1,bnp_019619,law,has_context,easy,0,yes,no
train_0617,train,bnp_017824_1,bnp_017824,bcs,no_context,easy,0,yes,no
train_0618,train,bnp_003704_0,bnp_003704,antonym,no_context,easy,1,yes,no
train_0619,train,bnp_031356_1,bnp_031356,history,has_context,easy,0,yes,no
train_0620,train,bnp_030261_0,bnp_030261,reading_comprehension,has_context,hard,1,yes,no
train_0621,train,bnp_011314_0,bnp_011314,science,no_context,easy,1,yes,no
train_0622,train,bnp_017480_1,bnp_017480,reading_comprehension,has_context,easy,0,yes,no
train_0623,train,bnp_004823_1,bnp_004823,grammar,no_context,hard,0,yes,no
train_0624,train,bnp_025766_1,bnp_025766,reading_comprehension,has_context,easy,0,yes,no
train_0625,train,bnp_027705_1,bnp_027705,reading_comprehension,has_context,easy,0,yes,no
train_0626,train,bnp_007146_1,bnp_007146,reading_comprehension,has_context,easy,0,yes,no
train_0627,train,bnp_021334_0,bnp_021334,grammar,has_context,hard,1,yes,no
train_0628,train,bnp_023656_1,bnp_023656,history,has_context,hard,0,yes,no
train_0629,train,bnp_028344_1,bnp_028344,bcs,no_context,hard,0,yes,no
train_0630,train,bnp_004535_1,bnp_004535,grammar,has_context,hard,0,yes,no
train_0631,train,bnp_013061_1,bnp_013061,mathematics,no_context,easy,0,yes,no
train_0632,train,bnp_017480_0,bnp_017480,reading_comprehension,has_context,easy,1,yes,no
train_0633,train,bnp_016316_1,bnp_016316,history,has_context,easy,0,yes,no
train_0634,train,bnp_015653_0,bnp_015653,antonym,no_context,easy,1,yes,no
train_0635,train,bnp_015536_1,bnp_015536,mathematics,no_context,easy,0,yes,no
train_0636,train,bnp_004516_0,bnp_004516,bcs,no_context,easy,1,yes,no
train_0637,train,bnp_017754_0,bnp_017754,others,has_context,hard,1,yes,no
train_0638,train,bnp_017578_0,bnp_017578,literature,no_context,easy,1,yes,no
train_0639,train,bnp_018321_0,bnp_018321,literature,no_context,easy,1,yes,no
train_0640,train,bnp_002817_1,bnp_002817,history,has_context,easy,0,yes,no
train_0641,train,bnp_030429_1,bnp_030429,bcs,no_context,easy,0,yes,no
train_0642,train,bnp_029781_1,bnp_029781,history,has_context,hard,0,yes,no
train_0643,train,bnp_009063_0,bnp_009063,bcs,no_context,easy,1,yes,no
train_0644,train,bnp_028172_1,bnp_028172,history,has_context,easy,0,no,yes
train_0645,train,bnp_000717_0,bnp_000717,vocabulary,no_context,easy,1,no,yes
train_0646,train,bnp_007723_0,bnp_007723,history,has_context,easy,1,yes,no
train_0647,train,bnp_024881_1,bnp_024881,reading_comprehension,has_context,easy,0,yes,no
train_0648,train,bnp_011994_0,bnp_011994,reading_comprehension,has_context,easy,1,yes,no
train_0649,train,bnp_022684_0,bnp_022684,idiom_meaning,no_context,easy,1,yes,no
train_0650,train,bnp_001402_1,bnp_001402,law,no_context,easy,0,yes,no
train_0651,train,bnp_005803_1,bnp_005803,reading_comprehension,has_context,easy,0,yes,no
train_0652,train,bnp_006435_0,bnp_006435,idiom_meaning,no_context,easy,1,yes,no
train_0653,train,bnp_005787_1,bnp_005787,reading_comprehension,has_context,easy,0,yes,no
train_0654,train,bnp_008361_1,bnp_008361,science,no_context,easy,0,yes,no
train_0655,train,bnp_030534_1,bnp_030534,reading_comprehension,has_context,easy,0,yes,no
train_0656,train,bnp_024289_1,bnp_024289,others,has_context,easy,0,yes,no
train_0657,train,bnp_004672_1,bnp_004672,history,has_context,easy,0,yes,no
train_0658,train,bnp_008297_0,bnp_008297,grammar,has_context,hard,1,yes,no
train_0659,train,bnp_017634_0,bnp_017634,mathematics,no_context,easy,1,yes,no
train_0660,train,bnp_024987_0,bnp_024987,history,has_context,hard,1,yes,no
train_0661,train,bnp_010645_1,bnp_010645,reading_comprehension,has_context,easy,0,no,yes
train_0662,train,bnp_009322_1,bnp_009322,history,has_context,hard,0,yes,no
train_0663,train,bnp_019142_1,bnp_019142,literature,no_context,easy,0,yes,no
train_0664,train,bnp_024677_0,bnp_024677,antonym,no_context,easy,1,yes,no
train_0665,train,bnp_007741_0,bnp_007741,antonym,no_context,easy,1,yes,no
train_0666,train,bnp_021814_1,bnp_021814,reading_comprehension,has_context,easy,0,yes,no
train_0667,train,bnp_000912_1,bnp_000912,history,has_context,easy,0,yes,no
train_0668,train,bnp_008135_0,bnp_008135,mathematics,no_context,easy,1,yes,no
train_0669,train,bnp_002373_0,bnp_002373,reading_comprehension,has_context,easy,1,yes,no
train_0670,train,bnp_015537_0,bnp_015537,reading_comprehension,has_context,easy,1,yes,no
train_0671,train,bnp_001493_1,bnp_001493,reading_comprehension,has_context,easy,0,yes,no
train_0672,train,bnp_026731_0,bnp_026731,reading_comprehension,has_context,easy,1,yes,no
train_0673,train,bnp_019219_0,bnp_019219,history,has_context,easy,1,yes,no
train_0674,train,bnp_013138_0,bnp_013138,reading_comprehension,has_context,easy,1,yes,no
train_0675,train,bnp_024775_1,bnp_024775,reading_comprehension,has_context,easy,0,yes,no
train_0676,train,bnp_008069_0,bnp_008069,history,has_context,easy,1,yes,no
train_0677,train,bnp_012085_1,bnp_012085,bcs,no_context,easy,0,yes,no
train_0678,train,bnp_019190_0,bnp_019190,history,has_context,easy,1,yes,no
train_0679,train,bnp_005752_1,bnp_005752,law,has_context,easy,0,yes,no
train_0680,train,bnp_007146_0,bnp_007146,reading_comprehension,has_context,easy,1,yes,no
train_0681,train,bnp_021615_1,bnp_021615,reading_comprehension,has_context,easy,0,yes,no
train_0682,train,bnp_025732_0,bnp_025732,idiom_meaning,no_context,easy,1,yes,no
train_0683,train,bnp_023735_0,bnp_023735,idiom_meaning,no_context,easy,1,yes,no
train_0684,train,bnp_015078_0,bnp_015078,reading_comprehension,has_context,hard,1,yes,no
train_0685,train,bnp_011446_0,bnp_011446,reading_comprehension,has_context,easy,1,yes,no
train_0686,train,bnp_023668_0,bnp_023668,law,no_context,easy,1,yes,no
train_0687,train,bnp_018276_1,bnp_018276,mathematics,no_context,easy,0,yes,no
train_0688,train,bnp_018126_0,bnp_018126,law,has_context,easy,1,yes,no
train_0689,train,bnp_018506_0,bnp_018506,reading_comprehension,has_context,easy,1,yes,no
train_0690,train,bnp_020476_1,bnp_020476,antonym,no_context,easy,0,no,yes
train_0691,train,bnp_005292_1,bnp_005292,history,has_context,easy,0,yes,no
train_0692,train,bnp_020248_1,bnp_020248,law,has_context,easy,0,yes,no
train_0693,train,bnp_031066_1,bnp_031066,bcs,no_context,easy,0,yes,no
train_0694,train,bnp_016157_1,bnp_016157,history,has_context,easy,0,yes,no
train_0695,train,bnp_008985_0,bnp_008985,bcs,no_context,easy,1,yes,no
train_0696,train,bnp_027949_1,bnp_027949,reading_comprehension,has_context,easy,0,yes,no
train_0697,train,bnp_013994_1,bnp_013994,literature,no_context,hard,0,yes,no
train_0698,train,bnp_031936_1,bnp_031936,history,has_context,easy,0,yes,no
train_0699,train,bnp_011880_0,bnp_011880,reading_comprehension,has_context,easy,1,yes,no
train_0700,train,bnp_030255_0,bnp_030255,bcs,no_context,easy,1,yes,no
train_0701,train,bnp_024869_1,bnp_024869,mathematics,no_context,easy,0,yes,no
train_0702,train,bnp_000714_1,bnp_000714,reading_comprehension,has_context,hard,0,yes,no
train_0703,train,bnp_020115_0,bnp_020115,science,no_context,easy,1,yes,no
train_0704,train,bnp_022007_1,bnp_022007,history,has_context,easy,0,yes,no
train_0705,train,bnp_026879_0,bnp_026879,grammar,has_context,hard,1,yes,no
train_0706,train,bnp_007148_1,bnp_007148,mathematics,no_context,hard,0,yes,no
train_0707,train,bnp_003699_0,bnp_003699,history,has_context,hard,1,yes,no
train_0708,train,bnp_002387_0,bnp_002387,vocabulary,no_context,easy,1,yes,no
train_0709,train,bnp_021973_0,bnp_021973,science,no_context,easy,1,yes,no
train_0710,train,bnp_002254_1,bnp_002254,history,has_context,hard,0,yes,no
train_0711,train,bnp_008610_1,bnp_008610,others,has_context,hard,0,yes,no
train_0712,train,bnp_022269_1,bnp_022269,mathematics,no_context,easy,0,yes,no
train_0713,train,bnp_000470_1,bnp_000470,literature,no_context,easy,0,yes,no
train_0714,train,bnp_012528_1,bnp_012528,grammar,has_context,hard,0,yes,no
train_0715,train,bnp_021378_1,bnp_021378,reading_comprehension,has_context,easy,0,yes,no
train_0716,train,bnp_011314_1,bnp_011314,science,no_context,easy,0,yes,no
train_0717,train,bnp_003493_0,bnp_003493,grammar,no_context,hard,1,yes,no
train_0718,train,bnp_010026_0,bnp_010026,history,has_context,easy,1,yes,no
train_0719,train,bnp_023634_1,bnp_023634,reading_comprehension,has_context,easy,0,yes,no
train_0720,train,bnp_020757_1,bnp_020757,history,has_context,hard,0,yes,no
train_0721,train,bnp_020381_1,bnp_020381,reading_comprehension,has_context,easy,0,yes,no
train_0722,train,bnp_030056_0,bnp_030056,reading_comprehension,has_context,easy,1,no,yes
train_0723,train,bnp_029406_1,bnp_029406,science,no_context,easy,0,no,yes
train_0724,train,bnp_013282_0,bnp_013282,reading_comprehension,has_context,easy,1,no,yes
train_0725,train,bnp_011784_0,bnp_011784,grammar,no_context,hard,1,yes,no
train_0726,train,bnp_004190_1,bnp_004190,bcs,no_context,hard,0,yes,no
train_0727,train,bnp_001061_1,bnp_001061,history,has_context,easy,0,yes,no
train_0728,train,bnp_013184_0,bnp_013184,reading_comprehension,has_context,easy,1,yes,no
train_0729,train,bnp_017632_1,bnp_017632,others,has_context,hard,0,yes,no
train_0730,train,bnp_030435_1,bnp_030435,mathematics,no_context,easy,0,yes,no
train_0731,train,bnp_023259_1,bnp_023259,synonym,no_context,easy,0,yes,no
train_0732,train,bnp_017945_1,bnp_017945,reading_comprehension,has_context,easy,0,yes,no
train_0733,train,bnp_008740_1,bnp_008740,idiom_meaning,no_context,easy,0,yes,no
train_0734,train,bnp_012708_1,bnp_012708,history,has_context,easy,0,no,yes
train_0735,train,bnp_019401_0,bnp_019401,grammar,no_context,hard,1,yes,no
train_0736,train,bnp_011718_0,bnp_011718,history,has_context,easy,1,yes,no
train_0737,train,bnp_010319_0,bnp_010319,idiom_meaning,no_context,easy,1,yes,no
train_0738,train,bnp_009484_0,bnp_009484,antonym,no_context,easy,1,yes,no
train_0739,train,bnp_031037_0,bnp_031037,bcs,no_context,hard,1,yes,no
train_0740,train,bnp_010263_0,bnp_010263,reading_comprehension,has_context,easy,1,yes,no
train_0741,train,bnp_008460_0,bnp_008460,vocabulary,no_context,easy,1,yes,no
train_0742,train,bnp_006651_0,bnp_006651,law,has_context,hard,1,yes,no
train_0743,train,bnp_027034_0,bnp_027034,idiom_meaning,no_context,easy,1,yes,no
train_0744,train,bnp_030123_0,bnp_030123,law,no_context,easy,1,yes,no
train_0745,train,bnp_015707_1,bnp_015707,bcs,no_context,easy,0,yes,no
train_0746,train,bnp_020151_0,bnp_020151,synonym,no_context,easy,1,yes,no
train_0747,train,bnp_026439_0,bnp_026439,reading_comprehension,has_context,easy,1,no,yes
train_0748,train,bnp_029909_1,bnp_029909,history,has_context,hard,0,yes,no
train_0749,train,bnp_017300_0,bnp_017300,grammar,no_context,hard,1,yes,no
train_0750,train,bnp_011647_1,bnp_011647,history,has_context,easy,0,yes,no
train_0751,train,bnp_000995_0,bnp_000995,reading_comprehension,has_context,easy,1,yes,no
train_0752,train,bnp_008156_1,bnp_008156,law,has_context,easy,0,yes,no
train_0753,train,bnp_004342_0,bnp_004342,grammar,no_context,easy,1,yes,no
train_0754,train,bnp_026367_0,bnp_026367,vocabulary,no_context,easy,1,yes,no
train_0755,train,bnp_012454_0,bnp_012454,reading_comprehension,has_context,easy,1,yes,no
train_0756,train,bnp_030693_1,bnp_030693,mathematics,no_context,easy,0,yes,no
train_0757,train,bnp_005285_1,bnp_005285,reading_comprehension,has_context,easy,0,yes,no
train_0758,train,bnp_018011_1,bnp_018011,science,no_context,easy,0,yes,no
train_0759,train,bnp_004121_1,bnp_004121,grammar,no_context,easy,0,no,yes
train_0760,train,bnp_009733_0,bnp_009733,reading_comprehension,has_context,easy,1,yes,no
train_0761,train,bnp_006169_1,bnp_006169,bcs,no_context,easy,0,no,yes
train_0762,train,bnp_013406_1,bnp_013406,reading_comprehension,has_context,easy,0,yes,no
train_0763,train,bnp_021678_1,bnp_021678,literature,no_context,easy,0,yes,no
train_0764,train,bnp_005299_1,bnp_005299,history,has_context,easy,0,yes,no
train_0765,train,bnp_017695_0,bnp_017695,grammar,has_context,hard,1,yes,no
train_0766,train,bnp_026321_0,bnp_026321,idiom_meaning,no_context,easy,1,yes,no
train_0767,train,bnp_005480_1,bnp_005480,synonym,no_context,easy,0,yes,no
train_0768,train,bnp_018258_1,bnp_018258,history,no_context,hard,0,yes,no
train_0769,train,bnp_001417_1,bnp_001417,grammar,no_context,hard,0,yes,no
train_0770,train,bnp_010095_0,bnp_010095,history,has_context,easy,1,yes,no
train_0771,train,bnp_029464_1,bnp_029464,grammar,no_context,hard,0,yes,no
train_0772,train,bnp_025774_1,bnp_025774,history,has_context,hard,0,yes,no
train_0773,train,bnp_027658_0,bnp_027658,mathematics,no_context,hard,1,yes,no
train_0774,train,bnp_009698_0,bnp_009698,vocabulary,no_context,easy,1,yes,no
train_0775,train,bnp_007934_1,bnp_007934,grammar,has_context,hard,0,yes,no
train_0776,train,bnp_003309_1,bnp_003309,reading_comprehension,has_context,easy,0,yes,no
train_0777,train,bnp_004097_0,bnp_004097,law,no_context,easy,1,yes,no
train_0778,train,bnp_008083_1,bnp_008083,grammar,no_context,hard,0,yes,no
train_0779,train,bnp_027515_0,bnp_027515,reading_comprehension,has_context,easy,1,yes,no
train_0780,train,bnp_003704_1,bnp_003704,antonym,no_context,easy,0,yes,no
train_0781,train,bnp_022516_1,bnp_022516,reading_comprehension,has_context,easy,0,yes,no
train_0782,train,bnp_025601_0,bnp_025601,reading_comprehension,has_context,easy,1,yes,no
train_0783,train,bnp_009983_1,bnp_009983,law,has_context,easy,0,yes,no
train_0784,train,bnp_029229_0,bnp_029229,reading_comprehension,has_context,easy,1,yes,no
train_0785,train,bnp_000083_1,bnp_000083,reading_comprehension,has_context,easy,0,yes,no
train_0786,train,bnp_030972_1,bnp_030972,reading_comprehension,has_context,easy,0,yes,no
train_0787,train,bnp_006598_0,bnp_006598,bcs,no_context,easy,1,yes,no
train_0788,train,bnp_028464_1,bnp_028464,reading_comprehension,has_context,easy,0,no,yes
train_0789,train,bnp_021766_1,bnp_021766,others,has_context,easy,0,no,yes
train_0790,train,bnp_024397_0,bnp_024397,history,has_context,hard,1,yes,no
train_0791,train,bnp_011521_0,bnp_011521,history,has_context,easy,1,no,yes
train_0792,train,bnp_014918_0,bnp_014918,grammar,has_context,hard,1,yes,no
train_0793,train,bnp_019693_0,bnp_019693,grammar,no_context,hard,1,yes,no
train_0794,train,bnp_018281_0,bnp_018281,reading_comprehension,has_context,easy,1,yes,no
train_0795,train,bnp_015997_0,bnp_015997,history,has_context,hard,1,yes,no
train_0796,train,bnp_013876_0,bnp_013876,grammar,has_context,hard,1,yes,no
train_0797,train,bnp_005862_1,bnp_005862,mathematics,no_context,easy,0,yes,no
train_0798,train,bnp_016181_0,bnp_016181,history,has_context,easy,1,yes,no
train_0799,train,bnp_022089_0,bnp_022089,reading_comprehension,has_context,easy,1,yes,no
train_0800,train,bnp_012433_1,bnp_012433,history,has_context,easy,0,yes,no
train_0801,train,bnp_031211_1,bnp_031211,literature,no_context,easy,0,yes,no
train_0802,train,bnp_014957_1,bnp_014957,history,has_context,easy,0,yes,no
train_0803,train,bnp_011130_0,bnp_011130,science,no_context,easy,1,yes,no
train_0804,train,bnp_027705_0,bnp_027705,reading_comprehension,has_context,easy,1,yes,no
train_0805,train,bnp_022867_1,bnp_022867,history,has_context,easy,0,yes,no
train_0806,train,bnp_001835_0,bnp_001835,reading_comprehension,has_context,easy,1,yes,no
train_0807,train,bnp_005616_0,bnp_005616,bcs,no_context,easy,1,yes,no
train_0808,train,bnp_007266_1,bnp_007266,reading_comprehension,has_context,hard,0,yes,no
train_0809,train,bnp_026630_0,bnp_026630,reading_comprehension,has_context,easy,1,yes,no
train_0810,train,bnp_000774_0,bnp_000774,history,has_context,hard,1,yes,no
train_0811,train,bnp_029589_1,bnp_029589,others,has_context,hard,0,yes,no
train_0812,train,bnp_025711_1,bnp_025711,idiom_meaning,no_context,easy,0,yes,no
train_0813,train,bnp_010160_1,bnp_010160,law,has_context,easy,0,yes,no
train_0814,train,bnp_013699_0,bnp_013699,antonym,no_context,easy,1,no,yes
train_0815,train,bnp_001758_0,bnp_001758,antonym,no_context,easy,1,yes,no
train_0816,train,bnp_000313_1,bnp_000313,reading_comprehension,has_context,easy,0,yes,no
train_0817,train,bnp_001859_0,bnp_001859,reading_comprehension,has_context,hard,1,yes,no
train_0818,train,bnp_007680_1,bnp_007680,others,has_context,hard,0,yes,no
train_0819,train,bnp_006216_0,bnp_006216,literature,no_context,easy,1,yes,no
train_0820,train,bnp_000750_0,bnp_000750,history,has_context,hard,1,yes,no
train_0821,train,bnp_012850_1,bnp_012850,reading_comprehension,has_context,easy,0,yes,no
train_0822,train,bnp_017727_1,bnp_017727,grammar,no_context,easy,0,yes,no
train_0823,train,bnp_001160_1,bnp_001160,history,has_context,easy,0,yes,no
train_0824,train,bnp_024383_1,bnp_024383,idiom_meaning,no_context,easy,0,yes,no
train_0825,train,bnp_030112_1,bnp_030112,idiom_meaning,no_context,easy,0,yes,no
train_0826,train,bnp_005231_0,bnp_005231,law,no_context,easy,1,yes,no
train_0827,train,bnp_029519_0,bnp_029519,literature,no_context,easy,1,no,yes
train_0828,train,bnp_012393_0,bnp_012393,grammar,no_context,easy,1,yes,no
train_0829,train,bnp_026202_1,bnp_026202,bcs,no_context,easy,0,yes,no
train_0830,train,bnp_009560_1,bnp_009560,synonym,no_context,easy,0,yes,no
train_0831,train,bnp_026876_1,bnp_026876,bcs,no_context,easy,0,yes,no
train_0832,train,bnp_010900_1,bnp_010900,grammar,no_context,hard,0,yes,no
train_0833,train,bnp_013617_0,bnp_013617,science,no_context,easy,1,yes,no
train_0834,train,bnp_015153_0,bnp_015153,idiom_meaning,no_context,easy,1,yes,no
train_0835,train,bnp_001269_1,bnp_001269,antonym,no_context,easy,0,yes,no
train_0836,train,bnp_026463_1,bnp_026463,reading_comprehension,has_context,hard,0,yes,no
train_0837,train,bnp_013356_0,bnp_013356,history,has_context,hard,1,yes,no
train_0838,train,bnp_000617_0,bnp_000617,history,has_context,easy,1,yes,no
train_0839,train,bnp_014153_0,bnp_014153,mathematics,no_context,easy,1,yes,no
train_0840,train,bnp_026418_1,bnp_026418,reading_comprehension,has_context,easy,0,yes,no
train_0841,train,bnp_015101_0,bnp_015101,reading_comprehension,has_context,easy,1,yes,no
train_0842,train,bnp_027048_1,bnp_027048,law,has_context,easy,0,yes,no
train_0843,train,bnp_027995_1,bnp_027995,reading_comprehension,has_context,hard,0,yes,no
train_0844,train,bnp_007151_0,bnp_007151,history,has_context,easy,1,yes,no
train_0845,train,bnp_022766_0,bnp_022766,history,has_context,hard,1,yes,no
train_0846,train,bnp_010515_0,bnp_010515,synonym,no_context,easy,1,yes,no
train_0847,train,bnp_019785_1,bnp_019785,history,has_context,hard,0,yes,no
train_0848,train,bnp_012734_0,bnp_012734,law,no_context,hard,1,yes,no
train_0849,train,bnp_014659_1,bnp_014659,reading_comprehension,has_context,easy,0,yes,no
train_0850,train,bnp_019970_0,bnp_019970,history,has_context,easy,1,yes,no
train_0851,train,bnp_023982_0,bnp_023982,law,has_context,easy,1,yes,no
train_0852,train,bnp_014644_0,bnp_014644,law,no_context,easy,1,yes,no
train_0853,train,bnp_010985_0,bnp_010985,history,has_context,easy,1,yes,no
train_0854,train,bnp_022118_0,bnp_022118,bcs,no_context,hard,1,yes,no
train_0855,train,bnp_011869_0,bnp_011869,reading_comprehension,has_context,easy,1,no,yes
train_0856,train,bnp_031731_0,bnp_031731,antonym,no_context,easy,1,yes,no
train_0857,train,bnp_029537_0,bnp_029537,literature,no_context,hard,1,yes,no
train_0858,train,bnp_000638_1,bnp_000638,bcs,no_context,hard,0,yes,no
train_0859,train,bnp_017598_1,bnp_017598,antonym,no_context,easy,0,yes,no
train_0860,train,bnp_027327_0,bnp_027327,law,no_context,hard,1,yes,no
train_0861,train,bnp_025764_0,bnp_025764,reading_comprehension,has_context,easy,1,yes,no
train_0862,train,bnp_031175_0,bnp_031175,history,has_context,easy,1,yes,no
train_0863,train,bnp_012053_0,bnp_012053,history,has_context,hard,1,yes,no
train_0864,train,bnp_027640_1,bnp_027640,grammar,has_context,hard,0,yes,no
train_0865,train,bnp_013388_0,bnp_013388,literature,no_context,easy,1,yes,no
train_0866,train,bnp_016143_1,bnp_016143,history,has_context,hard,0,yes,no
train_0867,train,bnp_019619_0,bnp_019619,law,has_context,easy,1,yes,no
train_0868,train,bnp_015524_1,bnp_015524,history,has_context,easy,0,yes,no
train_0869,train,bnp_031537_1,bnp_031537,science,no_context,easy,0,yes,no
train_0870,train,bnp_015733_0,bnp_015733,history,has_context,easy,1,yes,no
train_0871,train,bnp_009227_1,bnp_009227,mathematics,no_context,easy,0,yes,no
train_0872,train,bnp_016166_0,bnp_016166,reading_comprehension,has_context,hard,1,yes,no
train_0873,train,bnp_009729_1,bnp_009729,history,has_context,easy,0,yes,no
train_0874,train,bnp_010203_1,bnp_010203,history,has_context,easy,0,yes,no
train_0875,train,bnp_024659_0,bnp_024659,history,has_context,hard,1,no,yes
train_0876,train,bnp_009916_0,bnp_009916,history,has_context,hard,1,yes,no
train_0877,train,bnp_007313_0,bnp_007313,mathematics,no_context,easy,1,yes,no
train_0878,train,bnp_006861_0,bnp_006861,law,has_context,easy,1,yes,no
train_0879,train,bnp_028931_1,bnp_028931,history,has_context,hard,0,yes,no
train_0880,train,bnp_009394_1,bnp_009394,reading_comprehension,has_context,easy,0,yes,no
train_0881,train,bnp_007342_0,bnp_007342,grammar,no_context,hard,1,yes,no
train_0882,train,bnp_018426_0,bnp_018426,antonym,no_context,easy,1,yes,no
train_0883,train,bnp_017228_0,bnp_017228,literature,no_context,easy,1,yes,no
train_0884,train,bnp_006054_1,bnp_006054,reading_comprehension,has_context,easy,0,yes,no
train_0885,train,bnp_031131_0,bnp_031131,reading_comprehension,has_context,easy,1,yes,no
train_0886,train,bnp_012622_0,bnp_012622,reading_comprehension,has_context,easy,1,no,yes
train_0887,train,bnp_010560_0,bnp_010560,law,has_context,hard,1,yes,no
train_0888,train,bnp_022201_1,bnp_022201,antonym,no_context,easy,0,yes,no
train_0889,train,bnp_019716_1,bnp_019716,history,has_context,easy,0,yes,no
train_0890,train,bnp_022536_1,bnp_022536,law,has_context,hard,0,yes,no
train_0891,train,bnp_026389_0,bnp_026389,reading_comprehension,has_context,easy,1,yes,no
train_0892,train,bnp_026815_1,bnp_026815,history,has_context,easy,0,yes,no
train_0893,train,bnp_012298_0,bnp_012298,law,no_context,hard,1,yes,no
train_0894,train,bnp_015388_0,bnp_015388,history,has_context,hard,1,yes,no
train_0895,train,bnp_020877_0,bnp_020877,history,has_context,easy,1,yes,no
train_0896,train,bnp_014664_0,bnp_014664,reading_comprehension,has_context,easy,1,yes,no
train_0897,train,bnp_024609_1,bnp_024609,reading_comprehension,has_context,easy,0,yes,no
train_0898,train,bnp_016614_1,bnp_016614,reading_comprehension,has_context,easy,0,yes,no
train_0899,train,bnp_004830_0,bnp_004830,grammar,no_context,hard,1,yes,no
train_0900,train,bnp_003703_1,bnp_003703,science,no_context,easy,0,yes,no
train_0901,train,bnp_008317_0,bnp_008317,history,has_context,hard,1,yes,no
train_0902,train,bnp_027113_0,bnp_027113,bcs,no_context,easy,1,yes,no
train_0903,train,bnp_003945_0,bnp_003945,history,has_context,easy,1,yes,no
train_0904,train,bnp_025153_0,bnp_025153,reading_comprehension,has_context,easy,1,yes,no
train_0905,train,bnp_016638_1,bnp_016638,history,has_context,easy,0,no,yes
train_0906,train,bnp_016356_0,bnp_016356,law,has_context,hard,1,yes,no
train_0907,train,bnp_001507_1,bnp_001507,reading_comprehension,has_context,easy,0,yes,no
train_0908,train,bnp_012114_1,bnp_012114,history,has_context,easy,0,yes,no
train_0909,train,bnp_023914_0,bnp_023914,history,has_context,easy,1,yes,no
train_0910,train,bnp_009950_1,bnp_009950,reading_comprehension,has_context,easy,0,yes,no
train_0911,train,bnp_030451_0,bnp_030451,history,has_context,hard,1,yes,no
train_0912,train,bnp_026489_0,bnp_026489,law,has_context,hard,1,yes,no
train_0913,train,bnp_031356_0,bnp_031356,history,has_context,easy,1,yes,no
train_0914,train,bnp_028540_1,bnp_028540,history,has_context,hard,0,yes,no
train_0915,train,bnp_000078_1,bnp_000078,idiom_meaning,no_context,easy,0,yes,no
train_0916,train,bnp_019983_1,bnp_019983,mathematics,no_context,hard,0,yes,no
train_0917,train,bnp_024366_0,bnp_024366,bcs,no_context,easy,1,yes,no
train_0918,train,bnp_021210_1,bnp_021210,grammar,has_context,hard,0,yes,no
train_0919,train,bnp_012663_0,bnp_012663,reading_comprehension,has_context,hard,1,yes,no
train_0920,train,bnp_025017_1,bnp_025017,reading_comprehension,has_context,hard,0,yes,no
train_0921,train,bnp_030870_0,bnp_030870,reading_comprehension,has_context,easy,1,yes,no
train_0922,train,bnp_009210_1,bnp_009210,reading_comprehension,has_context,easy,0,yes,no
train_0923,train,bnp_021714_1,bnp_021714,science,no_context,easy,0,yes,no
train_0924,train,bnp_007725_0,bnp_007725,history,has_context,hard,1,yes,no
train_0925,train,bnp_026858_0,bnp_026858,literature,no_context,easy,1,yes,no
train_0926,train,bnp_030743_0,bnp_030743,literature,no_context,easy,1,yes,no
train_0927,train,bnp_020407_0,bnp_020407,literature,no_context,easy,1,yes,no
train_0928,train,bnp_008599_1,bnp_008599,vocabulary,no_context,easy,0,yes,no
train_0929,train,bnp_013652_0,bnp_013652,law,no_context,hard,1,yes,no
train_0930,train,bnp_010867_0,bnp_010867,others,has_context,easy,1,yes,no
train_0931,train,bnp_004750_1,bnp_004750,law,has_context,hard,0,yes,no
train_0932,train,bnp_004052_1,bnp_004052,grammar,no_context,hard,0,yes,no
train_0933,train,bnp_017358_0,bnp_017358,reading_comprehension,has_context,easy,1,yes,no
train_0934,train,bnp_018051_1,bnp_018051,history,has_context,easy,0,yes,no
train_0935,train,bnp_009483_0,bnp_009483,antonym,no_context,easy,1,no,yes
train_0936,train,bnp_026064_1,bnp_026064,idiom_meaning,no_context,easy,0,no,yes
train_0937,train,bnp_027398_1,bnp_027398,law,no_context,easy,0,yes,no
train_0938,train,bnp_001844_1,bnp_001844,idiom_meaning,no_context,easy,0,no,yes
train_0939,train,bnp_023575_1,bnp_023575,science,no_context,hard,0,yes,no
train_0940,train,bnp_020328_1,bnp_020328,mathematics,no_context,easy,0,yes,no
train_0941,train,bnp_022348_1,bnp_022348,history,has_context,hard,0,yes,no
train_0942,train,bnp_022074_0,bnp_022074,reading_comprehension,has_context,easy,1,yes,no
train_0943,train,bnp_031500_0,bnp_031500,others,has_context,easy,1,yes,no
train_0944,train,bnp_004573_1,bnp_004573,reading_comprehension,has_context,easy,0,no,yes
train_0945,train,bnp_020434_1,bnp_020434,law,has_context,hard,0,yes,no
train_0946,train,bnp_003304_1,bnp_003304,grammar,no_context,hard,0,no,yes
train_0947,train,bnp_019092_0,bnp_019092,antonym,no_context,easy,1,yes,no
train_0948,train,bnp_005898_1,bnp_005898,grammar,has_context,hard,0,yes,no
train_0949,train,bnp_007299_0,bnp_007299,history,has_context,easy,1,yes,no
train_0950,train,bnp_009312_1,bnp_009312,reading_comprehension,has_context,easy,0,no,yes
train_0951,train,bnp_021201_1,bnp_021201,antonym,no_context,easy,0,yes,no
train_0952,train,bnp_029272_1,bnp_029272,bcs,no_context,easy,0,yes,no
train_0953,train,bnp_019742_1,bnp_019742,reading_comprehension,has_context,hard,0,yes,no
train_0954,train,bnp_005905_0,bnp_005905,grammar,no_context,hard,1,yes,no
train_0955,train,bnp_000513_1,bnp_000513,idiom_meaning,no_context,easy,0,yes,no
train_0956,train,bnp_025793_1,bnp_025793,others,has_context,easy,0,yes,no
train_0957,train,bnp_025364_1,bnp_025364,vocabulary,no_context,easy,0,yes,no
train_0958,train,bnp_003861_0,bnp_003861,science,no_context,easy,1,yes,no
train_0959,train,bnp_010488_1,bnp_010488,reading_comprehension,has_context,hard,0,yes,no
train_0960,train,bnp_013069_1,bnp_013069,grammar,no_context,easy,0,yes,no
train_0961,train,bnp_017332_1,bnp_017332,mathematics,no_context,easy,0,no,yes
train_0962,train,bnp_007582_0,bnp_007582,mathematics,no_context,easy,1,yes,no
train_0963,train,bnp_017481_0,bnp_017481,bcs,no_context,easy,1,yes,no
train_0964,train,bnp_031340_0,bnp_031340,reading_comprehension,has_context,easy,1,yes,no
train_0965,train,bnp_019490_0,bnp_019490,law,has_context,easy,1,yes,no
train_0966,train,bnp_030103_0,bnp_030103,reading_comprehension,has_context,easy,1,yes,no
train_0967,train,bnp_003574_1,bnp_003574,antonym,no_context,easy,0,no,yes
train_0968,train,bnp_031551_1,bnp_031551,grammar,has_context,hard,0,yes,no
train_0969,train,bnp_018277_1,bnp_018277,history,has_context,easy,0,yes,no
train_0970,train,bnp_006976_1,bnp_006976,history,has_context,hard,0,yes,no
train_0971,train,bnp_031366_1,bnp_031366,reading_comprehension,has_context,hard,0,yes,no
train_0972,train,bnp_001216_1,bnp_001216,bcs,no_context,hard,0,yes,no
train_0973,train,bnp_006357_0,bnp_006357,science,no_context,hard,1,no,yes
train_0974,train,bnp_021370_1,bnp_021370,reading_comprehension,has_context,hard,0,yes,no
train_0975,train,bnp_017948_1,bnp_017948,reading_comprehension,has_context,easy,0,yes,no
train_0976,train,bnp_026852_0,bnp_026852,idiom_meaning,no_context,easy,1,yes,no
train_0977,train,bnp_028516_1,bnp_028516,grammar,no_context,hard,0,yes,no
train_0978,train,bnp_026844_0,bnp_026844,literature,no_context,easy,1,yes,no
train_0979,train,bnp_031676_1,bnp_031676,history,has_context,hard,0,yes,no
train_0980,train,bnp_014890_0,bnp_014890,reading_comprehension,has_context,easy,1,yes,no
train_0981,train,bnp_021096_0,bnp_021096,grammar,has_context,hard,1,no,yes
train_0982,train,bnp_003834_1,bnp_003834,reading_comprehension,has_context,easy,0,yes,no
train_0983,train,bnp_030447_1,bnp_030447,reading_comprehension,has_context,easy,0,yes,no
train_0984,train,bnp_002112_1,bnp_002112,law,has_context,easy,0,yes,no
train_0985,train,bnp_008664_1,bnp_008664,reading_comprehension,has_context,easy,0,yes,no
train_0986,train,bnp_014067_0,bnp_014067,grammar,has_context,hard,1,yes,no
train_0987,train,bnp_022584_1,bnp_022584,reading_comprehension,has_context,easy,0,yes,no
train_0988,train,bnp_000190_0,bnp_000190,reading_comprehension,has_context,easy,1,yes,no
train_0989,train,bnp_029792_1,bnp_029792,idiom_meaning,no_context,easy,0,yes,no
train_0990,train,bnp_015796_0,bnp_015796,reading_comprehension,has_context,easy,1,yes,no
train_0991,train,bnp_016477_1,bnp_016477,synonym,no_context,easy,0,yes,no
train_0992,train,bnp_019940_0,bnp_019940,others,has_context,hard,1,yes,no
train_0993,train,bnp_027620_0,bnp_027620,others,has_context,easy,1,yes,no
train_0994,train,bnp_024502_0,bnp_024502,history,has_context,easy,1,yes,no
train_0995,train,bnp_024855_1,bnp_024855,literature,no_context,easy,0,yes,no
train_0996,train,bnp_003707_1,bnp_003707,reading_comprehension,has_context,easy,0,yes,no
train_0997,train,bnp_027460_1,bnp_027460,mathematics,no_context,easy,0,no,yes
train_0998,train,bnp_030754_0,bnp_030754,reading_comprehension,has_context,easy,1,yes,no
train_0999,train,bnp_019276_0,bnp_019276,others,has_context,easy,1,yes,no
train_1000,train,bnp_003179_0,bnp_003179,vocabulary,no_context,easy,1,yes,no
train_1001,train,bnp_020320_0,bnp_020320,literature,no_context,easy,1,yes,no
train_1002,train,bnp_028217_1,bnp_028217,history,has_context,easy,0,yes,no
train_1003,train,bnp_009748_0,bnp_009748,mathematics,no_context,hard,1,yes,no
train_1004,train,bnp_019527_0,bnp_019527,science,no_context,hard,1,yes,no
train_1005,train,bnp_028681_0,bnp_028681,mathematics,no_context,easy,1,yes,no
train_1006,train,bnp_000226_0,bnp_000226,idiom_meaning,no_context,easy,1,no,yes
train_1007,train,bnp_030261_1,bnp_030261,reading_comprehension,has_context,hard,0,yes,no
train_1008,train,bnp_003827_0,bnp_003827,reading_comprehension,has_context,hard,1,yes,no
train_1009,train,bnp_013566_0,bnp_013566,history,has_context,easy,1,yes,no
train_1010,train,bnp_029934_1,bnp_029934,reading_comprehension,has_context,easy,0,yes,no
train_1011,train,bnp_002716_0,bnp_002716,law,has_context,easy,1,yes,no
train_1012,train,bnp_028631_1,bnp_028631,grammar,no_context,hard,0,yes,no
train_1013,train,bnp_017073_1,bnp_017073,reading_comprehension,has_context,easy,0,yes,no
train_1014,train,bnp_011619_0,bnp_011619,reading_comprehension,has_context,easy,1,yes,no
train_1015,train,bnp_006404_0,bnp_006404,history,has_context,easy,1,no,yes
train_1016,train,bnp_010778_1,bnp_010778,mathematics,no_context,easy,0,yes,no
train_1017,train,bnp_001684_1,bnp_001684,law,no_context,hard,0,yes,no
train_1018,train,bnp_003893_1,bnp_003893,mathematics,no_context,easy,0,yes,no
train_1019,train,bnp_001511_1,bnp_001511,history,has_context,hard,0,yes,no
train_1020,train,bnp_026961_1,bnp_026961,mathematics,no_context,easy,0,yes,no
train_1021,train,bnp_030224_1,bnp_030224,reading_comprehension,has_context,easy,0,yes,no
train_1022,train,bnp_028877_1,bnp_028877,antonym,no_context,easy,0,no,yes
train_1023,train,bnp_009996_0,bnp_009996,reading_comprehension,has_context,easy,1,yes,no
train_1024,train,bnp_020522_1,bnp_020522,history,has_context,hard,0,yes,no
train_1025,train,bnp_004506_1,bnp_004506,mathematics,no_context,easy,0,yes,no
train_1026,train,bnp_008068_1,bnp_008068,history,has_context,hard,0,no,yes
train_1027,train,bnp_000406_0,bnp_000406,literature,no_context,easy,1,yes,no
train_1028,train,bnp_007236_1,bnp_007236,science,no_context,easy,0,yes,no
train_1029,train,bnp_017083_1,bnp_017083,history,has_context,easy,0,yes,no
train_1030,train,bnp_020772_1,bnp_020772,history,has_context,hard,0,yes,no
train_1031,train,bnp_021277_0,bnp_021277,antonym,no_context,easy,1,yes,no
train_1032,train,bnp_012596_1,bnp_012596,reading_comprehension,has_context,hard,0,yes,no
train_1033,train,bnp_015005_1,bnp_015005,law,has_context,easy,0,yes,no
train_1034,train,bnp_005251_1,bnp_005251,history,has_context,hard,0,yes,no
train_1035,train,bnp_023233_1,bnp_023233,history,has_context,hard,0,yes,no
train_1036,train,bnp_004958_1,bnp_004958,reading_comprehension,has_context,hard,0,yes,no
train_1037,train,bnp_011737_1,bnp_011737,history,no_context,easy,0,yes,no
train_1038,train,bnp_004823_0,bnp_004823,grammar,no_context,hard,1,yes,no
train_1039,train,bnp_012617_0,bnp_012617,reading_comprehension,has_context,easy,1,yes,no
train_1040,train,bnp_002302_1,bnp_002302,law,has_context,easy,0,yes,no
train_1041,train,bnp_012259_0,bnp_012259,history,has_context,easy,1,yes,no
train_1042,train,bnp_025407_0,bnp_025407,history,has_context,hard,1,yes,no
train_1043,train,bnp_024548_0,bnp_024548,idiom_meaning,no_context,easy,1,yes,no
train_1044,train,bnp_010986_0,bnp_010986,history,has_context,easy,1,yes,no
train_1045,train,bnp_018873_1,bnp_018873,bcs,no_context,easy,0,no,yes
train_1046,train,bnp_018989_1,bnp_018989,science,no_context,easy,0,yes,no
train_1047,train,bnp_006133_0,bnp_006133,history,has_context,easy,1,yes,no
train_1048,train,bnp_011300_1,bnp_011300,history,has_context,easy,0,yes,no
train_1049,train,bnp_004100_1,bnp_004100,law,has_context,easy,0,no,yes
train_1050,train,bnp_010016_1,bnp_010016,history,has_context,easy,0,yes,no
train_1051,train,bnp_019594_0,bnp_019594,reading_comprehension,has_context,easy,1,yes,no
train_1052,train,bnp_020918_1,bnp_020918,idiom_meaning,no_context,easy,0,yes,no
train_1053,train,bnp_016479_0,bnp_016479,grammar,has_context,hard,1,no,yes
train_1054,train,bnp_015197_1,bnp_015197,grammar,has_context,hard,0,yes,no
train_1055,train,bnp_005539_1,bnp_005539,idiom_meaning,no_context,easy,0,yes,no
train_1056,train,bnp_026196_0,bnp_026196,others,has_context,hard,1,yes,no
train_1057,train,bnp_023686_1,bnp_023686,grammar,no_context,easy,0,no,yes
train_1058,train,bnp_023494_1,bnp_023494,literature,no_context,easy,0,no,yes
train_1059,train,bnp_011212_1,bnp_011212,reading_comprehension,has_context,easy,0,yes,no
train_1060,train,bnp_021236_1,bnp_021236,grammar,has_context,hard,0,yes,no
train_1061,train,bnp_005556_0,bnp_005556,others,has_context,easy,1,yes,no
train_1062,train,bnp_026093_0,bnp_026093,history,has_context,hard,1,yes,no
train_1063,train,bnp_024591_1,bnp_024591,history,no_context,hard,0,yes,no
train_1064,train,bnp_016582_0,bnp_016582,history,has_context,easy,1,yes,no
train_1065,train,bnp_023663_0,bnp_023663,antonym,no_context,easy,1,yes,no
train_1066,train,bnp_022925_0,bnp_022925,history,has_context,easy,1,yes,no
train_1067,train,bnp_017294_0,bnp_017294,reading_comprehension,has_context,easy,1,yes,no
train_1068,train,bnp_029328_0,bnp_029328,bcs,no_context,hard,1,yes,no
train_1069,train,bnp_017919_0,bnp_017919,history,has_context,hard,1,yes,no
train_1070,train,bnp_019376_0,bnp_019376,history,has_context,easy,1,no,yes
train_1071,train,bnp_024320_1,bnp_024320,history,has_context,easy,0,yes,no
train_1072,train,bnp_002751_0,bnp_002751,literature,no_context,easy,1,yes,no
train_1073,train,bnp_015236_0,bnp_015236,bcs,no_context,easy,1,yes,no
train_1074,train,bnp_026738_1,bnp_026738,reading_comprehension,has_context,easy,0,yes,no
train_1075,train,bnp_020277_1,bnp_020277,history,has_context,easy,0,yes,no
train_1076,train,bnp_022567_1,bnp_022567,history,has_context,hard,0,yes,no
train_1077,train,bnp_017327_0,bnp_017327,grammar,has_context,hard,1,yes,no
train_1078,train,bnp_031248_0,bnp_031248,history,has_context,easy,1,yes,no
train_1079,train,bnp_000391_0,bnp_000391,antonym,no_context,easy,1,yes,no
train_1080,train,bnp_006785_0,bnp_006785,history,has_context,easy,1,yes,no
train_1081,train,bnp_004730_0,bnp_004730,literature,no_context,hard,1,yes,no
train_1082,train,bnp_007177_1,bnp_007177,bcs,no_context,easy,0,yes,no
train_1083,train,bnp_027880_0,bnp_027880,law,has_context,easy,1,yes,no
train_1084,train,bnp_031267_0,bnp_031267,literature,no_context,hard,1,yes,no
train_1085,train,bnp_009344_0,bnp_009344,synonym,no_context,easy,1,yes,no
train_1086,train,bnp_024848_1,bnp_024848,reading_comprehension,has_context,easy,0,yes,no
train_1087,train,bnp_000208_0,bnp_000208,synonym,no_context,easy,1,no,yes
train_1088,train,bnp_031972_0,bnp_031972,science,no_context,easy,1,yes,no
train_1089,train,bnp_016372_1,bnp_016372,idiom_meaning,no_context,easy,0,yes,no
train_1090,train,bnp_001226_1,bnp_001226,law,no_context,easy,0,yes,no
train_1091,train,bnp_024509_0,bnp_024509,grammar,has_context,hard,1,yes,no
train_1092,train,bnp_007532_1,bnp_007532,history,no_context,hard,0,yes,no
train_1093,train,bnp_031864_1,bnp_031864,literature,no_context,hard,0,yes,no
train_1094,train,bnp_027836_0,bnp_027836,vocabulary,no_context,easy,1,yes,no
train_1095,train,bnp_010309_1,bnp_010309,history,has_context,hard,0,yes,no
train_1096,train,bnp_025125_0,bnp_025125,others,has_context,easy,1,yes,no
train_1097,train,bnp_030037_0,bnp_030037,antonym,no_context,easy,1,yes,no
train_1098,train,bnp_006871_0,bnp_006871,vocabulary,no_context,easy,1,yes,no
train_1099,train,bnp_014389_0,bnp_014389,others,has_context,hard,1,yes,no
train_1100,train,bnp_025212_1,bnp_025212,mathematics,no_context,hard,0,yes,no
train_1101,train,bnp_018265_0,bnp_018265,reading_comprehension,has_context,easy,1,no,yes
train_1102,train,bnp_029380_0,bnp_029380,bcs,no_context,hard,1,yes,no
train_1103,train,bnp_008336_0,bnp_008336,mathematics,no_context,easy,1,yes,no
train_1104,train,bnp_026667_0,bnp_026667,science,no_context,easy,1,yes,no
train_1105,train,bnp_015850_1,bnp_015850,history,has_context,easy,0,yes,no
train_1106,train,bnp_016534_1,bnp_016534,history,has_context,easy,0,yes,no
train_1107,train,bnp_009169_1,bnp_009169,reading_comprehension,has_context,easy,0,no,yes
train_1108,train,bnp_017094_0,bnp_017094,others,has_context,easy,1,yes,no
train_1109,train,bnp_030968_0,bnp_030968,antonym,no_context,easy,1,yes,no
train_1110,train,bnp_003360_1,bnp_003360,grammar,no_context,easy,0,yes,no
train_1111,train,bnp_030307_1,bnp_030307,reading_comprehension,has_context,easy,0,yes,no
train_1112,train,bnp_005643_0,bnp_005643,grammar,has_context,hard,1,yes,no
train_1113,train,bnp_021366_1,bnp_021366,reading_comprehension,has_context,hard,0,yes,no
train_1114,train,bnp_006520_1,bnp_006520,others,has_context,hard,0,yes,no
train_1115,train,bnp_016899_1,bnp_016899,history,has_context,easy,0,yes,no
train_1116,train,bnp_001108_1,bnp_001108,history,has_context,easy,0,no,yes
train_1117,train,bnp_020421_1,bnp_020421,reading_comprehension,has_context,easy,0,yes,no
train_1118,train,bnp_022621_0,bnp_022621,reading_comprehension,has_context,easy,1,yes,no
train_1119,train,bnp_007105_1,bnp_007105,history,has_context,hard,0,no,yes
train_1120,train,bnp_003712_1,bnp_003712,reading_comprehension,has_context,easy,0,yes,no
train_1121,train,bnp_024413_0,bnp_024413,history,has_context,easy,1,yes,no
train_1122,train,bnp_007176_0,bnp_007176,idiom_meaning,no_context,easy,1,yes,no
train_1123,train,bnp_022888_0,bnp_022888,history,has_context,hard,1,no,yes
train_1124,train,bnp_024678_1,bnp_024678,others,has_context,easy,0,no,yes
train_1125,train,bnp_003975_0,bnp_003975,reading_comprehension,has_context,hard,1,no,yes
train_1126,train,bnp_031069_1,bnp_031069,reading_comprehension,has_context,easy,0,yes,no
train_1127,train,bnp_000802_1,bnp_000802,history,has_context,hard,0,yes,no
train_1128,train,bnp_007437_1,bnp_007437,reading_comprehension,has_context,easy,0,yes,no
train_1129,train,bnp_006211_1,bnp_006211,grammar,has_context,hard,0,yes,no
train_1130,train,bnp_013705_1,bnp_013705,vocabulary,no_context,easy,0,yes,no
train_1131,train,bnp_000953_0,bnp_000953,idiom_meaning,no_context,easy,1,yes,no
train_1132,train,bnp_030184_1,bnp_030184,law,no_context,easy,0,yes,no
train_1133,train,bnp_004591_0,bnp_004591,reading_comprehension,has_context,easy,1,yes,no
train_1134,train,bnp_003447_1,bnp_003447,science,no_context,easy,0,yes,no
train_1135,train,bnp_029622_0,bnp_029622,history,has_context,easy,1,yes,no
train_1136,train,bnp_006983_0,bnp_006983,history,has_context,easy,1,yes,no
train_1137,train,bnp_018271_0,bnp_018271,history,has_context,hard,1,yes,no
train_1138,train,bnp_015596_1,bnp_015596,grammar,has_context,hard,0,yes,no
train_1139,train,bnp_011208_0,bnp_011208,reading_comprehension,has_context,hard,1,no,yes
train_1140,train,bnp_015879_0,bnp_015879,reading_comprehension,has_context,easy,1,yes,no
train_1141,train,bnp_013321_1,bnp_013321,bcs,no_context,hard,0,yes,no
train_1142,train,bnp_023794_1,bnp_023794,reading_comprehension,has_context,easy,0,yes,no
train_1143,train,bnp_000392_1,bnp_000392,history,has_context,hard,0,yes,no
train_1144,train,bnp_010995_1,bnp_010995,history,has_context,hard,0,no,yes
train_1145,train,bnp_008287_1,bnp_008287,history,has_context,hard,0,yes,no
train_1146,train,bnp_000117_0,bnp_000117,law,has_context,easy,1,yes,no
train_1147,train,bnp_009587_1,bnp_009587,reading_comprehension,has_context,easy,0,no,yes
train_1148,train,bnp_010427_0,bnp_010427,bcs,no_context,easy,1,yes,no
train_1149,train,bnp_014110_0,bnp_014110,law,has_context,easy,1,yes,no
train_1150,train,bnp_020765_1,bnp_020765,science,no_context,easy,0,yes,no
train_1151,train,bnp_020319_1,bnp_020319,law,no_context,hard,0,yes,no
train_1152,train,bnp_029541_0,bnp_029541,history,has_context,easy,1,yes,no
train_1153,train,bnp_026719_0,bnp_026719,bcs,no_context,easy,1,yes,no
train_1154,train,bnp_022636_1,bnp_022636,science,no_context,easy,0,yes,no
train_1155,train,bnp_008478_1,bnp_008478,idiom_meaning,no_context,easy,0,yes,no
train_1156,train,bnp_029134_1,bnp_029134,grammar,has_context,hard,0,yes,no
train_1157,train,bnp_026761_1,bnp_026761,synonym,no_context,easy,0,yes,no
train_1158,train,bnp_025913_1,bnp_025913,history,has_context,easy,0,yes,no
train_1159,train,bnp_020504_0,bnp_020504,reading_comprehension,has_context,easy,1,yes,no
train_1160,train,bnp_009767_0,bnp_009767,others,has_context,hard,1,no,yes
train_1161,train,bnp_031441_0,bnp_031441,history,has_context,hard,1,yes,no
train_1162,train,bnp_002280_0,bnp_002280,reading_comprehension,has_context,easy,1,yes,no
train_1163,train,bnp_015176_1,bnp_015176,bcs,no_context,hard,0,yes,no
train_1164,train,bnp_006812_1,bnp_006812,history,has_context,hard,0,yes,no
train_1165,train,bnp_014307_0,bnp_014307,history,has_context,easy,1,yes,no
train_1166,train,bnp_008503_0,bnp_008503,history,has_context,easy,1,yes,no
train_1167,train,bnp_000914_1,bnp_000914,law,has_context,easy,0,yes,no
train_1168,train,bnp_026434_0,bnp_026434,history,has_context,hard,1,yes,no
train_1169,train,bnp_027294_1,bnp_027294,reading_comprehension,has_context,easy,0,yes,no
train_1170,train,bnp_021789_0,bnp_021789,reading_comprehension,has_context,easy,1,yes,no
train_1171,train,bnp_025141_1,bnp_025141,idiom_meaning,no_context,easy,0,yes,no
train_1172,train,bnp_003729_1,bnp_003729,grammar,has_context,hard,0,yes,no
train_1173,train,bnp_022605_1,bnp_022605,antonym,no_context,easy,0,yes,no
train_1174,train,bnp_006190_1,bnp_006190,science,no_context,easy,0,yes,no
train_1175,train,bnp_023612_0,bnp_023612,reading_comprehension,has_context,easy,1,yes,no
train_1176,train,bnp_019073_0,bnp_019073,idiom_meaning,no_context,easy,1,yes,no
train_1177,train,bnp_018003_0,bnp_018003,history,has_context,easy,1,yes,no
train_1178,train,bnp_030416_0,bnp_030416,grammar,no_context,hard,1,yes,no
train_1179,train,bnp_031141_1,bnp_031141,grammar,no_context,hard,0,yes,no
train_1180,train,bnp_009828_1,bnp_009828,history,has_context,hard,0,yes,no
train_1181,train,bnp_006707_0,bnp_006707,science,no_context,easy,1,yes,no
train_1182,train,bnp_002148_0,bnp_002148,reading_comprehension,has_context,easy,1,yes,no
train_1183,train,bnp_008014_1,bnp_008014,history,has_context,easy,0,yes,no
train_1184,train,bnp_027671_0,bnp_027671,reading_comprehension,has_context,easy,1,yes,no
train_1185,train,bnp_010172_1,bnp_010172,history,has_context,easy,0,yes,no
train_1186,train,bnp_024829_1,bnp_024829,synonym,no_context,easy,0,yes,no
train_1187,train,bnp_015797_1,bnp_015797,bcs,no_context,easy,0,yes,no
train_1188,train,bnp_017824_0,bnp_017824,bcs,no_context,easy,1,yes,no
train_1189,train,bnp_028655_1,bnp_028655,history,has_context,hard,0,yes,no
train_1190,train,bnp_004032_0,bnp_004032,reading_comprehension,has_context,easy,1,yes,no
train_1191,train,bnp_005314_1,bnp_005314,reading_comprehension,has_context,easy,0,yes,no
train_1192,train,bnp_023439_1,bnp_023439,antonym,no_context,easy,0,yes,no
train_1193,train,bnp_009830_0,bnp_009830,reading_comprehension,has_context,easy,1,yes,no
train_1194,train,bnp_009775_1,bnp_009775,history,has_context,easy,0,yes,no
train_1195,train,bnp_002051_0,bnp_002051,reading_comprehension,has_context,easy,1,yes,no
train_1196,train,bnp_006235_0,bnp_006235,reading_comprehension,has_context,hard,1,yes,no
train_1197,train,bnp_030097_1,bnp_030097,history,has_context,easy,0,yes,no
train_1198,train,bnp_005711_0,bnp_005711,reading_comprehension,has_context,hard,1,yes,no
train_1199,train,bnp_004675_1,bnp_004675,literature,no_context,easy,0,yes,no
train_1200,train,bnp_019980_0,bnp_019980,grammar,no_context,hard,1,no,yes
train_1201,train,bnp_010583_1,bnp_010583,history,has_context,easy,0,no,yes
train_1202,train,bnp_014423_0,bnp_014423,antonym,no_context,easy,1,yes,no
train_1203,train,bnp_012100_0,bnp_012100,bcs,no_context,easy,1,yes,no
train_1204,train,bnp_019287_0,bnp_019287,law,has_context,easy,1,yes,no
train_1205,train,bnp_027473_0,bnp_027473,law,has_context,easy,1,yes,no
train_1206,train,bnp_018694_1,bnp_018694,reading_comprehension,has_context,easy,0,yes,no
train_1207,train,bnp_018570_0,bnp_018570,idiom_meaning,no_context,easy,1,yes,no
train_1208,train,bnp_017399_1,bnp_017399,literature,no_context,easy,0,yes,no
train_1209,train,bnp_006817_1,bnp_006817,history,has_context,easy,0,yes,no
train_1210,train,bnp_029251_1,bnp_029251,mathematics,no_context,easy,0,yes,no
train_1211,train,bnp_000535_1,bnp_000535,reading_comprehension,has_context,hard,0,yes,no
train_1212,train,bnp_005298_0,bnp_005298,history,has_context,easy,1,yes,no
train_1213,train,bnp_005866_0,bnp_005866,reading_comprehension,has_context,hard,1,yes,no
train_1214,train,bnp_031303_0,bnp_031303,reading_comprehension,has_context,easy,1,yes,no
train_1215,train,bnp_017489_0,bnp_017489,grammar,no_context,hard,1,yes,no
train_1216,train,bnp_031242_0,bnp_031242,grammar,no_context,hard,1,yes,no
train_1217,train,bnp_025766_0,bnp_025766,reading_comprehension,has_context,easy,1,yes,no
train_1218,train,bnp_012776_0,bnp_012776,idiom_meaning,no_context,easy,1,yes,no
train_1219,train,bnp_009623_0,bnp_009623,science,no_context,easy,1,yes,no
train_1220,train,bnp_022455_1,bnp_022455,history,has_context,hard,0,no,yes
train_1221,train,bnp_005523_1,bnp_005523,grammar,has_context,hard,0,yes,no
train_1222,train,bnp_014738_1,bnp_014738,grammar,has_context,hard,0,yes,no
train_1223,train,bnp_024682_0,bnp_024682,grammar,has_context,hard,1,yes,no
train_1224,train,bnp_015033_0,bnp_015033,grammar,no_context,easy,1,yes,no
train_1225,train,bnp_010665_1,bnp_010665,law,no_context,easy,0,yes,no
train_1226,train,bnp_017001_0,bnp_017001,history,has_context,easy,1,yes,no
train_1227,train,bnp_002724_0,bnp_002724,reading_comprehension,has_context,easy,1,yes,no
train_1228,train,bnp_000021_1,bnp_000021,law,has_context,easy,0,yes,no
train_1229,train,bnp_001968_1,bnp_001968,reading_comprehension,has_context,hard,0,no,yes
train_1230,train,bnp_009500_1,bnp_009500,reading_comprehension,has_context,easy,0,yes,no
train_1231,train,bnp_002347_0,bnp_002347,history,has_context,easy,1,yes,no
train_1232,train,bnp_016760_0,bnp_016760,bcs,no_context,easy,1,yes,no
train_1233,train,bnp_012599_0,bnp_012599,idiom_meaning,no_context,easy,1,yes,no
train_1234,train,bnp_021781_1,bnp_021781,reading_comprehension,has_context,easy,0,yes,no
train_1235,train,bnp_018157_1,bnp_018157,reading_comprehension,has_context,easy,0,no,yes
train_1236,train,bnp_014826_1,bnp_014826,literature,no_context,easy,0,yes,no
train_1237,train,bnp_018960_0,bnp_018960,history,has_context,hard,1,yes,no
train_1238,train,bnp_013885_0,bnp_013885,bcs,no_context,easy,1,yes,no
train_1239,train,bnp_005807_0,bnp_005807,reading_comprehension,has_context,easy,1,yes,no
train_1240,train,bnp_015956_0,bnp_015956,mathematics,no_context,easy,1,no,yes
train_1241,train,bnp_002722_1,bnp_002722,science,no_context,easy,0,yes,no
train_1242,train,bnp_022186_0,bnp_022186,history,has_context,easy,1,yes,no
train_1243,train,bnp_026721_0,bnp_026721,others,has_context,hard,1,yes,no
train_1244,train,bnp_003543_0,bnp_003543,mathematics,no_context,easy,1,yes,no
train_1245,train,bnp_024928_0,bnp_024928,history,has_context,easy,1,yes,no
train_1246,train,bnp_022142_0,bnp_022142,history,has_context,easy,1,yes,no
train_1247,train,bnp_017591_1,bnp_017591,history,has_context,hard,0,yes,no
train_1248,train,bnp_011252_1,bnp_011252,reading_comprehension,has_context,easy,0,yes,no
train_1249,train,bnp_011773_1,bnp_011773,history,has_context,hard,0,yes,no
train_1250,train,bnp_016028_1,bnp_016028,reading_comprehension,has_context,easy,0,yes,no
train_1251,train,bnp_027301_0,bnp_027301,idiom_meaning,no_context,easy,1,yes,no
train_1252,train,bnp_021227_0,bnp_021227,grammar,has_context,hard,1,yes,no
