item_id,split,condition,subject,reason,corpus_label,votes,allowed_types,context,question,answer,your_decision,adjudicator_notes
dev_0145,dev,has_context,reading_comprehension,"human says correct, corpus says wrong",wrong,annotator=correct/none,contradiction | entity | numeric | relational,"এস্টার বানফি (জন্ম ১৯৫৭) একজন হাঙ্গেরীয় প্রাগৈতিহাসিকবিদ, প্রত্নতাত্ত্বিক এবং শিক্ষাবিদ। ২০১৩ সাল থেকে তিনি জার্মান প্রত্নতাত্ত্বিক ইনস্টিটিউটে রোমানো-জার্মানিক কমিশনের পরিচালক হিসেবে দায়িত্ব পালন করছেন। তিনি হাঙ্গেরীয় একাডেমি অফ সায়েন্সেস-এর প্রত্নতাত্ত্বিক ইনস্টিটিউটের একজন অধ্যাপক।",এস্টার বানফি কবে জন্মগ্রহণ করেন?,১৯৫৭,,
dev_0151,dev,has_context,history,"human says correct, corpus says wrong",wrong,annotator=correct/none,contradiction | entity | numeric | relational,"সর্বশেষ বিশ্বকাপ অনুষ্ঠিত হয়েছে রাশিয়ায়, ২০১৮ সালের ১৪ জুন থেকে ১৫ জুলাই পর্যন্ত। এই বিশ্বকাপে ফ্রান্স ক্রোয়েশিয়াকে ফাইনালে ৪-২ গোলে পরাজিত করে শিরোপা জিতে নেয়।",সর্বশেষ ফিফা বিশ্বকাপ আন্তর্জাতিক ফুটবল প্রতিযোগিতা কত সালে অনুষ্ঠিত হয়েছিল ?,২০১৮,,
dev_0285,dev,has_context,history,marked unsure or unreadable,wrong,annotator=unsure/none,contradiction | entity | numeric | relational,পাকিস্তানে প্রথম ক্যাডেট কলেজ প্রতিষ্ঠিত হয় ১৯৫৪ সালে। পাঞ্জাবের অ্যাটক জেলার হাসান আবদালে অবস্থিত এই কলেজটি 'পাঞ্জাব ক্যাডেট কলেজ' (বর্তমানে ক্যাডেট কলেজ হাসান আবদাল) নামে পরিচিত। পরবর্তীতে ১৯৫৮ সালের ২৮ এপ্রিল তৎকালীন পূর্ব পাকিস্তানে (বর্তমান বাংলাদেশে) প্রথম ক্যাডেট কলেজ হিসেবে ফৌজদারহাট ক্যাডেট কলেজ প্রতিষ্ঠিত হয়।,ক্যাডেট কলেজ হাসান আবদাল আসলে কোন প্রদেশ সরকার প্রতিষ্ঠা করে?,পাঞ্জাব সরখার,,
dev_0313,dev,has_context,reading_comprehension,marked unsure or unreadable,wrong,annotator=unsure/none,contradiction | entity | numeric | relational,"অভিষেক বন্দ্যোপাধ্যায় দ্বারা নিম্নলিখিত ব্যক্তিবর্গ উল্লেখিত হতে পারেন: অভিষেক বন্দ্যোপাধ্যায় (জন্ম ১৯৮৭), সর্বভারতীয় তৃণমূল কংগ্রেসের রাজনীতিবিদ অভিষেক বন্দ্যোপাধ্যায় (অভিনেতা) (জন্ম ১৯৮৮), ভারতীয় অভিনেতা এবং কাস্টিং ডিরেক্টর অভিষেক বন্দ্যোপাধ্যায় (ক্রিকেটার) (জন্ম ১৯৮৪), ভারতীয় ক্রিকেটার",অভিষেক বন্দ্যোপাধ্যায় (দ্ব্যর্থতা নিরসন) কবে জন্মগ্রহণ করেন?,১৯৮৭,,
dev_0393,dev,no_context,synonym,marked unsure or unreadable,wrong,annotator=unsure/none,fabricated | overclaim,,“বহি” শব্দের সমার্থক শব্দ কোনটি?,চোখ,,
dev_0403,dev,has_context,history,marked unsure or unreadable,wrong,annotator=unsure/none,contradiction | entity | numeric | relational,আহসান মঞ্জিল পুরান ঢাকার ইসলামপুরের কুমারটুলী এলাকায় বুড়িগঙ্গা নদীর তীরে অবস্থিত। এটি পূর্বে ছিল ঢাকার নবাবদের আবাসিক প্রাসাদ ও জমিদারীর সদর কাচারি। বর্তমানে এটি জাদুঘর হিসাবে ব্যবহৃত হচ্ছে। এর প্রতিষ্ঠাতা নওয়াব আবদুল গনি। তিনি তার পুত্র খাজা আহসানুল্লাহ-র নামানুসারে এর নামকরণ করেন। ১৮৫৯ খ্রিষ্টাব্দে আহসান মঞ্জিলের নির্মাণ কাজ শুরু হয়ে ১৮৭২ খ্রিষ্টাব্দে সমাপ্ত হয়। ১৯০৬ খ্রিষ্টাব্দে এখানে অনুষ্ঠিত এক বৈঠকে মুসলিম লীগ প্রতিষ্ঠার সিদ্ধান্ত হয়।,আহসান মঞ্জিলের প্রতিষ্ঠাতা কে?,নওয়াব আবদুল গনী,,
dev_0476,dev,has_context,reading_comprehension,"human says correct, corpus says wrong",wrong,annotator=correct/none,contradiction | entity | numeric | relational,ডেম সুসান মেরি বেইলি (জন্ম ২৯ আগস্ট ১৯৫০) একজন ব্রিটিশ মনোরোগ বিশেষজ্ঞ এবং শিক্ষাবিদ যিনি শিশু ও কিশোর-কিশোরীদের মানসিক স্বাস্থ্যে বিশেষজ্ঞ। ২০০৪ সাল থেকে তিনি সেন্ট্রাল ল্যাঙ্কাশায়ার বিশ্ববিদ্যালয়ের শিশু মানসিক স্বাস্থ্যের অধ্যাপক। ২০১১ থেকে ২০১৪ সাল পর্যন্ত তিনি রয়্যাল কলেজ অফ সাইকিয়াট্রিস্টস-এর প্রেসিডেন্ট ছিলেন। ২০১৫ সালের জানুয়ারি থেকে তিনি একাডেমি অফ মেডিকেল রয়্যাল কলেজেস-এর চেয়ার হিসেবে দায়িত্ব পালন করছেন।,সুসান বেইলি কবে জন্মগ্রহণ করেন?,২৯ আগস্ট ১৯৫০,,
dev_0490,dev,has_context,history,"human says correct, corpus says wrong",wrong,annotator=correct/none,contradiction | entity | numeric | relational,আলীবর্দী খানের প্রকৃত নাম মির্জা মুহম্মদ আলী । তাঁর পিতার নাম মির্জা মুহম্মদ । তিনি মুঘল দরবার কতৃক খান উপাধি পেয়েছিলেন। আরব বংশোদ্ভূত মির্জা মুহম্মদ বেগ মুঘল সম্রাট আওরঙ্গজেবের তৃতীয় পুত্র আজম শাহের দরবারের একজন কর্মকর্তা ছিলেন[2]। আলীবর্দী খানের মা ইরানের খোরাসানের এক তুর্কি উপজাতি থেকে এসেছিলেন। তাঁর পিতামহ আওরঙ্গজেবের সৎ ভাই ছিলেন। মির্জা মুহম্মদ আলী পূর্ণবয়স্ক হবার পরপরই আজম শাহ তাঁকে পিলখানার পরিচালক হিসেবে নিয়োগ দেন[2]।,নবাব আলীবর্দী খান কোন বংশের সন্তান ছিলেন ?,আরব বংশের সন্তান ছিলেন।,,
dev_0619,dev,has_context,history,marked unsure or unreadable,wrong,annotator=unsure/none,contradiction | entity | numeric | relational,লাফোন্টের উদ্যোগে তাঁকে উচ্চশিক্ষা গ্রহণের জন্য ইংল্যান্ডে পাঠানো হয়। প্রথমে তিনি এক বৎসর চিকিৎসাশাস্ত্রে অধ্যয়ন করেন। কিন্তু স্বাস্থ্যগত কারণে ডাক্তারি পড়া বাদ দিয়ে কেম্ব্রিজ বিশ্ববিদ্যালয়ের ক্রাইস্ট কলেজে ভর্তি হন। প্রায় একই সময়ে ১৮৮৪ সালে তিনি লন্ডন বিশ্ববিদ্যালয় থেকে বি.এসসি ডিগ্রি লাভ করেন। ভারতে প্রত্যাবর্তনের পর জগদীশচন্দ্র বসু কলকাতার প্রেসিডেন্সি কলেজে সহকারী অধ্যাপক পদে নিযুক্ত হন।,ভারতে প্রত্যাবর্তনের পর জগদীশচন্দ্র বসু কোথায় সহকারী অধ্যাপক পদে নিযুক্ত হন?,কলকাতার প্রেসিডেন্সি কলেযে,,
dev_0621,dev,has_context,reading_comprehension,"human says correct, corpus says wrong",wrong,annotator=correct/none,contradiction | entity | numeric | relational,"মোনায়েম সরকার (জন্ম ৩০ মার্চ ১৯৪৫) একজন বাংলাদেশি রাজনীতিবিদ, কলাম লেখক ও গবেষক। ২০১৩ সালে বাংলা একাডেমি তাকে সম্মানসূচক ফেলোশিপ প্রদান করে।",মোনায়েম সরকার কবে জন্মগ্রহণ করেন?,৩০ মার্চ ১৯৪৫,,
dev_0637,dev,has_context,reading_comprehension,"human says correct, corpus says wrong",wrong,annotator=correct/none,contradiction | entity | numeric | relational,তুর্কি জাতীয় আন্দোলনের ফলে তুরস্কে গ্র্যান্ড ন্যাশনাল এসেম্বলি গঠিত হয়। ১৯২৩ সালের ২৪ জুলাই লুসানের চুক্তিতে জাতির স্বাধীনতা ও সীমানা বিষয়ে আনুষ্ঠানিক নিশ্চয়তা লাভ করা হয়। ন্যাশনাল এসেম্বলি ১৯২৩ সালের ২৯ অক্টোবর তুরস্ককে প্রজাতন্ত্র ও আঙ্কারাকে এর রাজধানী ঘোষণা করে। ফলে প্রায় ৭০০ বছর পর উসমানীয় সাম্রাজ্য আনুষ্ঠানিকভাবে সমাপ্ত হয়। তবে সুলতান এই আন্দোলন দমন করতে ইচ্ছুক ছিলেন এবং শাইখুল ইসলামের মাধ্যমে ফতোয়া জারি করেন যাতে তা অনৈসলামিক ঘোষণা করা হয়। তবে জাতীয়তাবাদিরা ধীরে ধীরে গতি পায় এবং ব্যাপক জনসমর্থন লাভ করে। হুমকি দূর করার জন্য সুলতান নির্বাচন অনুষ্ঠানের জন্য রাজি হন। এতে জাতীয়তাবাদিরা জয়ী হয়।,উসমানীয় সাম্রাজ্য কবে ধ্বংস হয় ?,উসমানীয় সাম্রাজ্য ধ্বংস হয় ১৯২৩ সালের ২৯ অক্টোবর।,,
dev_0650,dev,has_context,history,marked unsure or unreadable,wrong,annotator=unsure/none,contradiction | entity | numeric | relational,প্রায় দুই বিঘা জায়গার ওপর নির্মিত এই ভবনের ব্যবহারযোগ্য আয়তনের পরিমাণ ১ লাখ ৮৫ হাজার বর্গফুট। নতুন ভবনে ছয়টি গ্যালারি রয়েছে। গ্যালারিগুলো ভবনের চতুর্থ ও পঞ্চম তলায়। এর মধ্যে ২১ হাজার বর্গফুট জায়গাজুড়ে রয়েছে চারটি স্থায়ী গ্যালারি।,মুক্তিযুদ্ধ জাদুঘরের গ্যালারিগুলো ভবনের কোন তলায় অবস্থিত?,চতুর্থ ও পঞ্চম থলায়,,
dev_0692,dev,has_context,history,marked unsure or unreadable,wrong,annotator=unsure/none,contradiction | entity | numeric | relational,এডওয়ার্ড ওয়েনরাইট ইংল্যান্ডের ইয়র্কশায়ারের শেফিল্ডের টিনস্লিতে জন্মগ্রহণ করেছিলেন। কাউন্টি চ্যাম্পিয়নশিপের ইতিহাসে সর্বনিম্ন বোলিং গড় অর্জনের জন্য ওয়েনরাইট স্মরণীয় হয়ে থাকবেন – ১৮৯৪ সালে ৯৭ উইকেটে ১০.১৭ গড়। অস্ট্রেলিয়ার বিপক্ষে তার পাঁচটি টেস্ট ম্যাচে তিনি একটিও উইকেট নিতে পারেননি।,শক্ত পিচে ওয়েইনরাইটের বোলিং সম্পর্কে কী বলা হয়েছে?,শক্ত পিচে তার বলে কখনোই কোনো ধার ছিল ণা,,
dev_0705,dev,has_context,history,marked unsure or unreadable,wrong,annotator=unsure/none,contradiction | entity | numeric | relational,"কলেজটি ৬টি উইংসে বিভক্ত: হালকা নীল রঙের জিন্নাহ উইং (মুহাম্মদ আলী জিন্নাহর নামে), লাল রঙের হায়দার উইং (আলী ইবনে আবু তালিবের উপাধি 'হায়দার'-এর নামে), খয়েরী রঙের ইকবাল উইং (মুহাম্মদ ইকবালের নামে), আকাশী রঙের ওমর উইং (উমর ইবনুল খাত্তাবের নামে), হলুদ রঙের লিয়াকত উইং (লিয়াকত আলি খানের নামে), এবং গাঢ় সবুজ রঙের আওরঙ্গজেব উইং (আওরঙ্গজেবের নামে)।",আওরঙ্গজেব উইংয়ের রং কী?,গাঢ় সবুয,,
dev_0764,dev,has_context,reading_comprehension,"human says correct, corpus says wrong",wrong,annotator=correct/none,contradiction | entity | numeric | relational,"জমিদার(দেবনাগরী: ज़मींदार , উর্দু: زمیندار বা জমিদার প্রথা বা জমিদারি বা জমিদারি প্রথা ) ফার্সি যামিন (জমি) ও দাস্তান (ধারণ বা মালিকানা)-এর বাংলা অপভ্রংশের সঙ্গে ‘দার’ সংযোগে ‘জমিদার’ শব্দের উৎপত্তি। মধ্যযুগীয় বাংলার অভিজাত শ্রেণীর ভূম্যধিকারীদের পরিচয়জ্ঞাপক নাম হিসেবে শব্দটি ঐতিহাসিক পরিভাষার অন্তর্ভুক্ত হয়েছে। মুগল আমলে জমিদার বলতে প্রকৃত চাষির ঊর্ধ্বে সকল খাজনা গ্রাহককে বোঝানো হতো। প্রকৃত চাষি জমিদার নয়, কারণ সে কখনও তার জমি খাজনা বা ভাড়ায় অন্য কাউকে প্রদান করে না। জমিদাররা শুধু খাজনা আদায়ের স্বত্বাধিকারী, জমির স্বত্বাধিকারী নয়। পক্ষান্তরে, জমির মালিকদের বলা হতো রায়ত বা চাষি যাদের নামে জমাবন্দি বা রেন্ট-রোল তৈরি হতো। এই ধারণায় জমিদারগণ রাজস্বের চাষি ছিল মাত্র। এরা ছিল সরকার এবং হুজুরি (স্বতন্ত্র) তালুকদার ব্যতীত নিম্নস্তরের রাজস্ব চাষিদের মধ্যস্থ পক্ষ। হুজুরি তালুকদারগণ খালসায় (খাজাঞ্চি খানায়) সরাসরি রাজস্ব প্রদান করত।",জমিদার শব্দের অর্থ কী ?,চাষির ঊর্ধ্বে সকল খাজনা গ্রাহক,,
dev_0834,dev,has_context,history,marked unsure or unreadable,wrong,annotator=unsure/none,contradiction | entity | numeric | relational,"১৯২১ সালের ১ জুলাই ঢাকা বিশ্ববিদ্যালয় স্থাপিত হয়েছিল ঢাকা হল (পরে ড. মুহম্মদ শহীদুল্লাহ হল), জগন্নাথ হল এবং মুসলিম হল (পরে সলিমুল্লাহ মুসলিম হল) নিয়ে। হিন্দু ছাত্রদের জন্য জগন্নাথ হল, মুসলমান ছাত্রদের জন্য সলিমুল্লাহ মুসলিম হল আর সবধর্মের ছাত্রদের জন্য ঢাকা হল স্থাপিত হয়েছিল। ঢাকা হলের প্রথম প্রভোস্ট ছিলেন ঢাকা কলেজের অধ্যক্ষ এফ. সি. সি. টার্নার।",ঢাকা বিশ্ববিদ্যালয় প্রথমে কোন তিনটি হল নিয়ে স্থাপিত হয়?,"ঢাকা হল, জগন্নাথ হল ও মুসলীম হল",,
dev_0845,dev,has_context,reading_comprehension,marked unsure or unreadable,wrong,annotator=unsure/none,contradiction | entity | numeric | relational,"আবু ইউসুফ ইয়াকুব ইবনে ইসহাক আল-কিন্দি (Arabic: أبو يوسف يعقوب بن إسحاق الكندي‎‎) (৮০১ - ৮৭৩) প্রখ্যাত আরব পণ্ডিত। পাশ্চাত্য বিশ্বে তিনি লাতিনিকৃত ""আলকিন্ডাস"" (Alkindus) নামে পরিচিত। তিনি ছিলেন একাধারে দার্শনিক, বিজ্ঞানী, জ্যোতিষী, জ্যোতির্বিজ্ঞানী, বিশ্বতত্ত্ববিদ, রসায়নবিদ, যুক্তিবিদ, গণিতজ্ঞ, সঙ্গীতজ্ঞ, পদার্থবিজ্ঞানী, মনোবিজ্ঞানী এবং আবহবিজ্ঞানী। মুসলিম পেরিপ্যাটেটিক দার্শনিকদের মধ্যে তিনিই প্রথম। তাই তাকে মুসলিম পেরিপ্যাটেটিক দর্শনের জনক বলা যায়। তার অনেক অর্জনের মধ্যে বিশেষ উল্লেখযোগ্য ছিল গ্রিক এবং হেলেনীয় দর্শনকে আরব জগতে পরিচিত করে তোলা। এছাড়া বিজ্ঞানের অনেকগুলো শাখায় তিনি অগ্রদূতের ভূমিকা পালন করেছেন।",দর্শনশাস্ত্রের জনক কাকে বলা হয় ?,পেরিপ্যাটেটিক নয়।,,
dev_0909,dev,has_context,history,marked unsure or unreadable,wrong,annotator=unsure/none,contradiction | entity | numeric | relational,মুঘল সম্রাট আকবরের প্রবর্তিত 'দীন-ই-ইলাহী' হলো বিভিন্ন ধর্মের মূলনীতির সমন্বয়ে গঠিত একটি মতাদর্শ। সম্রাট আকবর (১৫৫৬–১৬০৫) এর সময়ে মুঘল সাম্রাজ্যের ভিত্তি সুদৃঢ় হয়। তিনি ১৫৮২ সালে 'দীন-ই-ইলাহী' (বা 'তাওহীদ-ই-ইলাহী') নামক সমন্বিত ধর্মতত্ত্ব বা মতাদর্শ প্রচার করেন।,আকবরের প্রবর্তিত ধর্মমতের অপর নাম কী?,তাওহীদ-ই-ইলাহি,,
dev_0966,dev,has_context,history,marked unsure or unreadable,wrong,annotator=unsure/none,contradiction | entity | numeric | relational,"উমাইয়া মসজিদ, দামেস্ক গ্রেট মসজিদ হিসেবেও পরিচিত। এই মসজিদটি দামেস্কের পুরাতন শহরে অবস্থিত, যা বিশ্বের বৃহত্তম ও প্রাচীন মসজিদগুলোর মধ্যে অন্যতম। মুসলমানদের একটি অংশের মতে এটি ইসলাম ধর্মাবলম্বীদের চতুর্থ পবিত্র স্থান। ৬৩৪ সালে আরব যুদ্ধে দামেস্ক বিজয়ের পর, জন দ্য বাপটিস্ট (ইয়াহিয়া)-এর খ্রিস্টানদের উৎসর্গকৃত স্থানে এই মসজিদটি স্থাপিত হয়।",কোন শহরে উমাইয়া মসজিদটি অবস্থিত?,দামেস্ক সহরে,,
dev_1133,dev,has_context,reading_comprehension,"human says correct, corpus says wrong",wrong,annotator=correct/none,contradiction | entity | numeric | relational,"তুকারাম (১৬০৮-১৬৪৫) ছিলেন একজন বিশিষ্ট সন্ত এবং আধ্যাত্মিক কবি। তাকে গৌরবসূচক সন্ত তুকারাম, ভক্ত তুকারাম, মহারাজ তুকারাম, তুকুবা ও তুকুবারায়া নামেও ডাকা হত। তুকারাম ভারতের মহারাষ্ট্রের পুনের নিকটে দেহু শহরে জন্মগ্রহণ করেন ও তার জীবনের অধিকাংশ সময় অতিবাহিত করেন। তুকারাম তার অভঙ্গ নামক ভক্তিমূলক কবিতা ও কীর্তন গানের জন্য সর্বাধিক পরিচিত।",তুকারাম কবে জন্মগ্রহণ করেন?,১৬০৮,,
dev_1192,dev,no_context,bcs,"human says correct, corpus says wrong",wrong,annotator=correct/none,fabricated | overclaim,,'Intellectual' শব্দের বাংলা অর্থ-,মননশীল,,
dev_1196,dev,has_context,reading_comprehension,marked unsure or unreadable,wrong,annotator=unsure/none,contradiction | entity | numeric | relational,"ইউরি আলেক্সেইভিচ্ গাগারিন (Russian: Юрий Алексеевич Гагарин,[1] ৯ মার্চ ১৯৩৪ – ২৭ মার্চ ১৯৬৮) একজন সোভিয়েত বৈমানিক এবং নভোচারী। তিনি সর্বপ্রথম ব্যক্তি যিনি মহাকাশ ভ্রমণ করেন, তিনি ভস্টক নভোযানে করে ১৯৬১ সালের ১২ই এপ্রিল, পৃথিবীর কক্ষপথ প্রদক্ষিণ করেন।",ইউরি আলেক্সেইভিচ্ গাগারিন কত বছর বয়সে মহাকাশ ভ্রমণ করেন ?,১৯৬২ সালের ১২ই এপ্রিল,,
dev_1221,dev,has_context,history,marked unsure or unreadable,wrong,annotator=unsure/none,contradiction | entity | numeric | relational,১৯৯৯ সালে বাংলাদেশ সেনাবাহিনীর সহায়তায় মুক্তিযুদ্ধ জাদুঘর মিরপুরে মুসলিম বাজার ও জল্লাদখানা বধ্যভূমি খননের কাজ সম্পন্ন করে এবং পরে (২০০৮ সালে) জল্লাদখানা বধ্যভূমিতে একটি স্মৃতিপীঠ নির্মাণ করে।,মুক্তিযুদ্ধ জাদুঘর মিরপুরে বধ্যভূমি খননের কাজ কোন বাহিনীর সহায়তায় করে?,বাংলাদেশ সেনাবাহিনি,,
dev_1251,dev,has_context,history,marked unsure or unreadable,wrong,annotator=unsure/none,contradiction | entity | numeric | relational,"১৯২৪ সালে তাঁর 'প্ল্যাঙ্কস্ ল অ্যান্ড দি লাইট কোয়ান্টাম হাইপথেসিস' শীর্ষক প্রবন্ধ প্রকাশিত হয়, যেটি বিজ্ঞানী আইনস্টাইন পাঠ করে চমৎকৃত হন। আইনস্টাইন সত্যেন্দ্রনাথের এই প্রবন্ধটি জার্মান ভাষায় অনুবাদ ও ব্যাখ্যাসহ বিজ্ঞান পত্রিকায় প্রকাশ করেন। প্রকাশিত প্রবন্ধটি বিজ্ঞান জগতে আলোড়ন সৃষ্টি করে এবং 'বোস-আইনস্টাইন তত্ত্ব' নামে সারা বিশ্বে সমাদৃত হয়। তাঁর নামানুসারে পরমাণুর এক ধরনের কণিকার নাম রাখা হয়েছে 'বোসন কণা'।",সত্যেন্দ্রনাথ বসুর তত্ত্ব কী নামে বিশ্বে সমাদৃত হয়?,বোস-আইনস্টাইন তত্ত্ভ,,
dev_1343,dev,has_context,history,marked unsure or unreadable,wrong,annotator=unsure/none,contradiction | entity | numeric | relational,১৯২৬ সালের ফেব্রুয়ারি মাসে ঢাকা বিশ্ববিদ্যালয়ের আমন্ত্রণে রবীন্দ্রনাথ ঠাকুর ঢাকা আসেন এবং কার্জন হলে ১০ই ফেব্রুয়ারি দি মিনিং অব আর্ট (The Meaning of Art) এবং ১৩ই ফেব্রুয়ারি দি বিগ অ্যান্ড দি কমপ্লেক্স (The Big and the Complex) বিষয়ে বক্তৃতা প্রদান করেন। তৎকালীন উপাচার্য জর্জ হ্যারি ল্যাংলি এ দুটি বক্তৃতার সভাপতিত্ব করেন।,রবীন্দ্রনাথের ১৯২৬ সালের ঢাকা সফরের বক্তৃতাগুলোর সভাপতিত্ব কে করেন?,তৎকালীন উপাচার্য জর্জ হ্যারি ল্যাংলী,,
test_0004,test,has_context,reading_comprehension,annotators chose different types,wrong,tawhid=wrong/relational; shejan=wrong/numeric,contradiction | entity | numeric | relational,"বহু রাজ্য ও যুদ্ধবাজ নেতাদের শাসনামলে চৈনিক রাজবংশগুলো চীনের একটি অংশ শাসন করত। যার সীমানা বর্তমান জিংজিয়ান এবং তিব্বত পর্যন্ত বিস্তৃত ছিল। ২২১ খ্রিস্টপূর্বাব্দে কিন শি হুয়াং বিভিন্ন যুদ্ধরত রাজ্যগুলোকে একত্রিত করে কীন বংশের একটি ক্ষুদ্র “সাম্রাজ্য” (হুয়াংডি) প্রতিষ্ঠা করে, চৈনিক সম্রাজ্যের ইতিহাসে শুরু করেন। পরবর্তী রাজবংশগুলো একটি জনপ্রশাসন ব্যবস্থা প্রতিষ্ঠা করেছিল যা ক্রমে তৎকালিন চীনের বিশাল এলাকায় চৈনিক সম্রাটের নিয়ন্ত্রন প্রতিষ্ঠা করতে সাহায্য করে। চীনের সর্বশেষ সাম্রাজ্য ছিল কিং সাম্রাজ্য (১৬৪৪ থেকে ১৯১২), যার উচ্ছেদের পর ১৯১২ সালে রিপাবলিক অব চায়না, এবং ১৯৪৯ সালে গনপ্রজাতন্ত্রী চীন প্রতিষ্ঠিত হয়।",অনুচ্ছেদের ভিত্তিতে “বহু রাজ্য যুদ্ধবাজ নেতাদের শাসনামলে” বিষয়ে কোন বক্তব্যটি সঠিক?,বহু রাজ্য ও যুদ্ধবাজ নেতাদের শাসনামলে চৈনিক রাজবংশগুলো চীনের দুটি অংশ শাসন করত।,,
test_0008,test,has_context,reading_comprehension,annotators chose different types,wrong,tawhid=wrong/relational; shejan=wrong/numeric,contradiction | entity | numeric | relational,"লা মভিদা মাদ্রিলেনা নামে স্পেনের স্বৈরাচার পরবর্তী সাংস্কৃতিক আন্দোলনের সময় বান্দেরাস ছোটখাট দোকানে কাজ করতে শুরু করেন।[6] মঞ্চে কাজ করার সময়, বান্দেরাস স্প্যানিশ পরিচালক পেদ্রো আলমোদোভারের দৃষ্টি আকর্ষণ করেন। তিনি ১৯৮২ সালে তাকে ল্যাবরিন্‌থ অব প্যাশন ছবিতে অভিনয়ের সুযোগ করে দেন। পাঁচ বছর পরে তিনি একই পরিচালকের ল অব ডিজায়ার ছবিতে কাজ করেন। এতে তিনি একজন সমকামী চরিত্রে অভিনয় করেন এবং এই চরিত্রের জন্য তাকে প্রথম অন্য কোন পুরুষের সাথে চুম্বন দৃশ্যে দেখা যায়। বান্দেরাস পরে আলমোদোভারের ১৯৮৬ সালের ম্যাটাডোর ছবিতে কাজ করেন। পরে একই পরিচালকের আন্তর্জাতিকভাবে প্রশংসিত উইমেন অন দ্য ভার্জ অব আ নার্ভাস ব্রেকডাউন (১৯৮৮) ছবিতে অভিনয় করেন। দুই বছর পর বান্দেরাস আলমোদোভারের বিতর্কিত টাই মি আপ! টাই মি ডাউন ছবিতে মানসিক রোগী চরিত্রে অভিনয় করে খ্যাতি অর্জন করেন।[5] এই ছবির সাফল্য তাকে হলিউডে প্রবেশ করতে সাহায্য করেছিল। ১৯৮০-এর দশকে আলমোদোভারের চলচ্চিত্রে নিয়মিত অভিনয় করার জন্য আলমোদোভারকে বান্দেরাসের আন্তর্জাতিক কর্মজীবন শুরুর কৃতিত্ব দেওয়া হয়।[7]",প্রদত্ত তথ্য অনুযায়ী “এতে তিনি সমকামী চরিত্রে অভিনয়” সম্পর্কে কী জানা যায়?,এতে তিনি একজন সমকামী চরিত্রে অভিনয় করেন এবং এই চরিত্রের জন্য তাকে দ্বিতীয় অন্য কোন পুরুষের সাথে চুম্বন দৃশ্যে দেখা যায়।,,
test_0009,test,has_context,others,annotators chose different types,wrong,tawhid=wrong/entity; shejan=wrong/contradiction,contradiction | entity | numeric | relational,শিক্ষা ও অনুশীলনের মাধ্যমে ব্যক্তির মূল্যবোধ দৃঢ় হয়। মূল্যবোধভিত্তিক শিক্ষা নৈতিকতা ও কর্তব্যবোধ গড়ে তুলতে সাহায্য করে।,মূল্যবোধভিত্তিক শিক্ষা কী গড়ে তোলে?,শুধু শারীরিক শক্তি।,,
test_0017,test,has_context,grammar,annotators chose different types,wrong,tawhid=wrong/relational; shejan=wrong/entity,contradiction | entity | numeric | relational,'সবিনয়' শব্দটির ব্যাসবাক্য হলো: বিনয়ের সহিত বর্তমান।,"ব্যাসবাক্য অনুযায়ী, 'সবিনয়' শব্দটি কোন সমাসের উদাহরণ?",ব্যাধিকরণ বহুব্রীহি,,
test_0021,test,has_context,history,annotators chose different types,wrong,tawhid=wrong/entity; shejan=wrong/numeric,contradiction | entity | numeric | relational,এই জনসংখ্যার বিচারে কলকাতা ভারতের তৃতীয় বৃহত্তম শহর ও দ্বিতীয় বৃহত্তম মেট্রোপলিটান বা মহানগরীয় অঞ্চল এবং বিশ্বের অষ্টম বৃহত্তম মহানগর অঞ্চল।,জনসংখ্যার বিচারে কলকাতা ভারতের কততম বৃহত্তম শহর?,প্রথম,,
test_0025,test,has_context,history,marked unsure or unreadable,wrong,tawhid=unsure/none; shejan=unsure/none,contradiction | entity | numeric | relational,"তৃতীয় ওডিআইয়ে সাকিব একমাত্র ক্রিকেটার হিসেবে সকল ফরম্যাটে ৬,০০০ রান ও ৩০০ উইকেট শিকারের রেকর্ড করেন। বাংলাদেশ তিন ম্যাচের ওডিআই সিরিজ ৩-০ ব্যবধানে জয় লাভ করে এবং তিনি প্লেয়ার অব দ্য সিরিজ হন।","সাকিব কোন ম্যাচে একমাত্র ক্রিকেটার হিসেবে সকল ফরম্যাটে ৬,০০০ রান ও ৩০০ উইকেটের রেকর্ড করেন?",ওয়েস্ট ইন্ডিজের বিপক্ষে তৃতীয় ওডিআঈয়ে,,
test_0032,test,has_context,law,marked unsure or unreadable,wrong,tawhid=wrong/entity; shejan=unsure/none,contradiction | entity | numeric | relational,"১৯৭১ সালের ৭ মার্চ জাতির পিতা বঙ্গবন্ধু শেখ মুজিবুর রহমান ঢাকার রেসকোর্স ময়দানে (বর্তমান শহীদ সোহরাওয়ার্দী উদ্যান) ঐতিহাসিক ভাষণ দেন, যা বাঙালি জাতিকে স্বাধীনতা সংগ্রামের পথ দেখিয়েছিল।",একটি ব্রিটিশ পত্রিকা বঙ্গবন্ধু ভবনকে কোন ঐতিহাসিক স্থাপনার সঙ্গে তুলনা করেছিল?,হোয়াইট হাউজের সঙ্গে,,
test_0038,test,no_context,bcs,"human says correct, corpus says wrong",wrong,tawhid=correct/none; shejan=correct/none,fabricated | overclaim,,বাংলাদেশের অতি পরিচিত খাদ্য গোলআলু কোথা থেকে আনা হয়েছিল?,দক্ষিণ আমেরিকার পেরু-চিলি থেকে,,
test_0040,test,has_context,history,annotators chose different types,wrong,tawhid=wrong/numeric; shejan=wrong/entity,contradiction | entity | numeric | relational,১৯৫১ সালের ২০ জুলাই জেরুজালেমের আল-আকসা মসজিদ পরিদর্শনের সময় হুসাইনি গোত্রের এক ফিলিস্তিনির গুলিতে নিহত হন।[১৯],আবদুল্লাহ কোথায় ও কবে নিহত হন?,"আম্মানের রঘদান প্রাসাদে, ১৯৫১ সালের ১৬ জুলাই",,
test_0046,test,has_context,reading_comprehension,annotators disagree on correct vs wrong,wrong,tawhid=correct/none; shejan=wrong/contradiction,contradiction | entity | numeric | relational,"প্রশাসনিক সুবিধার্থে তুরস্ককে ৮১টি প্রদেশে বিভক্ত করা হয়েছে।[17] সব বিভাগ আবার সাতটি অঞ্চলে বিভক্ত। তবে এই সাতটি অঞ্চল কোনো প্রশাসনিক বিভাজন নয়।[37] প্রতিটি প্রদেশ কয়েকটি করে জেলায় বিভক্ত। তুরস্কে মোট জেলা আছে ৯২৩টি।[38] প্রতিটি প্রদেশের নামই সেই প্রদেশের রাজধানীর নাম। আর প্রতিটি প্রাদেশিক রাজধানী সংশ্লিষ্ট প্রদেশের কেন্দ্রীয় জেলা। সবচেয়ে বড় শহর ইস্তাম্বুল। এটি হচ্ছে তুরস্কের বাণিজ্যিক, অর্থনৈতিক ও সাংস্কৃতিক কেন্দ্রবিন্দু। তুর্কি জনগণের প্রায় ৭০ দশমিক ৫ শতাংশ লোক শহরে বসবাস করে।[17]",অনুচ্ছেদের আলোকে “সব বিভাগ আবার সাতটি অঞ্চলে” বিষয়ে প্রাসঙ্গিক তথ্যটি কী?,সব বিভাগ আবার সাতটি অঞ্চলে বিভক্ত নয়।,,
test_0051,test,has_context,history,annotators chose different types,wrong,tawhid=wrong/relational; shejan=wrong/entity,contradiction | entity | numeric | relational,ইনি আমীর নাসের পাশা ও তার স্ত্রী দিলবার খানুমের কন্যা ছিলেন।,আবদুল্লাহর প্রথম স্ত্রী মুসবাহ বিনতে নাসের কার কন্যা ছিলেন?,আমীর নাসের পাশা ও তার স্ত্রী নাহদা বিনতে উমানের কন্যা,,
test_0065,test,no_context,mathematics,marked unsure or unreadable,wrong,tawhid=unsure/none; shejan=unsure/none,fabricated | overclaim,,M এবং N দুইটি ধনাত্মক পূর্ণসংখ্যা যাতে M এবং N অসমান। M এবং N এর লসাগু হল M² - N² + MN. দেখাও যে MN একটি ঘন সংখ্যা।,3,,
test_0066,test,has_context,reading_comprehension,annotators chose different types,wrong,tawhid=wrong/relational; shejan=wrong/numeric,contradiction | entity | numeric | relational,"কিম জং উন [2] ( জন্ম ৮ জানুয়ারি ১৯৮৪[3] হচ্ছেন গণতান্ত্রিক গণপ্রজাতন্ত্রী কোরিয়া অর্থাৎ উত্তর কোরিয়ার সর্বোচ্চ নেতা। তিনি হচ্ছেন কিম জং ইলের (১৯৪১-২০১১) চতুর্থ সন্তান ও কিম ইল-সাং-এর (১৯১২-১৯৯৪) নাতি। তিনি বর্তমানে উত্তর কোরিয়ার ওয়ার্কার্স পার্টির প্রথম সম্পাদক, উত্তর কোরিয়ার কেন্দ্রীয় সামরিক সংস্থার সভাপতি, উত্তর কোরিয়ার জাতীয় প্রতিরক্ষা সংস্থার সভাপতি, কোরিয়ান পিপলস আর্মির সর্বোচ্চ অধিনায়ক ও কোরিয়ার ওয়ার্কার্স পার্টির সভাপতিমণ্ডলীয় নিয়ন্ত্রণ কমিটির সদস্য হিসেবে দায়িত্ব পালন করছেন। তার বাবা অর্থাৎ কিম জং ইলের রাজ্য অন্ত্যেষ্টিক্রিয়ার পর তিনি ২৮ ডিসেম্বর ২০১১ নিজেকে উত্তর কোরিয়ার সর্বোচ্চ নেতা হিসেবে ঘোষণা করেন।[4] তিনি তার বাবা কিম জং ইল ও মা কো ইয়ং হীর তৃতীয় ও সর্বকনিষ্ঠ পুত্র।[5]",অনুচ্ছেদের আলোকে “তিনি উত্তর কোরিয়ার ওয়ার্কার্স পার্টির” বিষয়ে প্রাসঙ্গিক তথ্যটি কী?,"তিনি বর্তমানে উত্তর কোরিয়ার ওয়ার্কার্স পার্টির দ্বিতীয় সম্পাদক, উত্তর কোরিয়ার কেন্দ্রীয় সামরিক সংস্থার সভাপতি, উত্তর কোরিয়ার জাতীয় প্রতিরক্ষা সংস্থার সভাপতি, কোরিয়ান পিপলস আর্মির সর্বোচ্চ অধিনায়ক ও কোরিয়ার ওয়ার্কার্স পার্টির সভাপতিমণ্ডলীয় নিয়ন্ত্রণ কমিটির সদস্য হিসেবে দায়িত্ব পালন করছেন।",,
test_0073,test,has_context,reading_comprehension,annotators chose different types,wrong,tawhid=wrong/relational; shejan=wrong/numeric,contradiction | entity | numeric | relational,"বিলাল ইবনে রাবাহ ৫৮০ খ্রিস্টাব্দে হেজাজের মক্কা নগরীতে জন্মগ্রহণ করেন।[6] তার পিতা রাবাহ ছিলেন একজন আরব দাস এবং তার মাতা হামামাহ ছিলেন একজন প্রাক্তন আবিসিনিয় রাজকুমারী, যাকে আমুল-ফিল এর ঘটনার সময় আটক করে দাসী করে রাখা হয়। দাস হিসেবে জন্মানোয়, বিলাল (রা:) কেও তার মনিব উমাইয়া ইবন খালাফ এর জন্য কাজ করতে হয়। কঠোর পরিশ্রমী ছিলেন বলে বিলাল (রা:) একজন ভাল দাস হিসেবে পরিচিতি লাভ করেন এবং তার কাছেই আরবের পুতুলগুলোর ঘরের চাবি থাকতো। কিন্তু বর্ণবাদ এবং আরবের সামাজিক-রাজনৈতিক প্রেক্ষাপটের কারণে সেসময় তিনি সমাজের উচুস্তরে যেতে পারেননি।[6]",পাঠ্যাংশ থেকে “কঠোর পরিশ্রমী বলে বিলাল রা” সম্পর্কিত সঠিক তথ্যটি লিখুন।,কঠোর পরিশ্রমী ছিলেন বলে বিলাল (রা:) দুজন ভাল দাস হিসেবে পরিচিতি লাভ করেন এবং তার কাছেই আরবের পুতুলগুলোর ঘরের চাবি থাকতো।,,
test_0080,test,has_context,history,annotators chose different types,wrong,tawhid=wrong/entity; shejan=wrong/contradiction,contradiction | entity | numeric | relational,সভায় বাংলাকে রাষ্ট্রভাষা করার ব্যাপারে পাকিস্তান সরকারের কাছে নিয়মতান্ত্রিক পন্থায় আন্দোলন করার ব্যাপারে সিদ্ধান্ত গৃহীত হয়।,১৯৪৭ সালের সেপ্টেম্বরে আবুল কাশেমের আহূত সভায় পাকিস্তান সরকারের কাছে কীভাবে আন্দোলন করার সিদ্ধান্ত গৃহীত হয়?,সরাসরি সশস্ত্র প্রতিরোধের মাধ্যমে,,
test_0089,test,has_context,reading_comprehension,annotators disagree on correct vs wrong,wrong,tawhid=correct/none; shejan=wrong/contradiction,contradiction | entity | numeric | relational,"প্রশাসনিক সুবিধার্থে তুরস্ককে ৮১টি প্রদেশে বিভক্ত করা হয়েছে।[17] সব বিভাগ আবার সাতটি অঞ্চলে বিভক্ত। তবে এই সাতটি অঞ্চল কোনো প্রশাসনিক বিভাজন নয়।[37] প্রতিটি প্রদেশ কয়েকটি করে জেলায় বিভক্ত। তুরস্কে মোট জেলা আছে ৯২৩টি।[38] প্রতিটি প্রদেশের নামই সেই প্রদেশের রাজধানীর নাম। আর প্রতিটি প্রাদেশিক রাজধানী সংশ্লিষ্ট প্রদেশের কেন্দ্রীয় জেলা। সবচেয়ে বড় শহর ইস্তাম্বুল। এটি হচ্ছে তুরস্কের বাণিজ্যিক, অর্থনৈতিক ও সাংস্কৃতিক কেন্দ্রবিন্দু। তুর্কি জনগণের প্রায় ৭০ দশমিক ৫ শতাংশ লোক শহরে বসবাস করে।[17]",প্রদত্ত তথ্য অনুযায়ী “প্রতিটি প্রদেশের নামই সেই প্রদেশের” সম্পর্কে কী জানা যায়?,প্রতিটি প্রদেশের নামই সেই প্রদেশের রাজধানীর নাম নয়।,,
test_0099,test,has_context,reading_comprehension,annotators disagree on correct vs wrong,wrong,tawhid=wrong/entity; shejan=correct/none,contradiction | entity | numeric | relational,"নদীর ওপর ছিল পন্টুন ব্রিজ বা ভাসমান সেতু। নীচে নৌকা, উপরে পাটাতন। মাঝ বরাবর খুলে দেওয়ার ব্যবস্থা। লম্বায় ১৫২৮ ফুট, ৪৮ ফুট চওড়া। দু’পাশে সাত ফুটের ফুটপাত। জাহাজ-স্টিমার চলাচলের জন্য সেতুর মাঝখানে ২০০ ফুট খুলে দেওয়া যেত। স্টিমার এলেই সেতু বন্ধ। ভোঁ ভোঁ শব্দ করে স্টিমার পেরিয়ে যাবে, তার পর আবার খুলবে সেতু। পুরনো হাওড়া ব্রিজের নকশা বানিয়েছিলেন স্যর ব্র্যাডফোর্ড লেসলি । ব্রিটিশ শাসনে রেল কোম্পানির খ্যাতনামা ইঞ্জিনিয়ার। এ দেশের বড় বড় রেলসেতুর নকশা তিনিই বানিয়েছিলেন। যেমন, নৈহাটির জুবিলি ব্রিজ। লেসলি সাহেব বিলেত থেকে এসে সেতু নির্মাণের এলাকা ঘুরে দেখে গিয়েছিলেন। ফিরে গিয়ে তৈরি করেন নকশা।",রবীন্দ্র সেতুর নকশা কে তৈরি করেন ?,বানিয়েছিলেন লেসলি,,
test_0102,test,has_context,history,annotators chose different types,wrong,tawhid=wrong/entity; shejan=wrong/relational,contradiction | entity | numeric | relational,"মূল ভবনটি মূলতঃ তিন ভাগে বিভক্ত: মূল প্লাজা ৮২৩,০০০ বর্গফুট (৭৬,০০০ বর্গমিটার), দক্ষিণ প্লাজা ২২৩,০০০ বর্গফুট (২১,০০০ বর্গমিটার), রাষ্ট্রপতি প্লাজা ৬৫,০০০ বর্গফুট (৬,০০০ বর্গমিটার)। ঢাকার শেরে বাংলা নগরে অবস্থিত জাতীয় সংসদ কমপ্লেক্সকে ঘিরে রয়েছে চারটি প্রধান সড়ক: উত্তর দিকে লেক রোড, পূর্ব দিকে রোকেয়া সরণী, দক্ষিণ দিকে মানিক মিয়া এভিনিউ এবং পশ্চিম দিকে মিরপুর সড়ক।",জাতীয় সংসদ কমপ্লেক্সের পশ্চিম দিকে কোন সড়ক অবস্থিত?,লেক রোড,,
test_0103,test,has_context,reading_comprehension,"human says correct, corpus says wrong",wrong,tawhid=correct/none; shejan=correct/none,contradiction | entity | numeric | relational,"পশ্চিমবঙ্গের হুগলি জেলার আরামবাগ মহকুমায় অবস্থিত কামারপুকুর গ্রামে ১৮৩৬ সালে এক দরিদ্র ধর্মনিষ্ঠ রক্ষণশীল ব্রাহ্মণ পরিবারে রামকৃষ্ণ পরমহংসের জন্ম হয়। তিনি পিতা ক্ষুদিরাম চট্টোপাধ্যায় এবং মা চন্দ্রমণি দেবীর চতুর্থ ও শেষ সন্তান। কথিত আছে, শ্রীরামকৃষ্ণের জন্মের পূর্বে তাঁর পিতামাতার সম্মুখে বেশ কয়েকটি অলৌকিক ঘটনা ঘটেছিল। সন্তানসম্ভবা চন্দ্রমণি দেবী দেখেছিলেন শিবলিঙ্গ থেকে নির্গত একটি জ্যোতি তাঁর গর্ভে প্রবেশ করছে। তাঁর জন্মের অব্যবহিত পূর্বে গয়ায় তীর্থভ্রমণে গিয়ে ক্ষুদিরাম গদাধর বিষ্ণুকে স্বপ্নে দর্শন করেন। সেই কারণে তিনি নবজাতকের নাম রাখেন গদাধর।[14]",ঊনবিংশ শতাব্দীর বিশিষ্ট ভারতীয় হিন্দু ধর্মগুরু রামকৃষ্ণ পরমহংস কোন গ্রামে জন্মগ্রহণ করেন ?,কামারপুকুর,,
test_0104,test,has_context,reading_comprehension,annotators disagree on correct vs wrong,wrong,tawhid=correct/none; shejan=wrong/contradiction,contradiction | entity | numeric | relational,মোহাম্মদ আশরাফ মীর (জন্ম ১৯৭২) জম্মু ও কাশ্মীরের একজন ভারতীয় রাজনীতিবিদ। তিনি শ্রীনগর জেলার সোনাওয়ার বিধানসভা কেন্দ্রের বিধায়ক ছিলেন। তিনি ২০১৪ সালের জম্মু ও কাশ্মীর বিধানসভা নির্বাচনে জম্মু ও কাশ্মীর পিপলস ডেমোক্রেটিক পার্টির প্রতিনিধিত্ব করে জয়লাভ করেন।,পাঠ্যাংশ থেকে “তিনি শ্রীনগর জেলার সোনাওয়ার বিধানসভা” সম্পর্কিত সঠিক তথ্যটি লিখুন।,তিনি শ্রীনগর জেলার সোনাওয়ার বিধানসভা কেন্দ্রের বিধায়ক ছিলেন না।,,
test_0107,test,has_context,history,marked unsure or unreadable,wrong,tawhid=unsure/none; shejan=unsure/none,contradiction | entity | numeric | relational,"১৯৯৪- প্রথম পর্যায়ের সংস্কারের পর বিদ্যমান অবকাঠামোগত ত্রুটি বিচ্যুতিমুক্ত করার লক্ষ্যে সরকার উচ্চ পর্যায়ের একটি কমিটি গঠন করে। ১৯৯৮- কমিটির সুপারিশমতো দ্বিতীয় পর্যায়ের সংস্কার উন্নয়ন কাজে গণপূর্ত অধিদপ্তরকে সম্পৃক্ত করা হয়। ২০০৫-২০০৬- দ্বিতীয় পর্যায়ের সংস্কার কাজ শুরু হয় ও ২০০৬ সালে শেষ হয়। ১৩ নভেম্বর, ২০১০- সংস্কারকৃত গ্যালারী উদ্বোধন করেন সংস্কৃতি বিষয়ক মন্ত্রণালয়ের মন্ত্রী জনাব আবুল কালাম আজাদ।",আহসান মঞ্জিলের দ্বিতীয় পর্যায়ের সংস্কার কাজে কোন প্রতিষ্ঠান সম্পৃক্ত হয়?,গণপূর্ত অধিদপ্থর,,
test_0125,test,has_context,grammar,annotators disagree on correct vs wrong,wrong,tawhid=correct/none; shejan=wrong/entity,contradiction | entity | numeric | relational,'নর' ও 'ইন্দ্র' শব্দ দুটির সন্ধিতে নতুন শব্দ গঠিত হয় (স্বরসন্ধি)।,'নর' ও 'ইন্দ্র' শব্দ দুটির সন্ধিতে কোন শব্দ গঠিত হয়?,নরইন্দ্র,,
test_0128,test,has_context,reading_comprehension,annotators disagree on correct vs wrong,wrong,tawhid=correct/none; shejan=wrong/contradiction,contradiction | entity | numeric | relational,"মোহাম্মদ মোসাদ্দেক আলী ফালু (জন্ম ৭ এপ্রিল ১৯৬০) একজন বাংলাদেশী উদ্যোক্তা এবং একজন রাজনীতিবিদ যিনি বিএনপির সাবেক সংসদ সদস্য ছিলেন। তিনি ২০০১ থেকে ২০০৪ সাল পর্যন্ত সে সময়ের বাংলাদেশের প্রধানমন্ত্রী বেগম খালেদা জিয়ার রাজনৈতিক সচিব হিসেবে দায়িত্ব পালন করেন। ফালু ২০০৩ সালে, বাংলাদেশের প্রথম অটোমেশন ভিত্তিক বেসরকারি স্যাটেলাইট টেলিভিশন স্টেশন ইন্টারন্যাশনাল টেলিভিশন চ্যানেল লিমিটেড (এনটিভি) চালু করেন। তিনি আরও একটি বেসরকারি স্যাটেলাইট চ্যানেল আরটিভি এবং বাংলা দৈনিক পত্রিকা দৈনিক আমার দেশ প্রতিষ্ঠা করেন। তিনি টেলিভিশন চ্যানেল মালিকদের (এসটিসিও) সমিতির প্রতিষ্ঠাতা সভাপতি।",পাঠ্যাংশে “তিনি টেলিভিশন চ্যানেল মালিকদের এসটিসিও” কীভাবে বর্ণিত হয়েছে?,তিনি টেলিভিশন চ্যানেল মালিকদের (এসটিসিও) সমিতির প্রতিষ্ঠাতা সভাপতি নয়।,,
test_0132,test,has_context,reading_comprehension,annotators disagree on correct vs wrong,wrong,tawhid=correct/none; shejan=wrong/contradiction,contradiction | entity | numeric | relational,কাগজের প্রচলন চীন থেকে সারাবিশ্বে ছড়িয়ে পরে মুসলিম বিশ্বের মাধ্যমে এবং ত্রয়োদশ শতাব্দীতে মধ্যযুগের ইউরোপে কাগজের উৎপাদন শুরু হয়। যেখানে সর্বপ্রথম পানি-চালিত কাগজ উৎপাদনের কাগজকল ও কলকব্জা বা মেশিন আবিষ্কার ও নির্মাণ করা হয়।[2],"অনুচ্ছেদ অনুযায়ী, “কাগজের প্রচলন চীন সারাবিশ্বে ছড়িয়ে” প্রসঙ্গে কী তথ্য দেওয়া হয়েছে?",কাগজের প্রচলন চীন থেকে সারাবিশ্বে ছড়িয়ে পরে মুসলিম বিশ্বের মাধ্যমে এবং ত্রয়োদশ শতাব্দীতে মধ্যযুগের ইউরোপে কাগজের উৎপাদন শুরু হয় না।,,
test_0148,test,has_context,reading_comprehension,annotators chose different types,wrong,tawhid=wrong/relational; shejan=wrong/numeric,contradiction | entity | numeric | relational,"প্রথম ডিজিটাল পরিচালিত এবং প্রোগ্রামযোগ্য রোবটটি ১৯৫৪ সালে জর্জ ডিভোল দ্বারা উদ্ভাবিত হয়েছিল এবং অবশেষে অ্যানিমেট নামে অভিহিত হয়েছিল। এটি পরে আধুনিক রোবোটিক্স শিল্পের ভিত্তি স্থাপন করে।দেভল সালে জেনারেল মোটরসকে প্রথম অ্যানিমিট বিক্রি করে এবং ১৯৬১ সালে টেন্টন, নিউ জার্সি একটি প্ল্যান্টে একটি ডাই কার্টসিং মেশিন থেকে উত্তপ্ত টুকরো ধাতু উত্তোলন এবং তাদের স্ট্যাকে ইনস্টল করা হয়। প্রথম ডিজিটাল চালিত প্রোগ্রামযোগ্য রোবোটিক আর্মের জন্য Devol এর পেটেন্ট আধুনিক রোবোটিক্স শিল্পের ভিত্তি প্রতিনিধিত্ব করে।",প্রদত্ত তথ্য অনুযায়ী “ডিজিটাল চালিত প্রোগ্রামযোগ্য রোবোটিক আর্মের” সম্পর্কে কী জানা যায়?,দ্বিতীয় ডিজিটাল চালিত প্রোগ্রামযোগ্য রোবোটিক আর্মের জন্য Devol এর পেটেন্ট আধুনিক রোবোটিক্স শিল্পের ভিত্তি প্রতিনিধিত্ব করে।,,
test_0153,test,has_context,reading_comprehension,marked unsure or unreadable,wrong,tawhid=wrong/entity; shejan=unsure/none,contradiction | entity | numeric | relational,"ভারতের উত্তরে পাকিস্তানের কারাকোরাম পর্বতমালাতে অবস্থিত গ্রেট বালটোরা পৃথিবীর দীর্ঘতম হিমবাহ। এর দৈর্ঘ্য প্রায় ৫৮ কিলোমিটার। হিমালয়ের এভারেস্ট শৃঙ্গের কাছে রংবুক ও কাশৃঙ্গ হিমবাহ অবস্থিত। অস্ট্রিয়া-ইতালি সীমান্তে আল্পস পর্বতমালার সিমিলাউন হিমবাহে ১৯৯১ সালে একজন মানুষের অবিকৃত দেহের সন্ধান পাওয়া যায়। ধারণা করা হয় দেহটি প্রায় ৫,৩০০ বছর সেখানে সমাহিত হয়ে ছিল।",পৃথিবীর দীর্ঘতম হিমবাহটির দৈর্ঘ্য কত ?,গ্রেট অবস্থিত,,
test_0158,test,has_context,reading_comprehension,annotators disagree on correct vs wrong,wrong,tawhid=correct/none; shejan=wrong/contradiction,contradiction | entity | numeric | relational,নিজামী ১৯৪৩ সালের ৩১শে মার্চ পাবনার সাঁথিয়া উপজেলার সলঙ্গী-মনমথপুর গ্রামে জন্মগ্রহণ করেন। ১৯৬৩ সালে কামিল এবং ১৯৬৭ সালে ঢাকা বিশ্ববিদ্যালয় থেকে স্নাতক সম্পন্ন করেন। তার পিতার নাম লুৎফর রহমান খান। ব্যক্তিগত জীবনে নিজামী সামসুন্নাহার সাথে বিবাহ বন্ধনে আবদ্ধ হন। সামসুন্নাহার ঢাকার মানারাত ইন্টারন্যাশনাল কলেজের অধ্যক্ষ হিসেবে দায়িত্ব পালন করছেন। এই দম্পত্তির চার পুত্র ও দুই কন্যা রয়েছে।,অনুচ্ছেদের ভিত্তিতে “ব্যক্তিগত জীবনে নিজামী সামসুন্নাহার সাথে” বিষয়ে কোন বক্তব্যটি সঠিক?,ব্যক্তিগত জীবনে নিজামী সামসুন্নাহার সাথে বিবাহ বন্ধনে আবদ্ধ হন নয়।,,
test_0165,test,has_context,reading_comprehension,annotators chose different types,wrong,tawhid=wrong/relational; shejan=wrong/numeric,contradiction | entity | numeric | relational,"ভাই গিরিশচন্দ্র সেন বর্তমান নরসিংদী জেলার পাঁচদোনা গ্রামে এক বিখ্যাত দেওয়ান বৈদ্যবংশে জন্মগ্রহণ করেন।[1] গিরিশচন্দ্রের পিতা ছিলেন মাধবরাম সেন এবং পিতামহ ছিলেন রামমোহন সেন। গিরিশচন্দ্ররা ছিলেন তিন ভাই। ঈশ্বরচন্দ্র সেন, হরচন্দ্র সেন এবং সর্বকনিষ্ঠ গিরিশচন্দ্র সেন। ভাই গিরিশচন্দ্র সেনের পরিবার ছিল অত্যন্ত গোঁড়াপন্থি। পরিবারে সনাতন ধর্মের আচরণ প্রয়োজনের তুলনায় একটু বাড়াবাড়ি রকমভাবেই মেনে চলা হতো। এমন একটি কুসংস্কারাচ্ছন্ন পরিবারে জন্ম নিয়েও গিরিশচন্দ্র সেন একজন সম্পূর্ণ সংস্কার মুক্ত মানুষ হয়েছিলেন। অন্য ধর্মের উপর গবেষণা করে খ্যাতি অর্জন করেছিলেন।",অনুচ্ছেদের আলোকে “এমন কুসংস্কারাচ্ছন্ন পরিবারে জন্ম নিয়েও” বিষয়ে প্রাসঙ্গিক তথ্যটি কী?,এমন দুটি কুসংস্কারাচ্ছন্ন পরিবারে জন্ম নিয়েও গিরিশচন্দ্র সেন একজন সম্পূর্ণ সংস্কার মুক্ত মানুষ হয়েছিলেন।,,
test_0169,test,has_context,law,"human says correct, corpus says wrong",wrong,tawhid=correct/none; shejan=correct/none,contradiction | entity | numeric | relational,বাংলাদেশের সংবিধান ১৯৭২ সালের ৪ নভেম্বর গণপরিষদে গৃহীত হয় এবং একই বছর ১৬ ডিসেম্বর বিজয় দিবসে বলবৎ হয়।,বাংলাদেশের স্বাধীনতার সাংবিধানিক যাত্রা কবে শুরু হয়েছিল?,১৯৭২ সালের ৪ নভেম্বর,,
test_0174,test,has_context,law,marked unsure or unreadable,wrong,tawhid=correct/none; shejan=unsure/none,contradiction | entity | numeric | relational,ভারতীয় উপমহাদেশে সাংবিধানিক ধারার বিকাশ ঘটে ১৭৭৩ সালের রেগুলেটিং অ্যাক্ট পাসের মধ্য দিয়ে এবং ক্রমান্বয়ে তা পরিবর্তিত হতে থাকে ১৯৩৫ সালের ভারত শাসন আইন পর্যন্ত।,১৮৮৫ সালে ভারতীয় জাতীয় কংগ্রেস প্রতিষ্ঠিত হয় কোন লক্ষ্যে?,সামরিক শাসন সমর্থনের লক্ষ্যে,,
test_0182,test,has_context,reading_comprehension,annotators chose different types,wrong,tawhid=wrong/relational; shejan=wrong/contradiction,contradiction | entity | numeric | relational,"জোসেট তালামেরা বিয়ো (জন্ম ১৯ মার্চ, ১৯৫৮) একজন ফিলিপিনো জীববিজ্ঞানী এবং একাডেমিক প্রশাসক যিনি ২০১১ থেকে ২০১৪ সাল পর্যন্ত ফিলিপাইন সায়েন্স হাই স্কুল সিস্টেম-এর নির্বাহী পরিচালক হিসেবে দায়িত্ব পালন করেছেন। তিনি বিজ্ঞান ও শিক্ষায় তার অবদানের জন্য আন্তর্জাতিক স্বীকৃতি লাভ করেছেন।",প্রদত্ত তথ্য অনুযায়ী “তিনি বিজ্ঞান শিক্ষায় তার অবদানের” সম্পর্কে কী জানা যায়?,তিনি বিজ্ঞান ও শিক্ষায় তার অবদানের জন্য আন্তর্জাতিক স্বীকৃতি লাভ করে নাছেন।,,
test_0186,test,has_context,history,annotators chose different types,wrong,tawhid=wrong/relational; shejan=wrong/numeric,contradiction | entity | numeric | relational,ঢাকা বিশ্ববিদ্যালয় বাংলাদেশের তথা পূর্ব বাংলার প্রথম বিশ্ববিদ্যালয়। ১৯২১ সালের ১লা জুলাই এ বিশ্ববিদ্যালয়ের শিক্ষা কার্যক্রম শুরু হয়। পূর্ববঙ্গে ঢাকা বিশ্ববিদ্যালয়ের একটি গুরুত্বপূর্ণ অবদান হল একটি মুসলমান মধ্যবিত্ত সমাজ সৃষ্টি করা।,ঢাকা বিশ্ববিদ্যালয়ের শিক্ষা কার্যক্রম কবে শুরু হয়?,১৯২১ সালের ১লা আগস্ট,,
test_0196,test,has_context,history,annotators chose different types,wrong,tawhid=wrong/entity; shejan=wrong/contradiction,contradiction | entity | numeric | relational,অনেক আশা সত্বেও মুজিব-ইয়াহিয়া বৈঠক সফল হয়নি।,মুজিব-ইয়াহিয়া বৈঠক নিয়ে জনগণের আশার পরিণতি কী হয়েছিল?,বৈঠকে ক্ষমতা হস্তান্তরের একটি খসড়া চুক্তি স্বাক্ষরিত হয়,,
test_0213,test,has_context,reading_comprehension,"human says correct, corpus says wrong",wrong,tawhid=correct/none; shejan=correct/none,contradiction | entity | numeric | relational,"ভাই গিরিশচন্দ্র সেন বর্তমান নরসিংদী জেলার পাঁচদোনা গ্রামে এক বিখ্যাত দেওয়ান বৈদ্যবংশে জন্মগ্রহণ করেন।[1] গিরিশচন্দ্রের পিতা ছিলেন মাধবরাম সেন এবং পিতামহ ছিলেন রামমোহন সেন। গিরিশচন্দ্ররা ছিলেন তিন ভাই। ঈশ্বরচন্দ্র সেন, হরচন্দ্র সেন এবং সর্বকনিষ্ঠ গিরিশচন্দ্র সেন। ভাই গিরিশচন্দ্র সেনের পরিবার ছিল অত্যন্ত গোঁড়াপন্থি। পরিবারে সনাতন ধর্মের আচরণ প্রয়োজনের তুলনায় একটু বাড়াবাড়ি রকমভাবেই মেনে চলা হতো। এমন একটি কুসংস্কারাচ্ছন্ন পরিবারে জন্ম নিয়েও গিরিশচন্দ্র সেন একজন সম্পূর্ণ সংস্কার মুক্ত মানুষ হয়েছিলেন। অন্য ধর্মের উপর গবেষণা করে খ্যাতি অর্জন করেছিলেন।",গিরিশচন্দ্র সেন কোথায় জন্মগ্রহণ করেন ?,নরসিংদী জেলার পাঁচদোনা গ্রামে,,
test_0219,test,has_context,law,marked unsure or unreadable,wrong,tawhid=wrong/relational; shejan=unsure/none,contradiction | entity | numeric | relational,"১৯৭১ সালের ৭ মার্চ জাতির পিতা বঙ্গবন্ধু শেখ মুজিবুর রহমান ঢাকার রেসকোর্স ময়দানে (বর্তমান শহীদ সোহরাওয়ার্দী উদ্যান) ঐতিহাসিক ভাষণ দেন, যা বাঙালি জাতিকে স্বাধীনতা সংগ্রামের পথ দেখিয়েছিল।",বঙ্গবন্ধু শেখ মুজিবুর রহমানকে সপরিবারে হত্যা করা হয় কবে?,১৯৭৫ সালের ১৫ জুলাই,,
test_0228,test,has_context,reading_comprehension,annotators chose different types,wrong,tawhid=wrong/relational; shejan=wrong/entity,contradiction | entity | numeric | relational,১৯৬০ সালের আগস্ট মাসে জিয়াউর রহমানের সাথে তার বিয়ে হয়। জিয়াউর রহমানের ডাক নাম কমল। জিয়া তখন ছিলেন পাকিস্তান সেনাবাহিনীর একজন ক্যাপ্টেন। ডি এফ আই এর অফিসার হিসাবে তখন দিনাজপুরে কর্মরত ছিলেন।,বাংলাদেশ জাতীয়তাবাদী দলের প্রধান বেগম খালেদা জিয়ার স্বামীর নাম কী ছিল ?,অফিসার রহমানের,,
test_0236,test,has_context,reading_comprehension,annotators disagree on correct vs wrong,wrong,tawhid=correct/none; shejan=wrong/contradiction,contradiction | entity | numeric | relational,"যোনি নারীর প্রজননতন্ত্রের বহির্ভাগ। যৌনসঙ্গম কালে পুরুষ তার লিঙ্গ নারীর যোনীতে প্রবিষ্ট করে এবং অঙ্গচালনার মাধ্যমে বীর্য নিক্ষেপ করে। এই বীর্য নারীর জরায়ূতে অবস্থিত ডিম্ব নিষিক্ত করে মানব ভ্রূণের জন্ম দিতে সক্ষম। অন্যদিকে, যোনী নারীর প্রধান কামাঙ্গ বা যৌনাঙ্গ। কুমারীর যোনীর অভ্যন্তরভাগে যোনিগহবর একটি পর্দা যারা আবৃত থাকে যাকে বলা হয় সতীচ্ছেদ। যৌনসঙ্গম কালে সতীচ্ছেদ ছিঁড়ে যায়। মূত্র ও নারীর মাসিক রজঃস্রাব কালে যোনী পথেই রক্তের নির্গমন হয়। স্বাভাবিক অবস্তায় যোনীপথেই মানব সন্তান ভূমিষ্ঠ হয়।[1]",পাঠ্যাংশে “স্বাভাবিক অবস্তায় যোনীপথেই মানব সন্তান” কীভাবে বর্ণিত হয়েছে?,স্বাভাবিক অবস্তায় যোনীপথেই মানব সন্তান ভূমিষ্ঠ হয় না।,,
test_0238,test,has_context,reading_comprehension,"human says correct, corpus says wrong",wrong,tawhid=correct/none; shejan=correct/none,contradiction | entity | numeric | relational,"লোর্কান জন টাকার (জন্ম ১০ সেপ্টেম্বর ১৯৯৬) একজন আইরিশ ক্রিকেটার এবং উইকেট-রক্ষক-ব্যাটসম্যান। তিনি ২০১৬ অনূর্ধ্ব-১৯ ক্রিকেট বিশ্বকাপের জন্য আয়ারল্যান্ডের স্কোয়াডের অংশ ছিলেন এবং সেপ্টেম্বর ২০১৬ সালে আয়ারল্যান্ড ক্রিকেট দলের হয়ে তার আন্তর্জাতিক অভিষেক হয়। তিনি বর্তমানে ইন্টারন্যাশনাল লিগ টি২০য়ে এমআই এমিরেট্‌সের হয়ে খেলেন। জানুয়ারি ২০২০-এ, তিনি ছিলেন ক্রিকেট আয়ারল্যান্ড থেকে কেন্দ্রীয় চুক্তিতে ভূষিত হওয়া উনিশজন খেলোয়াড়দের মধ্যে একজন, প্রথম বছর যেখানে সমস্ত চুক্তি সম্পূর্ণ সময়ের ভিত্তিতে দেওয়া হয়েছিল। ২০২২ সালে তিনি আরও দুই বছরের চুক্তিতে ভূষিত হন।",লোর্কান টাকার কবে জন্মগ্রহণ করেন?,১০ সেপ্টেম্বর ১৯৯৬,,
test_0245,test,has_context,history,annotators chose different types,wrong,tawhid=wrong/numeric; shejan=wrong/entity,contradiction | entity | numeric | relational,নীতিকাব্য তোহফা (১৬৬৪) এবং সঙ্গীতবিষয়ক কাব্য রাগতালনামা।,আলাওলের নীতিকাব্যটির নাম কী এবং কোন সালে রচিত?,"সিকান্দরনামা, ১৬৭৩ সালে",,
test_0250,test,has_context,reading_comprehension,annotators chose different types,wrong,tawhid=wrong/relational; shejan=wrong/numeric,contradiction | entity | numeric | relational,প্রত্যেকটি মৌচাকে মৌমাছিরা বসতিবদ্ধ হয়ে একটি বড় পরিবার বা সমাজ গড়ে বাস করে ৷ আকার ও কাজের ভিত্তিতে মৌমাছিরা তিন সম্প্রদায়ে বিভক্ত:,প্রদত্ত তথ্য অনুযায়ী “প্রত্যেকটি মৌচাকে মৌমাছিরা বসতিবদ্ধ হয়ে” সম্পর্কে কী জানা যায়?,প্রত্যেকটি মৌচাকে মৌমাছিরা বসতিবদ্ধ হয়ে দুটি বড় পরিবার বা সমাজ গড়ে বাস করে ৷ আকার ও কাজের ভিত্তিতে মৌমাছিরা তিন সম্প্রদায়ে বিভক্ত:,,
test_0252,test,no_context,law,annotators disagree on correct vs wrong,wrong,tawhid=correct/none; shejan=wrong/fabricated,fabricated | overclaim,,"স্থানীয় সরকার (ইউনিয়ন পরিষদ) আইন, ২০০৯-এর ধারা ৫৬-এর বিষয় কী?",বাজেট,,
test_0253,test,has_context,reading_comprehension,annotators disagree on correct vs wrong,wrong,tawhid=correct/none; shejan=wrong/entity,contradiction | entity | numeric | relational,"চূর্ণী পরে যাদবপুর বিশ্ববিদ্যালয়ের ছাত্রী থাকাকালীন ,১৯৮৭ সালে সুমন মুখোপাধ্যায়ের ও হবু স্বামী কৌশিক গাঙ্গুলির সঙ্গে একটি নাটিকের দল গঠন করেন। [3] চূর্ণী চিত্র পরিচালক কৌশিক গাঙ্গুলিকে বিবাহ করেন এবং তাঁদের একটি পুত্র সন্তান আছে।পুত্রের নাম উজান গাঙ্গুলি।[4]",চূর্ণী গাঙ্গুলির স্বামীর নাম কী ?,সুমন গাঙ্গুলিকে,,
test_0281,test,has_context,others,annotators chose different types,wrong,tawhid=wrong/entity; shejan=wrong/contradiction,contradiction | entity | numeric | relational,অ্যালুমিনিয়াম ফেরোম্যাগনেটিক নয় এবং সাধারণ ব্যবহারে অ-চৌম্বক পদার্থ হিসেবে শ্রেণিবদ্ধ। লোহা ফেরোম্যাগনেটিক।,লোহা কি চৌম্বক পদার্থ?,না।,,
test_0282,test,no_context,grammar,marked unsure or unreadable,wrong,tawhid=unsure/none; shejan=unreadable/none,fabricated | overclaim,,'জায়া' শব্দটি বহুব্রীহি সমাসে কী ড়স হয়?,দম জানি প,,
test_0284,test,has_context,history,annotators chose different types,wrong,tawhid=wrong/relational; shejan=wrong/numeric,contradiction | entity | numeric | relational,ধলঘাট সংঘর্ষের সে রাতেই গোলাগুলিতে ক্যাপ্টেন ক্যামেরনের মৃত্যুর পর পুলিশের এস. আই মনোরঞ্জন বোস পটিয়ার মিলিটারী ক্যাম্পে গিয়ে আরো ত্রিশজন সৈন্য এবং একটা লুইস গান নিয়ে সাবিত্রী দেবীর বাড়িতে ফিরে আসেন।,ক্যাপ্টেন ক্যামেরনের মৃত্যুর পর এস.আই মনোরঞ্জন বোস আর কতজন সৈন্য নিয়ে ফিরে আসেন?,আরো কুড়িজন সৈন্য।,,
test_0288,test,has_context,reading_comprehension,annotators disagree on correct vs wrong,wrong,tawhid=correct/none; shejan=wrong/contradiction,contradiction | entity | numeric | relational,"ভীষ্ম প্রবল পরাক্রান্ত হয়ে উঠলে স্বয়ং কৃষ্ণ তাকে প্রতিরোধ করতে গিয়ে 'যুদ্ধে যোগদান না করার' প্রতিজ্ঞা ভঙ্গ করেন। যুদ্ধের ১০ম দিনে অর্জুন শিখণ্ডীকে (পূর্বজন্মে অম্বা) সাথে রেখে নিরস্ত্র ভীষ্মের ওপর ক্রমাগত বাণবর্ষণ করতে থাকেন ও এই বাণ দ্বারা ভীষ্ম শরশয্যায় শায়িত হয় ও তার পতন ঘটে। কৌরব পক্ষের সেনাপতি হন অস্ত্রগুরু দ্রোন। অর্জুনের পুত্র অভিমন্যু কৌরবদের চক্রব্যুহে প্রবেশ করলেও বের হবার উপায় না জানায় একা ‘সপ্তরথী’র সাথে যুদ্ধ করে নিহত হয়। এরপর কৃষ্ণের মন্ত্রণায় ভীম অশ্বত্থামা নামে একটি হাতিকে মারে ও সত্যবাদী যুধিষ্ঠির দ্রোণকে তাঁর পুত্রের মৃত্যুর মিথ্যা সংবাদ জানায় (“অশ্বত্থামা হত, ইতি গজ।”)। শোকে দ্রোণ অস্ত্রত্যাগ করলে দ্রৌপদীর ভ্রাতা ধৃষ্টদ্যুম্ন তাঁকে বধ করেন। ভীম দুঃশাসনের বুক চিরে রক্তপান করেন। সেনাপতি কর্ণ সারথি হিসেবে পান মহাবীর শল্যকে। কর্ণ ও অর্জুনের প্রবল দ্বৈরথ হয়। কর্ণ-অর্জুনের যুদ্ধে কর্ণের রথের চাকা মাটিতে বসে যায় ও কর্ণ চাকা তুলতে গেলেঅর্জুন তাঁকে বধ করেন। যুধিষ্ঠির শল্যকে ও সহদেব শকুনিকে বধ করেন। একে একে সবার মৃত্যু হয়। শেষে ভীম কৃষ্ণের ইঙ্গিতে অন্যায়ভাবে গদা দ্বারা দুর্যোধনের ঊরুভঙ্গ করে তাঁকে বধ করেন। কিন্তু গভীর রাতে অশ্বত্থামা পাণ্ডব শিবিরে প্রবেশ করে দ্রৌপদীর পঞ্চপুত্র, ধৃষ্টদ্যুম্ন প্রভৃতিদের হত্যা করেন। ক্রুদ্ধ পাণ্ডবেরা অশ্বত্থামার মস্তকের মণি হরণ করেন ও জরাগ্রস্ত অমর অশ্বত্থামা নিরুদ্দিষ্ট হন।",পাঠ্যাংশ অনুসারে “শেষে ভীম কৃষ্ণের ইঙ্গিতে অন্যায়ভাবে” সম্পর্কিত উত্তর দিন।,শেষে ভীম কৃষ্ণের ইঙ্গিতে অন্যায়ভাবে গদা দ্বারা দুর্যোধনের ঊরুভঙ্গ করে তাঁকে বধ করেন না।,,
test_0289,test,has_context,reading_comprehension,annotators disagree on correct vs wrong,wrong,tawhid=correct/none; shejan=wrong/contradiction,contradiction | entity | numeric | relational,"সার্বভৌমত্ব বলতে কোন দেশ বা রাষ্ট্রের নিজের অভ্যন্তরীন এবং অন্যান্যরাষ্ট্রের সঙ্গে সম্পর্ক নির্ধারণের চূড়ান্ত ক্ষমতাকে বোঝায়। সার্বভৌমত্ব কোনো পরিচালনা পর্ষদের বাইরের কোনো উৎস বা সংগঠনের হস্তক্ষেপ ছাড়া কাজ করার পূর্ণ অধিকার ও ক্ষমতা। রাজনৈতিক তত্ত্ব অনুযায়ী, সার্বভৌমত্ব কোনো একটি রাষ্ট্রব্যবস্থার উপর সর্বোচ্চ ক্ষমতা নির্দেশকারী একটি গুরুত্বপূর্ণ পরিভাষা। এটি রাষ্ট্রগঠনের সার্বভৌমত্বকেন্দ্রিক মতবাদের একটি মূলনীতি।",পাঠ্যাংশ থেকে “সার্বভৌমত্ব কোনো পরিচালনা পর্ষদের বাইরের” সম্পর্কিত সঠিক তথ্যটি লিখুন।,সার্বভৌমত্ব কোনো পরিচালনা পর্ষদের বাইরের কোনো উৎস বা সংগঠনের হস্তক্ষেপ ছাড়া কাজ করার পূর্ণ অধিকার ও ক্ষমতা নয়।,,
test_0296,test,has_context,history,annotators chose different types,wrong,tawhid=wrong/relational; shejan=wrong/entity,contradiction | entity | numeric | relational,ঢাকেশ্বরী মন্দিরটি সেন রাজবংশের রাজা বল্লাল সেন দ্বাদশ শতাব্দীতে প্রতিষ্ঠা করেন; উল্লেখ্য পাল রাজবংশও বাংলার আরেকটি প্রাচীন রাজবংশ ছিল।,ঢাকেশ্বরী মন্দির কোন রাজবংশের রাজা প্রতিষ্ঠা করেন?,পাল রাজবংশ,,
test_0303,test,has_context,history,marked unsure or unreadable,wrong,tawhid=unsure/none; shejan=unsure/none,contradiction | entity | numeric | relational,"১৯৭৩ এর অর্ডিন্যান্স চালু হওয়ার পর থেকে বিশ্ববিদ্যালয়ের শিক্ষকবৃন্দ নীল, সাদা ও গোলাপী এই তিন রঙের প্যানেলে বিভক্ত হয়ে বিশ্ববিদ্যালয়ের বিভিন্ন নির্বাচনে অংশগ্রহণ করছেন।",১৯৭৩ এর অর্ডিন্যান্সের পর থেকে ঢাকা বিশ্ববিদ্যালয়ের শিক্ষকরা কয়টি প্যানেলে বিভক্ত হয়ে নির্বাচনে অংশ নেন?,"তিনটি (নীল, সাদা ও গোলাপি)",,
test_0316,test,has_context,grammar,annotators chose different types,wrong,tawhid=wrong/relational; shejan=wrong/entity,contradiction | entity | numeric | relational,'গো' ও 'অক্ষ' শব্দ দুটির সন্ধিতে নতুন শব্দ গঠিত হয় (নিপাতনে সিদ্ধ স্বরসন্ধি)।,'গো' ও 'অক্ষ' শব্দ দুটির সন্ধিতে কোন শব্দ গঠিত হয়?,গোঅক্ষ,,
test_0317,test,has_context,history,annotators chose different types,wrong,tawhid=wrong/entity; shejan=wrong/contradiction,contradiction | entity | numeric | relational,জিন্নাহর এই বাংলা বিরোধী স্পষ্ট অবস্থানের ফলে পূর্ব পাকিস্তানে ভাষা আন্দোলন আরো বেশি গ্রহণযোগ্যতা লাভ করে এবং আন্দোলন ঢাকার বাইরেও ছড়িয়ে পড়ে।,জিন্নাহর বাংলাবিরোধী অবস্থানের ফলে ভাষা আন্দোলন কী প্রভাব লাভ করে?,আন্দোলন সাময়িকভাবে স্তিমিত হয়ে যায়,,
test_0324,test,has_context,reading_comprehension,annotators disagree on correct vs wrong,wrong,tawhid=correct/none; shejan=wrong/contradiction,contradiction | entity | numeric | relational,শফি বিক্রমপুরী (৪ জুলাই ১৯৪৩ - ১৮ অক্টোবর ২০২৩) ছিলেন বাংলাদেশী চলচ্চিত্রকার ও রাজনীতিবিদ। তিনি এদেশের চলচ্চিত্র অঙ্গনের অত্যন্ত সফল এবং সকলের শ্রদ্ধাভাজন ব্যক্তি ছিলেন। তিনি ১৯৪৩ সালের ৪ঠা জুলাই মুন্সিগঞ্জ জেলার শ্রীনগর উপজেলার মত্তগ্রামে নানার বাড়ীতে জন্মগ্রহণ করেন।,অনুচ্ছেদের আলোকে “তিনি এদেশের চলচ্চিত্র অঙ্গনের অত্যন্ত” বিষয়ে প্রাসঙ্গিক তথ্যটি কী?,তিনি এদেশের চলচ্চিত্র অঙ্গনের অত্যন্ত সফল এবং সকলের শ্রদ্ধাভাজন ব্যক্তি ছিলেন না।,,
test_0333,test,has_context,law,annotators chose different types,wrong,tawhid=wrong/relational; shejan=wrong/entity,contradiction | entity | numeric | relational,সরকার ইউনিয়ন পরিষদের জন্য প্রাক প্রকাশনার মাধ্যমে আদর্শ কর তফসিল প্রণয়ন করিতে পারিবে এবং অনুরূপ তফসিল চূড়ান্তভাবে প্রকাশিত হইলে উক্ত আদর্শ কর তফসিলে উল্লিখিত করের পরিমাণ সকল পরিষদের জন্য নমুনা হিসাবে গণ্য হইবে।,"প্রদত্ত প্রসঙ্গ অনুযায়ী স্থানীয় সরকার (ইউনিয়ন পরিষদ) আইন, ২০০৯-এর ধারা ৬৬ সম্পর্কে কী বলা হয়েছে?",সরকার উপজেলা পরিষদের জন্য প্রাক প্রকাশনার মাধ্যমে আদর্শ কর তফসিল প্রণয়ন করিতে পারিবে এবং অনুরূপ তফসিল চূড়ান্তভাবে প্রকাশিত হইলে উক্ত আদর্শ কর তফসিলে উল্লিখিত করের পরিমাণ সকল পরিষদের জন্য নমুনা হিসাবে গণ্য হইবে।,,
test_0347,test,has_context,reading_comprehension,annotators chose different types,wrong,tawhid=wrong/entity; shejan=wrong/numeric,contradiction | entity | numeric | relational,বাংলাদেশে সাধারণত তিন প্রজাতির মৌমাছি পাওয়া যায়।,মোট কতগুলি প্রজাতির মৌমাছি দেখা যায় ?,বাংলাদেশে সাধারণত চার প্রজাতির মৌমাছি দেখা যায়।,,
test_0350,test,has_context,reading_comprehension,annotators chose different types,wrong,tawhid=wrong/relational; shejan=wrong/entity,contradiction | entity | numeric | relational,"বস্তুত, কাগজ শব্দটি আরবী মূলক। এছাড়া দোয়াত, কলমও এজাতীয় আরবি শব্দ। সুতরাং কাগজ শব্দটি আরবি হলেও প্রাচীন হিন্দুরাজ্য সময়ে ভারতে কাগজের ব্যবহার ছিল এমনটা মনে করা হয়।[4]",প্রদত্ত অনুচ্ছেদে “এছাড়া দোয়াত কলমও এজাতীয় আরবি” সম্পর্কে মূল বক্তব্যটি কী?,"এছাড়া দোয়াত, কলমও এজাতীয় ফারসি শব্দ।",,
test_0357,test,has_context,reading_comprehension,annotators chose different types,wrong,tawhid=wrong/relational; shejan=wrong/numeric,contradiction | entity | numeric | relational,"রিচার্ড উইড উইডমার্ক (ডিসেম্বর ২৬, ১৯১৪-মার্চ ২৪, ২০০৮) একজন মার্কিন চলচ্চিত্র, মঞ্চ, এবং টেলিভিশন অভিনেতা ও প্রযোজক। তিনি তাঁর সর্বপ্রথম অভিনীত চলচ্চিত্র “কিস অফ ডেথ” – এ টমি উডো নামে একজন খলনায়কের ভূমিকায় অভিনয়ের জন্য অস্কার মনোনয়ন পেয়েছিলেন। তিনি গোল্ডেন গ্লোব জয়ী হন সবচেয়ে উজ্জ্বল নবাগত হিসেবে। অভিনয় জীবনের শুরুর দিকে তিনি নোয়া চলচ্চিত্রে খলনায়কের ভূমিকায় বেশী অভিনয় করেন, তবে পরে তিনি নায়কের চরিত্রে অভিনয় করেন ওয়েস্টার্ন, নাট্য এবং ভয়ের চলচ্চিত্রে। চলচ্চিত্র জগতে অবদানের জন্য হলিউড ওয়াক অফ ফেইম-এ উইডমার্কের একটি তারকা আছে।",অনুচ্ছেদের আলোকে “চলচ্চিত্র জগতে অবদানের জন্য হলিউড” বিষয়ে প্রাসঙ্গিক তথ্যটি কী?,চলচ্চিত্র জগতে অবদানের জন্য হলিউড ওয়াক অফ ফেইম-এ উইডমার্কের দুটি তারকা আছে।,,
test_0362,test,has_context,others,annotators disagree on correct vs wrong,wrong,tawhid=correct/none; shejan=wrong/numeric,contradiction | entity | numeric | relational,ধারাটি একটি গুণোত্তর ধারা: প্রথম পদ ১/√২ এবং সাধারণ অনুপাত √২। n-তম পদ (1/√2)(√2)^(n−1)। এটি 8√2 হলে n=9।,ধারাটির সাধারণ অনুপাত কত?,২।,,
test_0364,test,has_context,history,annotators chose different types,wrong,tawhid=wrong/relational; shejan=wrong/numeric,contradiction | entity | numeric | relational,"কলকাতা বিশ্ববিদ্যালয় কমিশন ঢাকা বিশ্ববিদ্যালয় প্রতিষ্ঠার ব্যাপারে তেরোটি সুপারিশ করেছিল, এবং কিছু রদবদল সহ তা ১৯২০ সালের ভারতীয় আইন সভায় গৃহীত হয়। ভারতের তদানীন্তন গভর্নর জেনারেল ১৯২০ সালের ২৩শে মার্চ তাতে সম্মতি প্রদান করেন। স্যাডলার কমিশনের অন্যতম সদস্য লন্ডন বিশ্ববিদ্যালয়ের একাডেমিক রেজিস্টার পি. জে. হার্টগ ১৯২০ সালের ১লা ডিসেম্বর ঢাকা বিশ্ববিদ্যালয়ের উপাচার্য হিসেবে নিয়োগ প্রাপ্ত হন। ১৯২১ সালের ১লা জুলাই ঢাকা বিশ্ববিদ্যালয় আনুষ্ঠানিক ভাবে কার্যক্রম শুরু করে।",কলকাতা বিশ্ববিদ্যালয় কমিশনের সুপারিশে মোট কতটি সুপারিশ ছিল ঢাকা বিশ্ববিদ্যালয় প্রতিষ্ঠা নিয়ে?,পনেরোটি সুপারিশ,,
test_0373,test,has_context,history,annotators chose different types,wrong,tawhid=wrong/relational; shejan=wrong/numeric,contradiction | entity | numeric | relational,২০০৮ সালের ৭ অক্টোবর সৌরভ ঘোষণা করেন যে সেই মাসে শুরু হতে চলা টেস্ট সিরিজটিই হবে তার জীবনের সর্বশেষ টেস্ট সিরিজ।,সৌরভ কবে ঘোষণা করেন যে আসন্ন টেস্ট সিরিজই হবে তার শেষ টেস্ট সিরিজ?,৭ নভেম্বর ২০০৮।,,
test_0378,test,has_context,law,marked unsure or unreadable,wrong,tawhid=wrong/numeric; shejan=unsure/none,contradiction | entity | numeric | relational,"১৯৭১ সালের ৭ মার্চ জাতির পিতা বঙ্গবন্ধু শেখ মুজিবুর রহমান ঢাকার রেসকোর্স ময়দানে (বর্তমান শহীদ সোহরাওয়ার্দী উদ্যান) ঐতিহাসিক ভাষণ দেন, যা বাঙালি জাতিকে স্বাধীনতা সংগ্রামের পথ দেখিয়েছিল।",বঙ্গবন্ধু শেখ মুজিবুর রহমানের নেতৃত্বে আওয়ামী লীগ পাকিস্তানিদের বিরুদ্ধে কত বছর ধরে ন্যায্য অধিকার আদায়ের সংগ্রাম করেছিল বলে উল্লেখ আছে?,দীর্ঘ ৯ বছর,,
test_0387,test,no_context,science,annotators disagree on correct vs wrong,wrong,tawhid=correct/none; shejan=wrong/fabricated,fabricated | overclaim,,বাংলাদেশে প্রায় কত প্রজাতির গেছো ব্যাঙ দেখা যায়?,১৪টি প্রজাতি,,
test_0388,test,has_context,reading_comprehension,annotators disagree on correct vs wrong,wrong,tawhid=correct/none; shejan=wrong/contradiction,contradiction | entity | numeric | relational,"এই সিরিজটি অনেক প্রকাশনা পুরস্কার ও প্রশংসা পেয়েছে। এগুলোর মধ্যে, প্রথম তিনটি বই, হ্যারি পটার অ্যান্ড দ্য ফিলোসফার্স স্টোন, হ্যারি পটার অ্যান্ড দ্য চেম্বার অফ সিক্রেটস এবং হ্যারি পটার অ্যান্ড দ্য প্রিজনার অফ আজকাবান, ১৯৯৭, ১৯৯৮, ১৯৯৯ সালে নেসলে স্মার্টিস বুক প্রাইজ পেয়েছে ৯-১১ বছর বয়সীদের শ্রেণীতে ।[14]",হ্যারি পটার সিরিজের দ্বিতীয় চলচ্চিত্রটির নাম কী ?,হ্যারি পটার অ্যান্ড দ্য চেম্বার অফ সিক্রেটস নয়।,,
test_0389,test,has_context,law,marked unsure or unreadable,wrong,tawhid=wrong/numeric; shejan=unsure/none,contradiction | entity | numeric | relational,"নারীবাদ (Feminism) ১৮৮০ সালে ফ্রান্সে, ১৮৯০ সালে যুক্তরাজ্যে এবং ১৯১০ সালে যুক্তরাষ্ট্রে বিশ্বব্যাপী আন্দোলন হিসেবে প্রচলন লাভ করে।",বেটি ফ্রিডানের 'দ্য ফেমিনিন মিস্টিক' গ্রন্থটি কোন সালে প্রকাশিত হয়?,১৯৫৩ সালে,,
test_0396,test,has_context,history,marked unsure or unreadable,wrong,tawhid=wrong/relational; shejan=unsure/none,contradiction | entity | numeric | relational,"উইন্ডোজে ইউনিকোড ভিত্তিক বাংলা লেখার জন্য ২০০৩ সালের ২৬শে মার্চ অভ্র কিবোর্ড সফটওয়্যারটি আবির্ভূত হয়। এর সাহায্যে বাংলা লিপি ব্যবহার করে এমন সব ভাষাতেই টাইপ করা যায়, এ ধরনের ভাষার মধ্যে অসমীয়া ভাষা অন্যতম। মেহদী হাসান খান ময়মনসিংহ মেডিকেল কলেজের একজন ছাত্র থাকাকালীন ২০০৩ সালে অভ্র কিবোর্ড তৈরির কাজ শুরু করেন।",অভ্র কিবোর্ডের মূল উদ্ভাবক কে?,মেহদী হাসান খাণ,,
test_0405,test,no_context,bcs,marked unsure or unreadable,wrong,tawhid=unsure/none; shejan=wrong/fabricated,fabricated | overclaim,,"মুক্তিযুদ্ধকালে কোলকাতার ৮, থিয়েটার রােডে “বাংলাদেশ বাহিনী” কখন গঠন করা হয়?","এপ্রিল ১০, ১৯৭১",,
test_0433,test,has_context,history,annotators chose different types,wrong,tawhid=wrong/entity; shejan=wrong/contradiction,contradiction | entity | numeric | relational,"উদ্দেশ্য ছিল মুক্তিবাহিনীর সদস্য সংখ্যা বৃদ্ধি করা, উপযুক্ত প্রশিক্ষণের ব্যবস্থা করা এবং অস্ত্রশস্ত্র গোলাবারুদ সংগ্রহ করা এবং, সর্বোপরি, যথাযথ প্রস্তুতি নিয়ে পাকিস্তানি বাহিনীর বিরূদ্ধে যুদ্ধ পরিচালনা করা।",দেশকে বিভিন্ন এলাকায় ভাগ করে সামরিক নেতা নির্বাচনের সিদ্ধান্তের উদ্দেশ্য কী ছিল (একটি উল্লেখ করুন)?,শুধুমাত্র আন্তর্জাতিক সম্প্রদায়ের কাছে প্রচারণা চালানো,,
test_0437,test,no_context,bcs,annotators disagree on correct vs wrong,wrong,tawhid=correct/none; shejan=wrong/fabricated,fabricated | overclaim,,ঐতিহাসিক 'ছয়-দফা' বঙ্গবন্ধু শেখ মুজিবুর রহমান আনুষ্ঠানিকভাবে ঘোষণা করেন—,৫ ফেব্রুয়ারি ১৯৬৬,,
test_0444,test,has_context,reading_comprehension,annotators chose different types,wrong,tawhid=wrong/relational; shejan=wrong/contradiction,contradiction | entity | numeric | relational,"মহাবংশ সংস্করণ এই সংস্করণে, বিজয় এর দিদা ছিল এক রাজকুমারী ।যার রাজ্য বঙ্গ এবং কলিঙ্গ রাজ্যের (বর্তমান পশ্চিমবঙ্গ এবং ওড়িশা) মধ্যে ছিল। তিনি সিংহের সঙ্গে দুটি সন্তান হয়।সিংহ তাদের একটি বনের মধ্যে বন্দি করে রাখে । পরে, রাজকুমারী এবং তার দুটি সন্তান বন্দিদশা পালিয়ে যায়।তার ছেলে সিংহবাহু, সিংহকে হত্যা করে। রাজকুমার বিজয় হল সিংহ-হত্যাকারী সিংহবাহুর ছেলে।যিনি নতুন রাজ্য সিংহপুরের প্রতিষ্ঠাতা।বিজয় যুবরাজ হন। কিন্তু তাঁর ৭০০ অনুসারীদের সাথে শ্রীলঙ্কায় নির্বাসিত হন মন্দ কাজের জন্য। মহাবংশের (Mahavamsa) সংস্করণে রয়েছে যে পূর্বে এক সময়, শ্রীলঙ্কায় গিয়ে বুদ্ধ সব যক্ষদের (Yakshas) শ্রীলঙ্কা থেকে অন্য দ্বীপ গিরিদ্বীপে বহিষ্কার করেন। যাইহোক, পরে এটা বলা হয়েছে যে বিজয় শ্রীলঙ্কায় অবতরণের সময় যক্ষদের সম্মুখীন হন এবং (Kuveni )কুবেনি নামে এক যক্ষিনী তার রানী হন। কুবেনির সাহায্য নিয়ে বিজয় যক্ষ নগরী শিরিশাবাটথু ধ্বংস করেন।কুবেনির সঙ্গে তার দুটি সন্তান হয়। তবে বিজয়কে যোগ্য শাসক হতে বিয়ে করতে হত এক ক্ষত্রিয় রাজকুমারীকে। অতএব, তিনি পাণ্ডু রাজার মেয়েকে বিয়ে করেন । পাণ্ডু রাজা বিজয়ের অনুসারীদের জন্য ও মেয়ে পাঠান । কুবেনি এবং তার দুই সন্তান নিজ নগর ছেড়ে যক্ষ নগরী লঙ্কাপুর (Lankapura) যান। যেখানে যক্ষরা কুবিনিকে যক্ষরা হত্যা করে তাদের সাথে বিশ্বাসঘাতকতা করার জন্য। বিজয়া কোনো উত্তরাধিকারীছাড়া মারা যান ।ভারত থেকে তার যমজ ভাই সুমিত্তের ছেলে পাণ্ডুসুদেব আসে এবং ভার নেয় বিজয় এর রাজ্যের। বিজয়ের দ্বারা প্রতিষ্ঠিত কমিউনিটি উৎপত্তি হয় সিংহলি জাতির।",অনুচ্ছেদের ভিত্তিতে “যাইহোক পরে এটা বিজয় শ্রীলঙ্কায়” বিষয়ে কোন বক্তব্যটি সঠিক?,"যাইহোক, পরে এটা বলা হয়নি যে বিজয় শ্রীলঙ্কায় অবতরণের সময় যক্ষদের সম্মুখীন হন এবং (Kuveni )কুবেনি নামে এক যক্ষিনী তার রানী হন।",,
test_0446,test,no_context,grammar,marked unsure or unreadable,wrong,tawhid=unreadable/none; shejan=unreadable/none,fabricated | overclaim,,পুরুষ ও স্ঢ়ী দু-ই বোঝাচ্ছে না শ. কোন শব্দ? ড়ড়,শিক্ষিত,,
test_0457,test,has_context,history,marked unsure or unreadable,wrong,tawhid=unsure/none; shejan=unsure/none,contradiction | entity | numeric | relational,বাংলা ভাষার মর্যাদা রক্ষায় এই অনন্য অবদানের স্বীকৃতিস্বরূপ ইউনেস্কো ১৯৯৯ সালে ২১ ফেব্রুয়ারিকে আন্তর্জাতিক মাতৃভাষা দিবস হিসেবে ঘোষণা করে।,বাংলা ভাষা আন্দোলনের অবদান স্বীকৃতির ফলে বিশ্বব্যাপী কী উদযাপিত হয়?,আন্তর্জাতিক মাতৃভাষা দিবষ,,
test_0460,test,has_context,grammar,annotators chose different types,wrong,tawhid=wrong/relational; shejan=wrong/entity,contradiction | entity | numeric | relational,'জীবনবীমা' শব্দটির ব্যাসবাক্য হলো: জীবনের জন্য বীমা।,"ব্যাসবাক্য অনুযায়ী, 'জীবনবীমা' শব্দটি কোন সমাসের উদাহরণ?",ষষ্ঠী তৎপুরুষ,,
test_0465,test,has_context,reading_comprehension,annotators chose different types,wrong,tawhid=wrong/relational; shejan=wrong/contradiction,contradiction | entity | numeric | relational,"দ্য লাঞ্চবক্স ২০১৩ সালের একটি ভারতীয় রোমান্টিক চলচ্চিত্র যা পরিচালনা করেছেন রিতেশ বাটরা এবং প্রযোজনায় গুণীত মোঙ্গা, অনুরাগ কাশ্যপ ও অরুণ রঙ্গচারী। ডার, ইউটিভি, ধর্ম প্রোডাকশনস, শিক্ষা এন্টারটেইনমেন্ট, এনএফডিসি সহ আরো কয়েকটি স্টুডিও যৌথভাবে চলচ্চিত্রটি প্রযোজনা করে।[1] এতে প্রধান চরিত্রে অভিনয় করেছেন ইরফান খান, নিমরাত কাউর এবং নওয়াজউদ্দিন সিদ্দিকী। চলচ্চিত্রটি কান চলচ্চিত্র উৎসবের আন্তর্জাতিক সমালোচকদের সপ্তাহে প্রদর্শিত হয় এবং পরবর্তীতে তা ক্রিটিকস উইক ভিউয়ারস চয়েস পুরস্কার তথা গ্র্যান্ড রেল ডি'অর জিতে নেয়।[2] এটি ২০১৩ সালের টরোন্টো চলচ্চিত্র উৎসবেও দেখানো হয়।[3] ভারতে চলচ্চিত্রটি মুক্তি দেয়া হয় সেবছর ২০ সেপ্টেম্বরে।[4] বক্স অফিসে এটি সাফল্য লাভ করে।[5]",প্রদত্ত তথ্য অনুযায়ী “এতে প্রধান চরিত্রে অভিনয় করেছেন” সম্পর্কে কী জানা যায়?,"এতে প্রধান চরিত্রে অভিনয় করে নাছেন ইরফান খান, নিমরাত কাউর এবং নওয়াজউদ্দিন সিদ্দিকী।",,
test_0472,test,has_context,history,annotators chose different types,wrong,tawhid=wrong/numeric; shejan=wrong/entity,contradiction | entity | numeric | relational,টুইন অটারটির প্রতি পাখার নিচে ৭টি করে রকেট যুক্ত করা হয়। পাশাপাশি এটি ১০টি ২৫ পাউন্ড ওজনের বোমাও বহন করতে পারত যা একটি দরজা দিয়ে হাত দিয়ে নিক্ষেপ করতে হত। আর অ্যালুয়েট হেলিকপ্টারের সামনে একটি .৩০৩ ব্রাউনিং মেশিন গান এবং দুই পাইলন থেকে ১৪টি রকেট নিক্ষেপের ব্যবস্থা করা হয়।,অ্যালুয়েট হেলিকপ্টারের সামনে কী ধরনের মেশিন গান বসানো হয়?,.৫০ ক্যালিবার মেশিন গান,,
test_0475,test,has_context,others,annotators disagree on correct vs wrong,wrong,tawhid=correct/none; shejan=wrong/contradiction,contradiction | entity | numeric | relational,"২৬৩-এর বর্গমূল ১৭-এর কম। ২, ৩, ৫, ৭, ১১ বা ১৩—কোনো মৌলিক সংখ্যা দিয়ে ২৬৩ নিঃশেষে বিভাজ্য নয়; তাই ২৬৩ মৌলিক। মূল প্রশ্নে বিকল্প না থাকায় কোনটি অমৌলিক তা নির্দিষ্ট করা যায় না।",নিচের কোনটি মৌলিক সংখ্যা নয়?,২৬৩ মৌলিক সংখ্যা নয়।,,
test_0483,test,has_context,reading_comprehension,"human says correct, corpus says wrong",wrong,tawhid=correct/none; shejan=correct/none,contradiction | entity | numeric | relational,"সাক্ষী মালিক (জন্ম: ৩ সেপ্টেম্বর ১৯৯২) হলেন একজন ভারতীয় মহিলা কুস্তিগির। তিনি সাধারণত মহিলাদের ৫৮ কেজি ফ্রিস্টাইল শ্রেণীতে প্রতিদ্বন্দ্বিতা করে থাকেন। ২০১৬ গ্রীষ্মকালীন অলিম্পিকে তিনি মেয়েদের কুস্তির ৫৮ কেজি বিভাগে ব্রোঞ্জ পদক জয় করেন, তিনি প্রথম ভারতীয় নারী হিসেবে অলিম্পিকের কুস্তিতে পদক জয় করেন। মালির এর আগে গ্লাসগোতে অনুষ্ঠিত ২০১৪ কমনওয়েলথ গেমসে রৌপ্য এবং দোহায় ২০১৫ এশিয়ান রেসলিং চ্যাম্পিয়নশিপে ব্রোঞ্জ পদক জিতেন। এছাড়াও তিনি ২০১৪ ওয়ার্ল্ড রেসলিং চ্যাম্পিয়নশিপে মহিলাদের ফ্রিস্টাইল ৬০ কেজি শ্রেণীতে ভারতের প্রতিনিধিত্ব করেছিলেন।",সাক্ষী মালিক কবে জন্মগ্রহণ করেন?,৩ সেপ্টেম্বর ১৯৯২,,
test_0489,test,has_context,law,marked unsure or unreadable,wrong,tawhid=wrong/entity; shejan=unsure/none,contradiction | entity | numeric | relational,ভারতীয় উপমহাদেশে সাংবিধানিক ধারার বিকাশ ঘটে ১৭৭৩ সালের রেগুলেটিং অ্যাক্ট পাসের মধ্য দিয়ে এবং ক্রমান্বয়ে তা পরিবর্তিত হতে থাকে ১৯৩৫ সালের ভারত শাসন আইন পর্যন্ত।,"মন্ত্রিমিশন পরিকল্পনায় (Cabinet Mission Plan, ১৯৪৬) কতজন সদস্য ছিলেন এবং তারা কারা ছিলেন?",দুইজন — লর্ড মাউন্টব্যাটেন ও স্যার জন সাইমন,,
test_0514,test,has_context,grammar,annotators chose different types,wrong,tawhid=wrong/relational; shejan=wrong/entity,contradiction | entity | numeric | relational,'শোকার্ত' শব্দটির ব্যাসবাক্য হলো: শোক দ্বারা আর্ত।,"ব্যাসবাক্য অনুযায়ী, 'শোকার্ত' শব্দটি কোন সমাসের উদাহরণ?",দ্বিতীয়া তৎপুরুষ,,
test_0525,test,has_context,reading_comprehension,annotators disagree on correct vs wrong,wrong,tawhid=correct/none; shejan=wrong/contradiction,contradiction | entity | numeric | relational,দেবিকা রাণী নোবেল পুরস্কার বিজয়ী রবীন্দ্রনাথ ঠাকুরের আত্মীয় ছিলেন। দেবিকারানীর মা লীলা চৌধুরীর মাতামহী সৌদামিনী দেবী (গঙ্গোপাধ্যায়) ছিলেন রবীন্দ্রনাথ ঠাকুরের বড়দিদি।,প্রদত্ত তথ্য অনুযায়ী “দেবিকা রাণী নোবেল পুরস্কার বিজয়ী” সম্পর্কে কী জানা যায়?,দেবিকা রাণী নোবেল পুরস্কার বিজয়ী রবীন্দ্রনাথ ঠাকুরের আত্মীয় ছিলেন না।,,
test_0537,test,has_context,history,marked unsure or unreadable,wrong,tawhid=unsure/none; shejan=unsure/none,contradiction | entity | numeric | relational,মুঘল সম্রাট আকবরের প্রবর্তিত 'দীন-ই-ইলাহী' হলো বিভিন্ন ধর্মের মূলনীতির সমন্বয়ে গঠিত একটি মতাদর্শ। সম্রাট আকবর (১৫৫৬–১৬০৫) এর সময়ে মুঘল সাম্রাজ্যের ভিত্তি সুদৃঢ় হয়। তিনি ১৫৮২ সালে 'দীন-ই-ইলাহী' (বা 'তাওহীদ-ই-ইলাহী') নামক সমন্বিত ধর্মতত্ত্ব বা মতাদর্শ প্রচার করেন।,দীন-ই-ইলাহী মূলত কীসের সমন্বয়?,বিভিন্ন ধর্মের মূলনীতির সমন্বয়ে গঠিত একটি মতাদর্স,,
test_0540,test,has_context,history,annotators chose different types,wrong,tawhid=wrong/relational; shejan=wrong/numeric,contradiction | entity | numeric | relational,"মির্জা নাসির উদ্দিন মুহম্মদ হুমায়ূন [১](ফার্সি: میرزا نصیرالدین محمد همایون) (মার্চ ৬, ১৫০৮ - ২৭ জানুয়ারী, ১৫৫৬) মুঘল সাম্রাজ্যের দ্বিতীয় সম্রাট।",হুমায়ূন মুঘল সাম্রাজ্যের কততম সম্রাট ছিলেন?,তৃতীয় সম্রাট,,
test_0544,test,has_context,reading_comprehension,"human says correct, corpus says wrong",wrong,tawhid=correct/none; shejan=correct/none,contradiction | entity | numeric | relational,"শিব ঠাকরে (জন্ম ৯ সেপ্টেম্বর ১৯৮৯), হলেন একজন ভারতীয় টেলিভিশন অভিনেতা। তাঁর পুরো নাম শিব মনোহর রাও উত্তম রাও জিঙ্গুজি গণুজি ঠাকরে। ২০১৭ সালে তিনি এমটিভি রোডিজ রাইজিং -এ অংশগ্রহণ করেন। ২০১৯ সালে তিনি বিগ বস মারাঠি 2 এবং দ্য অ্যান্টি সোশ্যাল নেটওয়ার্ক -এ অংশগ্রহণ করেন এবং বিজয়ী হন। বর্তমানে, তিনি কালারস টিভির রিয়েলিটি শো বিগ বস 16 -এ অংশগ্রহণ করছেন।",শিব ঠাকরে কবে জন্মগ্রহণ করেন?,৯ সেপ্টেম্বর ১৯৮৯,,
test_0546,test,has_context,others,annotators chose different types,wrong,tawhid=wrong/entity; shejan=wrong/contradiction,contradiction | entity | numeric | relational,"মূল্যবোধ হলো এমন নীতি, বিশ্বাস ও মানদণ্ড যা মানুষের পছন্দ, সিদ্ধান্ত ও আচরণ পরিচালনা করে।",মূল্যবোধ মানুষের কোন বিষয় পরিচালনা করে?,শুধু আয়ের পরিমাণ।,,
test_0547,test,has_context,grammar,annotators chose different types,wrong,tawhid=wrong/relational; shejan=wrong/entity,contradiction | entity | numeric | relational,'শয়নকক্ষ' শব্দটির ব্যাসবাক্য হলো: শয়নের নিমিত্ত কক্ষ।,"ব্যাসবাক্য অনুযায়ী, 'শয়নকক্ষ' শব্দটি কোন সমাসের উদাহরণ?",ষষ্ঠী তৎপুরুষ,,
test_0548,test,has_context,history,annotators disagree on correct vs wrong,wrong,tawhid=correct/none; shejan=wrong/entity,contradiction | entity | numeric | relational,"রংমহলের ৩১টি কক্ষের ২৩টিতে প্রদর্শনী উপস্থাপন করা হয়েছে। গ্যালারী ৬: আহসানুল্লাহ মেমোরিয়াল হাসপাতাল, গ্যালারী ৭: মুসলিম লীগ কক্ষ, গ্যালারী ৮: বিলিয়ার্ড কক্ষ, গ্যালারী ৯: সিন্দুক কক্ষ, গ্যালারী ২৩: বলরুম (নাচঘর)।",নিচের কোনটি আহসান মঞ্জিল জাদুঘরের প্রকৃত গ্যালারির নাম নয়? ক) মুসলিম লীগ কক্ষ খ) বিলিয়ার্ড কক্ষ গ) সিন্দুক কক্ষ ঘ) দরবার সংগ্রহশালা,ক) মুসলিম লীগ কক্ষ,,
test_0555,test,has_context,history,marked unsure or unreadable,wrong,tawhid=unsure/none; shejan=unsure/none,contradiction | entity | numeric | relational,নতুন রাষ্ট্রের মুক্তিবাহিনীর প্রধান সেনাপতি হিসেবে কর্নেল এম এ জি ওসমানী এবং মুক্তিবাহিনীর চিফ অব স্টাফ পদে কর্নেল মোহাম্মদ আবদুর রব এবং মুক্তিবাহিনীর ডেপুটি চিফ অব স্টাফ উইং কমান্ডার আবদুল করিম খন্দকারের নাম ঘোষণা করা হয়। এরপর সেখানে বাংলাদেশের স্বাধীনতার ঘোষণাপত্র পাঠ করা হয়। এই ঘোষণাপত্র এর আগেও ১০ এপ্রিল প্রচার করা হয় এবং এর কার্যকারিতা ঘোষণা করা হয় ২৬ই মার্চ ১৯৭১ থেকে। ঐদিন থেকে ঐ স্থানের নাম দেয়া হয় মুজিবনগর।,বৈদ্যনাথতলার নতুন নাম কী দেওয়া হয়?,মুজিবনঘর,,
test_0575,test,has_context,law,marked unsure or unreadable,wrong,tawhid=wrong/numeric; shejan=unsure/none,contradiction | entity | numeric | relational,"নারীবাদ (Feminism) ১৮৮০ সালে ফ্রান্সে, ১৮৯০ সালে যুক্তরাজ্যে এবং ১৯১০ সালে যুক্তরাষ্ট্রে বিশ্বব্যাপী আন্দোলন হিসেবে প্রচলন লাভ করে।",জাতিসংঘের সাধারণ পরিষদে 'নারীর প্রতি সকল প্রকার বৈষম্য বিলোপ সনদ' (সিডও/CEDAW) কবে গৃহীত হয়?,১৯৯৫ সালের ৩ সেপ্টেম্বর,,
test_0579,test,has_context,reading_comprehension,"human says correct, corpus says wrong",wrong,tawhid=correct/none; shejan=correct/none,contradiction | entity | numeric | relational,"ইলেইন লুসিল লারসন (জন্ম ২৭ এপ্রিল ১৯৪৩) একজন আমেরিকান সংক্রামক রোগ বিশেষজ্ঞ। কলাম্বিয়া বিশ্ববিদ্যালয় মেইলম্যান স্কুল অফ পাবলিক হেলথ-এর এপিডেমিওলজির অধ্যাপক হিসেবে তিনি সংক্রমণ প্রতিরোধ ও নিয়ন্ত্রণ, রোগের এপিডেমিওলজি এবং সংশ্লিষ্ট বিষয়ে চারটি বই এবং চারশোরও বেশি নিবন্ধ প্রকাশ করেছেন। ২০১৭ সালে লারসনকে আমেরিকান অ্যাকাডেমি অফ নার্সিং কর্তৃক ""লিভিং লিজেন্ড"" হিসেবে অভিহিত করা হয়, যা এই অ্যাকাডেমির সর্বোচ্চ সম্মান।",ইলেইন এল. লারসন কবে জন্মগ্রহণ করেন?,২৭ এপ্রিল ১৯৪৩,,
test_0604,test,has_context,history,marked unsure or unreadable,wrong,tawhid=unsure/none; shejan=unsure/none,contradiction | entity | numeric | relational,১৯৭৬ এর ২৯ আগস্ট বিদ্রোহী কবি কাজী নজরুল ইসলাম ঢাকার পিজি হাসপাতালে শেষ নিঃশ্বাস ত্যাগ করেন এবং ঢাকা বিশ্ববিদ্যালয় মসজিদ প্রাঙ্গনে তাকে দাফন করা হয়। জেনারেল জিয়া বাংলাদেশে একুশে পদক প্রবর্তন করেন ও কাজী নজরুল ইসলামকে (মরণোত্তর) সেই পুরস্কার প্রথম প্রদান করেন।,কাজী নজরুল ইসলামকে কোথায় দাফন করা হয়?,ঢাকা বিশ্ববিদ্যালয় মসজিদ প্রাঙ্গণে,,
test_0606,test,no_context,literature,marked unsure or unreadable,wrong,tawhid=wrong/fabricated; shejan=unsure/none,fabricated | overclaim,,'প্রকাশ' কাব্যগ্রন্থ কত সালে প্রকাশিত হয়?,১৯৪১ সালে,,
test_0619,test,no_context,science,"human says correct, corpus says wrong",wrong,tawhid=correct/none; shejan=correct/none,fabricated | overclaim,,বাইনারি লজিকের ধারণা কোন সালে তৈরি হয়েছিল?,খ্রিস্টপূর্ব ৪৫০/৫০০ অব্দে,,
test_0627,test,has_context,reading_comprehension,annotators chose different types,wrong,tawhid=wrong/relational; shejan=wrong/numeric,contradiction | entity | numeric | relational,প্রজাত্যায়ন (Speciation) একটি বিবর্তনমূলক জীবপ্রক্রিয়া যার মাধ্যমে একটি জীব প্রজাতি থেকে নতুন নতুন জীব প্রজাতির উদ্ভব ঘটে। প্রাণীর ক্ষেত্রে দেখা যায় প্রজনন প্রক্রিয়ার মাধ্যমে যে উত্তরপ্রজন্ম সৃষ্ট হয় তার প্রজাতিবৈশিষ্ট্য অগ্রজ থেকে ক্রমশ: ভিন্নতা লাভ করে। বংশানুক্রমে এই ভিন্নতা ব্যাপক হয়ে দাঁড়ালে নতুন প্রজাতি হিসাবে স্বীকৃতি ধার্য হয়ে পড়ে। তবে কখন নতুন প্রজাতি হিসাবে স্বীকৃতি ধার্য হবে তা বিতর্কিত বিষয়।[26] জীববিজ্ঞানী ওরেটর কুক খুব সম্ভবত speciation শব্দটি প্রথম বংশানুক্রমিক ভিন্নতা লাভ বোঝাতে ব্যবহার করেছিলেন।[27][28],পাঠ্যাংশ অনুসারে “জীববিজ্ঞানী ওরেটর কুক খুব সম্ভবত” সম্পর্কিত উত্তর দিন।,জীববিজ্ঞানী ওরেটর কুক খুব সম্ভবত speciation শব্দটি দ্বিতীয় বংশানুক্রমিক ভিন্নতা লাভ বোঝাতে ব্যবহার করেছিলেন।,,
test_0638,test,has_context,law,marked unsure or unreadable,wrong,tawhid=correct/none; shejan=unsure/none,contradiction | entity | numeric | relational,"১৯৭১ সালের ৭ মার্চ জাতির পিতা বঙ্গবন্ধু শেখ মুজিবুর রহমান ঢাকার রেসকোর্স ময়দানে (বর্তমান শহীদ সোহরাওয়ার্দী উদ্যান) ঐতিহাসিক ভাষণ দেন, যা বাঙালি জাতিকে স্বাধীনতা সংগ্রামের পথ দেখিয়েছিল।",প্রধানমন্ত্রী শেখ হাসিনা ৭ মার্চ উপলক্ষে ২০২৩ সালে কবে বাণী দেন?,৭ মার্চ ২০২২,,
test_0644,test,has_context,law,marked unsure or unreadable,wrong,tawhid=correct/none; shejan=unsure/none,contradiction | entity | numeric | relational,"ব্রাহ্ম সভা হিন্দুধর্ম সংস্কারক রাজা রামমোহন রায় (১৭৭২-১৮৩৩) কর্তৃক ১৮২৮ সালের আগস্ট মাসে প্রতিষ্ঠিত হয়, যা পরবর্তীতে ব্রাহ্ম সমাজ নামে পরিচিত হয়।",কেশবচন্দ্র সেন 'নববিধান' ঘোষণা করেন কবে?,১৮৭২ সালের ফেব্রুয়ারিতে,,
test_0656,test,has_context,history,annotators chose different types,wrong,tawhid=wrong/relational; shejan=wrong/entity,contradiction | entity | numeric | relational,বাংলার প্রথম স্বাধীন রাজা ছিলেন শশাঙ্ক যিনি ৬০৬ খ্রীষ্টাব্দ থেকে ৬৩৭ খ্রীষ্টাব্দ পর্যন্ত রাজত্ব করেছিলেন। সম্ভবত তিনি গুপ্ত সম্রাটদের অধীনে একজন সামন্তরাজা ছিলেন । হর্ষবর্ধনের ভ্রাতা রাজ‍্যবর্ধন।কে ইনি হত‍্যা করেন। এই জন‍্য হর্ষবর্ধন-এর সঙ্গে তাঁর যুদ্ধ হয় । তাঁর শক্তি বৃদ্ধি হতে দেখে কামরুপ রাজ ভাস্করবর্মন তাঁর শত্রু হর্ষবর্ধন-এর সঙ্গে মিত্রতা স্থাপন করেন । শশাঙ্ক চালুক‍্যরাজ দ্বিতীয় পুলকেশীর সাহায‍্য পেয়েছিলেন এদের বিরুদ্ধে।শশাঙ্ক পরম শৈব ও বৌদ্ধবিদ্বেষী ছিলেন। পাটলীপুত্র ও কুশীনগরে বহু বৌদ্ধ কীর্ত্তি ধ্বংস করেন। ৬৩৭ খ্রীষ্টাব্দে শশাঙ্ক-এর মৃত্যুর পর তাঁর রাজ্যের পতন ঘটে। শশাঙ্ক‌ই প্রথম বাংলার রূপরেখা দিয়েছিলেন।,বৃহৎ বঙ্গ বা বিশাল বাংলার প্রথম স্বাধীন রাজা কে ছিলেন ?,বৃহৎ বঙ্গ বা বিশাল বাংলার প্রথম স্বাধীন রাজা ছিলেন **গোপাল**।,,
test_0662,test,has_context,reading_comprehension,"human says correct, corpus says wrong",wrong,tawhid=correct/none; shejan=correct/none,contradiction | entity | numeric | relational,"সৌরভ রাজ জৈন (জন্ম: ১লা ডিসেম্বর ১৯৮৫), হলেন একজন ভারতীয় টেলিভিশন অভিনেতা ও মডেল তারকা। সৌরভ মহাভারত (২০১৩) টিভি সিরিজে ভগবান কৃষ্ণ ভুমিকার জন্য বেশি পরিচিতি লাভ করেন।. সৌরভ উনিশ বছর বয়সে তার টেলিভিশন কর্মজীবন শুরু করেন রিমিক্স (২০০৪)-এ মধ্য দিয়ে সহকারী অভিনেতা হিসেবে। দেবো কে দেব...মহাদেব (২০১১)-এর মধ্য দিয়ে তিনি নিজেকে একজন অনন্য অভিনেতা হিসেবে প্রতিষ্ঠা করেন, যেখানে তিনি ভগবান বিষ্ণু অবতারে অভিনয় করেন। কর্ম (২০০৮ সাল)-এর ছবি দিয়ে তিনি প্রথমবারের মতন ছবিতে পা রাখেন এবং সম্প্রতি তিনি ওম নম ভেঙ্কটেশায়া দিয়ে তেলুগু ছবিতে পা রাখেন। সৌরভ রাজ জৈন জন্মে একজন জৈন হলেও তিনি বিশ্বাসে বৌদ্ধ ধর্",সৌরভ রাজ জৈন কবে জন্মগ্রহণ করেন?,১লা ডিসেম্বর ১৯৮৫,,
test_0667,test,has_context,reading_comprehension,annotators disagree on correct vs wrong,wrong,tawhid=correct/none; shejan=wrong/entity,contradiction | entity | numeric | relational,"মন্দোদরী ছিলেন অসুররাজ ময়াসুর ও অপ্সরা হেমার কন্যা। মন্দোদরীর তিন পুত্র ছিল: মেঘনাদ (ইন্দ্রজিৎ), অতিকায় ও অক্ষয়কুমার। রামায়ণের কোনো কোনো সংস্করণ অনুযায়ী, মন্দোদরী রামের পত্নী সীতারও গর্ভধারিণী মা। উল্লেখ্য, সীতাকেই তাঁর স্বামী রাবণ অন্যায়ভাবে চুরি করে এনেছিলেন। স্বামীর দোষ সত্ত্বেও মন্দোদরী তাঁকে ভালবাসতেন এবং তাঁকে সত্যপথে চলার উপদেশ দিতেন। মন্দোদরী বারবার সীতাকে রামের কাছে ফিরিয়ে দেওয়ার জন্য রাবণকে পরামর্শ দিয়েছিলেন। কিন্তু রাবণ তাঁর কথায় কর্ণপাত করেননি। রামায়ণে রাবণের প্রতি মন্দোদরীর ভালবাসা ও আনুগত্যের প্রশংসা করা হয়েছে।",রামায়ণ অনুসারে মন্দোদরীর মায়ের নাম কী ?,ময়াসুর,,
test_0693,test,has_context,reading_comprehension,annotators chose different types,wrong,tawhid=wrong/relational; shejan=wrong/numeric,contradiction | entity | numeric | relational,"দোস্ত মুহাম্মদ খান ১৭৯৩ খ্রিষ্টাব্দের ২৩ ডিসেম্বর কান্দাহারের একটি প্রভাবশালী পরিবারে জন্মগ্রহণ করেছিলেন।[4] তার বাবা পায়েন্দা খান ছিলেন বারাকজাই গোত্রের প্রধান এবং দুররানি সাম্রাজ্যের একজন বেসামরিক কর্মচারী। তারা তাদের বংশলতিকা হাজি জামাল খান, ইউসুফ, ইয়ারু, মুহাম্মদ, উমর খান, খিসার খান, ইসমাইল, নিক, দারু, সাইফাল এবং বারাকের মাধ্যমে আবদালি গোত্রের প্রতিষ্ঠাতা আবদালের সাথে সম্পর্কিত করেন। আবদালের চার পুত্র ছিল। তারা হলেন পুপাল, বারাক, আচাক এবং আলাকু।[5]",পাঠ্যাংশ থেকে “তার বাবা পায়েন্দা খান বারাকজাই” সম্পর্কিত সঠিক তথ্যটি লিখুন।,তার বাবা পায়েন্দা খান ছিলেন বারাকজাই গোত্রের প্রধান এবং দুররানি সাম্রাজ্যের দুজন বেসামরিক কর্মচারী।,,
test_0704,test,has_context,history,annotators disagree on correct vs wrong,wrong,tawhid=correct/none; shejan=wrong/entity,contradiction | entity | numeric | relational,"পরে একে একে সৈয়দ মুসা (রাজ-অমাত্য), সুলায়মান (প্রধান অমাত্য), মুহাম্মদ খান (সৈন্যমন্ত্রী) ও মজলিস নবরাজ (রাজস্বমন্ত্রী) কবিকে পৃষ্ঠপোষকতা দান করেন।",আলাওলের পৃষ্ঠপোষকদের মধ্যে কে সৈন্যমন্ত্রী ছিলেন?,মজলিস নবরাজ,,
test_0706,test,has_context,others,annotators disagree on correct vs wrong,wrong,tawhid=correct/none; shejan=wrong/entity,contradiction | entity | numeric | relational,তামিম ইকবালের টেস্ট অভিষেক হয় ২০০৮ সালের ৪ জানুয়ারি নিউজিল্যান্ডের বিপক্ষে ডানেডিনে। তাঁর ওয়ানডে অভিষেক হয় ২০০৭ সালে জিম্বাবুয়ের বিপক্ষে।,তামিম ইকবালের ওয়ানডে অভিষেক কোন দলের বিপক্ষে?,নিউজিল্যান্ডের বিপক্ষে।,,
test_0716,test,has_context,history,marked unsure or unreadable,wrong,tawhid=unsure/none; shejan=unsure/none,contradiction | entity | numeric | relational,তিনি কলকাতা নাইট রাইডার্স-এর হয়ে ২০১২ ও ২০১৪ সালে ইন্ডিয়ান প্রিমিয়ার লিগ (আইপিএল) জিতেছেন এবং বাংলাদেশ প্রিমিয়ার লিগে (বিপিএল) তিনবার শিরোপা জিতেছেন। তিনি রেকর্ড চারবার বিপিএলের সেরা খেলোয়াড় নির্বাচিত হয়েছেন। সাকিব তার ক্যারিয়ারে ৪১টি ম্যান-অব-দ্য-ম্যাচ এবং ১৬টি ম্যান-অব-দ্য-সিরিজ পুরস্কার জিতেছেন। ২০০৯ থেকে ২০২২ সালের মধ্যে তিনি তিন ফরম্যাটে ১২০টি ম্যাচে বাংলাদেশ দলকে নেতৃত্ব দিয়েছেন।,সাকিব রেকর্ড কতবার বিপিএলের সেরা খেলোয়াড় নির্বাচিত হয়েছেন?,রেকর্ড চারভার,,
test_0725,test,has_context,law,marked unsure or unreadable,wrong,tawhid=wrong/relational; shejan=unsure/none,contradiction | entity | numeric | relational,"ব্রাহ্ম সভা হিন্দুধর্ম সংস্কারক রাজা রামমোহন রায় (১৭৭২-১৮৩৩) কর্তৃক ১৮২৮ সালের আগস্ট মাসে প্রতিষ্ঠিত হয়, যা পরবর্তীতে ব্রাহ্ম সমাজ নামে পরিচিত হয়।",কেশবচন্দ্র সেনের কন্যার বিবাহ নিয়ে বিতর্ক সৃষ্টি হয়েছিল কার সঙ্গে?,নেপালের রাজার সঙ্গে,,
test_0730,test,has_context,reading_comprehension,annotators disagree on correct vs wrong,wrong,tawhid=correct/none; shejan=wrong/contradiction,contradiction | entity | numeric | relational,আবু বকর ৫৭৩ সালের দিকে মক্কার কুরাইশ বংশের বনু তাইম গোত্রে জন্মগ্রহণ করেছেন।[6] তার বাবার নাম আবু কুহাফা ও মায়ের নাম সালমা বিনতে সাখার।,প্রদত্ত অনুচ্ছেদে “তার বাবার আবু কুহাফা মায়ের” সম্পর্কে মূল বক্তব্যটি কী?,তার বাবার নাম আবু কুহাফা ও মায়ের নাম সালমা বিনতে সাখার নয়।,,
test_0731,test,has_context,history,annotators disagree on correct vs wrong,wrong,tawhid=correct/none; shejan=wrong/entity,contradiction | entity | numeric | relational,"৫ সিলেট-ডাউকি সড়ক থেকে সিলেট জেলার সমগ্র উত্তর ও পশ্চিমাঞ্চল বাঁশতলা মেজর মীর শওকত আলী ১০ এপ্রিল, ১৯৭১ হতে ৬ই এপ্ৰিল, ১৯৭২",৫ নম্বর সেক্টরের সদরদপ্তর কোথায় ছিল?,ডাউকি,,
test_0735,test,has_context,reading_comprehension,annotators disagree on correct vs wrong,wrong,tawhid=correct/none; shejan=wrong/contradiction,contradiction | entity | numeric | relational,"এশীয় উন্নয়ন ব্যাংক (English: Asian Development Bank) বা এডিবি আঞ্চলিক উন্নয়ন ব্যাংক হিসেবে ১৯ ডিসেম্বর, ১৯৬৬ সালে প্রতিষ্ঠিত হয়।[2] এশিয়ার দেশগুলোর অর্থনৈতিক উন্নয়নকে আরো দ্রুত, বেগবান ও সহজ করাই ব্যাংকটির মূল উদ্দেশ্য।",পাঠ্যাংশ অনুসারে “এশিয়ার দেশগুলোর অর্থনৈতিক উন্নয়নকে আরো” সম্পর্কিত উত্তর দিন।,"এশিয়ার দেশগুলোর অর্থনৈতিক উন্নয়নকে আরো দ্রুত, বেগবান ও সহজ করাই ব্যাংকটির মূল উদ্দেশ্য নয়।",,
test_0740,test,has_context,history,annotators chose different types,wrong,tawhid=wrong/relational; shejan=wrong/entity,contradiction | entity | numeric | relational,"চট্টগ্রাম আন্তর্জাতিক ডেন্টাল কলেজ হাসপাতাল, চট্টগ্রাম",চবির অধীনে থাকা একমাত্র ডেন্টাল কলেজটির নাম কী?,চট্টগ্রাম মেডিকেল ডেন্টাল কলেজ,,
test_0742,test,no_context,science,marked unsure or unreadable,wrong,tawhid=wrong/fabricated; shejan=unsure/none,fabricated | overclaim,,ক্রেবস চক্রে কত অণু ATP উৎপন্ন হয়?,১৫ বছর বয়সে,,
test_0744,test,has_context,law,marked unsure or unreadable,wrong,tawhid=wrong/numeric; shejan=unsure/none,contradiction | entity | numeric | relational,ভারতীয় উপমহাদেশে সাংবিধানিক ধারার বিকাশ ঘটে ১৭৭৩ সালের রেগুলেটিং অ্যাক্ট পাসের মধ্য দিয়ে এবং ক্রমান্বয়ে তা পরিবর্তিত হতে থাকে ১৯৩৫ সালের ভারত শাসন আইন পর্যন্ত।,পাকিস্তানের প্রথম গণপরিষদের সদস্য সংখ্যা প্রাথমিকভাবে কত ছিল এবং পরে বৃদ্ধি পেয়ে কত হয়?,"প্রাথমিকভাবে ৭৯ জন, পরে বৃদ্ধি পেয়ে ৬৯ জন",,
test_0749,test,has_context,reading_comprehension,annotators chose different types,wrong,tawhid=wrong/relational; shejan=wrong/entity,contradiction | entity | numeric | relational,"বাংলা ভাষা (/bɑːŋlɑː/; pronunciation) দক্ষিণ এশিয়ার বঙ্গ অঞ্চলের মানুষের স্থানীয় ভাষা, এই অঞ্চলটি বর্তমানে রাজনৈতিকভাবে স্বাধীন রাষ্ট্র বাংলাদেশ ও ভারতের অঙ্গরাজ্য পশ্চিমবঙ্গ নিয়ে গঠিত। এছাড়াও ভারতের ত্রিপুরা রাজ্য, অসম রাজ্যের বরাক উপত্যকা এবং আন্দামান দ্বীপপুঞ্জেও বাংলা ভাষাতে কথা বলা হয়। এই ভাষার লিপি হল বাংলা লিপি। এই অঞ্চলের প্রায় বাইশ কোটি স্থানীয় মানুষের ও পৃথিবীর মোট ৩০ কোটি মানুষের ভাষা হওয়ায়, এই ভাষা বিশ্বের সর্বাধিক প্রচলিত ভাষাগুলির মধ্যে চতুর্থ স্থান অধিকার করেছে।[1][4][5][6] বাংলাদেশ, ভারত ও শ্রীলঙ্কার জাতীয় সঙ্গীত, এবং ভারতের জাতীয় স্তোত্র এই ভাষাতেই রচিত এবং তা থেকেই দক্ষিণ এশিয়ায় এই ভাষার গুরুত্ব বোঝা যায়।",পাঠ্যাংশ অনুসারে “বাংলাদেশ ভারত শ্রীলঙ্কার জাতীয় সঙ্গীত” সম্পর্কিত উত্তর দিন।,"বাংলাদেশ, ভারত ও শ্রীলঙ্কার জাতীয় সঙ্গীত, এবং ভারতের জাতীয় স্তোত্র এই ভাষাতেই রচিত এবং তা থেকেই উত্তর এশিয়ায় এই ভাষার গুরুত্ব বোঝা যায়।",,
test_0754,test,has_context,law,annotators chose different types,wrong,tawhid=wrong/relational; shejan=wrong/entity,contradiction | entity | numeric | relational,"নারীবাদ (Feminism) ১৮৮০ সালে ফ্রান্সে, ১৮৯০ সালে যুক্তরাজ্যে এবং ১৯১০ সালে যুক্তরাষ্ট্রে বিশ্বব্যাপী আন্দোলন হিসেবে প্রচলন লাভ করে।",নারীবাদ আন্দোলন সর্বপ্রথম কোন দেশে প্রচলন লাভ করে?,যুক্তরাষ্ট্রে (১৮৮০ সালে),,
test_0756,test,has_context,history,annotators chose different types,wrong,tawhid=wrong/entity; shejan=wrong/contradiction,contradiction | entity | numeric | relational,বঙ্গভঙ্গ রদ করার পূর্বে ব্রিটিশ প্রশাসকেরা মুসলমানদেরকে এই বলে আশ^স্ত করেছিল যে নবগঠিত বাংলা প্রদেশে তারাই হবে সংখ্যাগরিষ্ঠ। তাছাড়া মোর্লে-মিন্টো সংস্কার (দি ইন্ডিয়া কাউন্সিল্স অ্যাক্ট ১৯০৯)-এর মাধ্যমে মুসলমানদের জন্য পৃথক ভোটের বিধান চালু করে আইনসভা ও স্থানীয় সরকার পরিষদে তাদের পর্যাপ্ত প্রতিনিধিত্বের ব্যবস্থাও মুসলমানদের স্বার্থরক্ষা করেছিল।,বঙ্গভঙ্গ রদের পূর্বে ব্রিটিশ প্রশাসকেরা মুসলমানদের কী বলে আশ্বস্ত করেছিল?,তাদেরকে পৃথক রাষ্ট্র দেওয়া হবে,,
test_0760,test,has_context,reading_comprehension,annotators chose different types,wrong,tawhid=wrong/relational; shejan=wrong/contradiction,contradiction | entity | numeric | relational,বাগদা চিংড়ির ফুলকা কয়েকটি অংশে বিভক্ত যা গাছের শাখার ন্যায়। এর উপর ভিত্তি করে বৈজ্ঞানিক নাম প্রদান করা হয়েছে। প্রাচীন গ্রীক ভাষা ডেনড্রোন (অর্থ গাছ) (δένδρον) এবং ব্রাঞ্চিয়া (অর্থ ফুলকা) (βράγχια)-এর সংমিশ্রণে এর বৈজ্ঞানিক নাম ডেনড্রোনব্রাঞ্চিয়াটা (Dendrobranchiata) রাখা হয়েছে।[11],"অনুচ্ছেদ অনুযায়ী, “প্রাচীন গ্রীক ভাষা ডেনড্রোন অর্থ” প্রসঙ্গে কী তথ্য দেওয়া হয়েছে?",প্রাচীন গ্রীক ভাষা ডেনড্রোন (অর্থ গাছ) (δένδρον) এবং ব্রাঞ্চিয়া (অর্থ ফুলকা) (βράγχια)-এর সংমিশ্রণে এর বৈজ্ঞানিক নাম ডেনড্রোনব্রাঞ্চিয়াটা (Dendrobranchiata) রাখা হয়নি।,,
test_0761,test,has_context,history,marked unsure or unreadable,wrong,tawhid=unsure/none; shejan=unsure/none,contradiction | entity | numeric | relational,গ্যালারী ১০: নওয়াব পরিচিতি — ঢাকার নওয়াব পরিবারের স্বনামধন্য ব্যক্তিদের পরিচিতি এই গ্যালারীতে স্থান পেয়েছে। এছাড়া এই গ্যালারীতে ঢাকার নওয়াবদের কাশ্মীরবাসী আদিপুরুষ থেকে সাম্প্রতিককাল পর্যন্ত বংশধরের বিভিন্ন শাখা প্রশাখা দেখিয়ে একটি বংশতালিকা প্রদর্শিত হয়েছে।,আহসান মঞ্জিল জাদুঘরের নওয়াব পরিচিতি গ্যালারিতে কী প্রদর্শিত হয়?,"নওয়াব পরিবারের প্রতিকৃতি, লাইফ সাইজ তৈলচিত্র ও সংক্ষিপ্ত জীবনি",,
test_0762,test,has_context,reading_comprehension,annotators disagree on correct vs wrong,wrong,tawhid=correct/none; shejan=wrong/numeric,contradiction | entity | numeric | relational,বারবারা এস. আসকিন্স (জন্ম ১৯৩৯) একজন আমেরিকান রসায়নবিদ। তিনি অবিকশিত আলোকচিত্রের নেগেটিভ উন্নত করার একটি পদ্ধতি উদ্ভাবনের জন্য সবচেয়ে বেশি পরিচিত। এই উদ্ভাবনটি নাসা এবং চিকিৎসা শিল্পে ব্যাপকভাবে ব্যবহৃত হয়েছে। তার এই অবদানের জন্য আসকিন্স ১৯৭৮ সালে 'ন্যাশনাল ইনভেন্টর অফ দ্য ইয়ার' উপাধি লাভ করেন।,বারবারা আসকিন্স কবে জন্মগ্রহণ করেন?,১৯৭৮,,
test_0763,test,has_context,history,marked unsure or unreadable,wrong,tawhid=unsure/none; shejan=unsure/none,contradiction | entity | numeric | relational,"অভ্র কিবোর্ড হলো ওমিক্রনল্যাব কর্তৃক উন্নয়নকৃত মাইক্রোসফট উইন্ডোজ, ম্যাক ওএস এবং লিনাক্স অপারেটিং সিস্টেমের জন্য মুক্ত ও উন্মুক্ত উৎসের একটি গ্রাফিক্যাল কিবোর্ড সফটওয়্যার। এটি উইন্ডোজের জন্য প্রথম বিনামূল্যের ইউনিকোড এবং আনসি যুক্ত বাংলা কিবোর্ড ইন্টারফেস যা ২৬ মার্চ ২০০৩ সালে মুক্তি পায়।",অভ্র কিবোর্ড কোন প্রতিষ্ঠান দ্বারা উন্নয়নকৃত?,ওমিক্রনল্যাভ,,
test_0777,test,has_context,history,annotators chose different types,wrong,tawhid=wrong/entity; shejan=wrong/contradiction,contradiction | entity | numeric | relational,মুহাম্মাদের অনুসারীর সংখ্যা প্রথমদিকে খুবই কম ছিল।,প্রথমদিকে মুহাম্মাদের অনুসারীর সংখ্যা কেমন ছিল?,"কয়েক হাজার, তুলনামূলক বেশি",,
test_0782,test,has_context,reading_comprehension,annotators disagree on correct vs wrong,wrong,tawhid=correct/none; shejan=wrong/contradiction,contradiction | entity | numeric | relational,"মুন্ডা, দক্ষিণ এশিয়ার একটি বড় উপজাতি। ভারতের ঝাড়খণ্ড ও ছত্রিশগড় রাজ্যের ছোটনাগপুর অঞ্চল, মধ্যপ্রদেশ, ওড়িশা এবং পশ্চিমবঙ্গে এঁদের বাস। এছাড়া, বাংলাদেশের কোনো কোনো অঞ্চলেও এঁরা বাস করেন। মুন্ডা জনগোষ্ঠী যে ভাষায় কথা বলে, তার নাম মুন্ডারি। এটি অস্ট্রো- এশিয়াটিক ভাষা গোষ্ঠীর অন্তর্গত।[1]","অনুচ্ছেদ অনুযায়ী, “ভারতের ঝাড়খণ্ড ছত্রিশগড় রাজ্যের ছোটনাগপুর” প্রসঙ্গে কী তথ্য দেওয়া হয়েছে?","ভারতের ঝাড়খণ্ড ও ছত্রিশগড় রাজ্যের ছোটনাগপুর অঞ্চল, মধ্যপ্রদেশ, ওড়িশা এবং পশ্চিমবঙ্গে এঁদের বাস নয়।",,
test_0784,test,has_context,history,marked unsure or unreadable,wrong,tawhid=unsure/none; shejan=unsure/none,contradiction | entity | numeric | relational,১৬৬০ সালে তাকে মারাঠা শাসনকর্তা ছত্রপতি শিবাজি মহারাজের বিরুদ্ধে সংগ্রামে অংশ নিতে পাঠানো হয়েছিল। মির্জা আবু তালিবের পূর্বপুরুষ পারস্য থেকে আগত এবং মুঘল রাজপরিবারের সাথেও তার সম্পর্ক ছিল। মির্জার বাবা আবুল আসরাফ আসাফ বেগ ও শায়েস্তা খাঁনের দাদা মির্জা গিয়াস বেগ ইতিমাদুদ্দৌলা দু'জনেই মুঘল সাম্রাজ্যের উজির বা প্রধানমন্ত্রী হিসেবে দায়িত্ব পালন করেন। বাদশাহ শাহজাহান মির্জা আবু তালিব-কে শায়েস্তা খাঁ উপাধিতে ভূষিত করেন।,মির্জা আবু তালিবের পূর্বপুরুষ কোথা থেকে এসেছিলেন?,পারস্য থেখে,,
test_0793,test,has_context,others,annotators chose different types,wrong,tawhid=wrong/entity; shejan=wrong/contradiction,contradiction | entity | numeric | relational,জালিয়ানওয়ালাবাগ হত্যাকাণ্ডের প্রতিবাদে রবীন্দ্রনাথ ঠাকুর ১৯১৯ সালে ব্রিটিশ সরকারের দেওয়া নাইটহুড উপাধি ত্যাগ করেন।,রবীন্দ্রনাথ কেন নাইটহুড ত্যাগ করেন?,বঙ্গভঙ্গের সমর্থনে।,,
test_0803,test,has_context,reading_comprehension,annotators chose different types,wrong,tawhid=wrong/relational; shejan=wrong/contradiction,contradiction | entity | numeric | relational,কুকথা' শব্দটিতে 'কু' উপসর্গ ব্যবহৃত হয়েছে।,প্রদত্ত অনুচ্ছেদে “কুকথা শব্দটিতে কু উপসর্গ ব্যবহৃত” সম্পর্কে মূল বক্তব্যটি কী?,কুকথা' শব্দটিতে 'কু' উপসর্গ ব্যবহৃত হয়নি।,,
test_0811,test,has_context,reading_comprehension,annotators disagree on correct vs wrong,wrong,tawhid=correct/none; shejan=wrong/contradiction,contradiction | entity | numeric | relational,"দর্শন শব্দটি ইংরেজি philosophy শব্দ থেকে এসেছে। ফিলোসফি শব্দটি এসেছে প্রাচীন গ্রিক ভাষা থেকে। গ্রিক ভাষায় φιλοσοφία (philosophía) শব্দটি দুটি শব্দ থেকে উৎপত্তি লাভ করেছে। শব্দ দুটি হল: φίλος (ফিলোস: বন্ধু, ভালোবাসার পাত্র) এবং σοφία (সোফিয়া: প্রজ্ঞা)। [2][3] এ থেকে স্পষ্টতই বোঝা যায়, দর্শনের সাথে মূল সম্পর্ক হচ্ছে প্রজ্ঞার, আরও নির্দিষ্টভাবে বলতে গেলে, প্রজ্ঞার প্রতি ভালোবাসার। জ্ঞান এবং প্রজ্ঞা এক জিনিস নয়। ঘটনা ও তথ্য সম্পর্কে স্পষ্ট ও নির্ভুল ধারণা থেকে জ্ঞান লাভ করা যায়, কিন্তু দার্শনিক (যিনি দর্শন চর্চা করেন তাকেই দার্শনিক বলা হয়) কেবল তথ্যগত জ্ঞানের উপর নির্ভর করেন না। দর্শনের প্রধান কাম্য বিষয় প্রজ্ঞা। প্রজ্ঞার অনুসন্ধান ও চর্চার মাধ্যমেই দর্শন বিকাশ লাভ করে। পিথাগোরাস সারা জীবন প্রজ্ঞার সাধনা করেছেন, কখনও জ্ঞানের গরিমা অনুভব করেননি। এজন্য তিনি দার্শনিক হিসেবে বিদগ্ধ। দর্শনের জন্য যে প্রজ্ঞা কাম্য তার মধ্যে রয়েছে, অন্তর্দৃষ্টি, দৃষ্টিভঙ্গির অভ্রান্ততা, বিচারের ভারসাম্য ও বিশ্লেষণের সামঞ্জস্য।[4]",অনুচ্ছেদের ভিত্তিতে “শব্দ দুটি হল ফিলোস বন্ধু” বিষয়ে কোন বক্তব্যটি সঠিক?,"শব্দ দুটি হল: φίλος (ফিলোস: বন্ধু, ভালোবাসার পাত্র) এবং σοφία (সোফিয়া: প্রজ্ঞা) নয়।",,
test_0819,test,has_context,law,marked unsure or unreadable,wrong,tawhid=wrong/numeric; shejan=unsure/none,contradiction | entity | numeric | relational,"ডিঅক্সিরাইবোনিউক্লিইক এসিড (ডিএনএ) আইন, ২০১৪ হলো ডিএনএ নমুনা সংগ্রহ, ডিএনএ প্রোফাইলিং, ফরেনসিক ডিএনএ ল্যাবরেটরি প্রতিষ্ঠা ও জাতীয় ডিএনএ ডাটাব্যাংক সম্পর্কিত বিধান প্রণয়নকল্পে প্রণীত আইন।",ডিএনএ আইনের ধারা ২৯ অনুযায়ী অননুমোদিতভাবে ডিএনএ সংক্রান্ত তথ্য সংগ্রহ বা প্রকাশ করলে সর্বোচ্চ কত বছর কারাদণ্ড হতে পারে?,"৫ বছর, তবে ৩ বছরের কম নয়",,
test_0843,test,has_context,others,annotators chose different types,wrong,tawhid=wrong/relational; shejan=wrong/contradiction,contradiction | entity | numeric | relational,"বাংলাদেশের সবচেয়ে গুরুত্বপূর্ণ খনিজ জ্বালানি সম্পদ হলো প্রাকৃতিক গ্যাস। এটি একটি জীবাশ্ম জ্বালানি এবং বিদ্যুৎ, সার ও শিল্পে বহুল ব্যবহৃত।",প্রাকৃতিক গ্যাস কোন ধরনের জ্বালানি?,পারমাণবিক জ্বালানি।,,
test_0844,test,has_context,history,annotators chose different types,wrong,tawhid=wrong/entity; shejan=wrong/contradiction,contradiction | entity | numeric | relational,যেহেতু পাকিস্তান কর্তৃপক্ষ তাদের প্রতিশ্রুতি পালন করার পরিবর্তে বাংলাদেশের জনপ্রতিনিধিদের সঙ্গে পারষ্পরিক আলোচনাকালে ন্যায়নীতি বহির্ভূত এবং বিশ্বাসঘাতকতামূলক যুদ্ধ ঘোষণা করেন।,ঘোষণাপত্র অনুযায়ী আলোচনার সময় পাকিস্তান কর্তৃপক্ষ কী ঘোষণা করে বলে অভিযুক্ত করা হয়?,সাধারণ ক্ষমার ঘোষণা,,
test_0850,test,has_context,reading_comprehension,annotators chose different types,wrong,tawhid=wrong/relational; shejan=wrong/numeric,contradiction | entity | numeric | relational,"সার্বভৌমত্ব বলতে কোন দেশ বা রাষ্ট্রের নিজের অভ্যন্তরীন এবং অন্যান্যরাষ্ট্রের সঙ্গে সম্পর্ক নির্ধারণের চূড়ান্ত ক্ষমতাকে বোঝায়। সার্বভৌমত্ব কোনো পরিচালনা পর্ষদের বাইরের কোনো উৎস বা সংগঠনের হস্তক্ষেপ ছাড়া কাজ করার পূর্ণ অধিকার ও ক্ষমতা। রাজনৈতিক তত্ত্ব অনুযায়ী, সার্বভৌমত্ব কোনো একটি রাষ্ট্রব্যবস্থার উপর সর্বোচ্চ ক্ষমতা নির্দেশকারী একটি গুরুত্বপূর্ণ পরিভাষা। এটি রাষ্ট্রগঠনের সার্বভৌমত্বকেন্দ্রিক মতবাদের একটি মূলনীতি।",প্রদত্ত তথ্য অনুযায়ী “রাজনৈতিক তত্ত্ব সার্বভৌমত্ব কোনো রাষ্ট্রব্যবস্থার” সম্পর্কে কী জানা যায়?,"রাজনৈতিক তত্ত্ব অনুযায়ী, সার্বভৌমত্ব কোনো দুটি রাষ্ট্রব্যবস্থার উপর সর্বোচ্চ ক্ষমতা নির্দেশকারী একটি গুরুত্বপূর্ণ পরিভাষা।",,
test_0858,test,has_context,others,annotators disagree on correct vs wrong,wrong,tawhid=correct/none; shejan=wrong/numeric,contradiction | entity | numeric | relational,পদ্মা বহুমুখী সেতুর মূল কাঠামোতে ৪১টি স্প্যান ও ৪২টি পিয়ার রয়েছে। সেতুটির দৈর্ঘ্য ৬.১৫ কিলোমিটার।,পদ্মা সেতুতে মোট কতটি পিয়ার রয়েছে?,৪১টি।,,
test_0879,test,has_context,law,marked unsure or unreadable,wrong,tawhid=wrong/entity; shejan=unsure/none,contradiction | entity | numeric | relational,"ডিঅক্সিরাইবোনিউক্লিইক এসিড (ডিএনএ) আইন, ২০১৪ হলো ডিএনএ নমুনা সংগ্রহ, ডিএনএ প্রোফাইলিং, ফরেনসিক ডিএনএ ল্যাবরেটরি প্রতিষ্ঠা ও জাতীয় ডিএনএ ডাটাব্যাংক সম্পর্কিত বিধান প্রণয়নকল্পে প্রণীত আইন।",শিশু বা মানসিক ভারসাম্যহীন ব্যক্তির ডিএনএ নমুনা সংগ্রহের জন্য কার সম্মতি লিপিবদ্ধভাবে গ্রহণ করতে হয়?,নিকটস্থ থানার পুলিশ কর্মকর্তার সম্মতি,,
test_0892,test,has_context,reading_comprehension,annotators disagree on correct vs wrong,wrong,tawhid=correct/none; shejan=wrong/contradiction,contradiction | entity | numeric | relational,বিসমার্কের যুগে জার্মানিতে প্রথম ক্যাডেট কলেজ ব্যবস্থা প্রবর্তিত হয়। সামরিক বাহিনীতে যোগ্য কর্মকর্তা তৈরীতে অল্প বয়স থেকেই প্রশিক্ষণ শুরু করানোটা বিশেষ গুরুত্ব বহন করতে পারে। এই ধারণাই তৎকালীন ক্যাডেট কলেজ পদ্ধতির চালিকাশক্তি ছিল। নেপোলিয়নের যুগে ফ্রান্সে সামরিক দক্ষতা বৃদ্ধির একটি অন্যতম উপাদান হিসেবে ক্যাডেট কলেজ পদ্ধতি গৃহীত হয়।,পাঠ্যাংশে “সামরিক বাহিনীতে যোগ্য কর্মকর্তা তৈরীতে” কীভাবে বর্ণিত হয়েছে?,সামরিক বাহিনীতে যোগ্য কর্মকর্তা তৈরীতে অল্প বয়স থেকেই প্রশিক্ষণ শুরু করানোটা বিশেষ গুরুত্ব বহন করতে পারে নয়।,,
test_0893,test,has_context,history,annotators chose different types,wrong,tawhid=wrong/entity; shejan=wrong/contradiction,contradiction | entity | numeric | relational,"তিনি ঘোষণা করেন, ""আল্লাহ এক ও অদ্বিতীয়, আল্লাহর কাছে সম্পূর্ণ আত্মসমর্পণ (ইসলাম) হলো জীবনের একমাত্র সঠিক পথ (দ্বীন) এবং ইসলামের অন্যান্য নবিদের মতোই তিনি আল্লাহর একজন নবি ও রাসুল।""",সর্বসমক্ষে প্রচারের সময় মুহাম্মাদ কী ঘোষণা করেন?,আল্লাহ একাধিক রূপে বিদ্যমান এবং সকল ধর্মই সমানভাবে সত্য,,
test_0894,test,has_context,law,annotators disagree on correct vs wrong,wrong,tawhid=correct/none; shejan=wrong/contradiction,contradiction | entity | numeric | relational,সরকার প্রশাসককে কর্মসম্পাদনে সহায়তা করিবার জন্য প্রয়োজনীয় সংখ্যক সদস্য সমন্বয়ে কমিটি গঠন করিতে পারিবে।,"প্রদত্ত প্রসঙ্গ অনুযায়ী স্থানীয় সরকার (ইউনিয়ন পরিষদ) আইন, ২০০৯-এর ধারা ১৮ সম্পর্কে কী বলা হয়েছে?",সরকার প্রশাসককে কর্মসম্পাদনে সহায়তা করিবার জন্য প্রয়োজনীয় সংখ্যক সদস্য সমন্বয়ে কমিটি গঠন করিতে পারিবে না।,,
test_0904,test,has_context,reading_comprehension,"human says correct, corpus says wrong",wrong,tawhid=correct/none; shejan=correct/none,contradiction | entity | numeric | relational,সালমান খানের দাদাবাড়ি বাংলাদেশের বরিশালে। তাঁর বাবা ডা. ফখরুল আমিন খান চিকিৎসক ছিলেন। তাঁর দাদা আব্দুল ওয়াহাব খান ছিলেন মুসলিম লীগের নেতা এবং পাকিস্তান জাতীয় পরিষদের স্পিকার (১৯৫৫-৫৮)। সালমানের বাবা অভিবাসী হয়ে পাড়ি জমান যুক্তরাষ্ট্রে। সেখানেই লুইজিয়ানার নিউ অরলিন্স শহরে সালমানের জন্ম (১৯৭৬) এবং বেড়ে ওঠা। ১৯৯১ সালে মাত্র ১৪ বছর বয়সেই বাবাকে হারান।[5][6],খান একাডেমী'র প্রতিষ্ঠাতা সালমান আমিন খানের বাবার নাম কী ?,ডা. ফখরুল আমিন খান,,
test_0914,test,has_context,reading_comprehension,annotators disagree on correct vs wrong,wrong,tawhid=correct/none; shejan=wrong/contradiction,contradiction | entity | numeric | relational,কাগজের প্রচলন চীন থেকে সারাবিশ্বে ছড়িয়ে পরে মুসলিম বিশ্বের মাধ্যমে এবং ত্রয়োদশ শতাব্দীতে মধ্যযুগের ইউরোপে কাগজের উৎপাদন শুরু হয়। যেখানে সর্বপ্রথম পানি-চালিত কাগজ উৎপাদনের কাগজকল ও কলকব্জা বা মেশিন আবিষ্কার ও নির্মাণ করা হয়।[2],পাঠ্যাংশ অনুসারে “যেখানে পানি চালিত কাগজ উৎপাদনের” সম্পর্কিত উত্তর দিন।,যেখানে সর্বপ্রথম পানি-চালিত কাগজ উৎপাদনের কাগজকল ও কলকব্জা বা মেশিন আবিষ্কার ও নির্মাণ করা হয় না।,,
test_0941,test,has_context,history,marked unsure or unreadable,wrong,tawhid=unsure/none; shejan=unsure/none,contradiction | entity | numeric | relational,ইংল্যান্ডের মহিলা ক্রিকেট দল ১৯৩৪ ও ১৯৩৫ সালে অস্ট্রেলিয়া ও নিউজিল্যান্ড সফর করেছিল। এই সফরেই প্রথম মহিলাদের টেস্ট ম্যাচ খেলা হয়েছিল: অস্ট্রেলিয়ার বিপক্ষে তিনটি এবং এরপর নিউজিল্যান্ডের বিপক্ষে একটি। ইংল্যান্ড অস্ট্রেলিয়ার বিপক্ষে প্রথম দুটি টেস্টে দারুণভাবে জয়লাভ করে এবং ড্র হওয়া তৃতীয় টেস্টে ভালো খেলে অ্যাশেজ জিতে নেয়। নিউজিল্যান্ডের বিপক্ষে ম্যাচটি ইংল্যান্ডের পক্ষে আরও বেশি একতরফা ছিল।,এই সফরের মাধ্যমে ক্রিকেট ইতিহাসে কী প্রথমবার সংঘটিত হয়?,প্রথম মহিলাদের টেস্ট ম্যাছ,,
test_0953,test,has_context,reading_comprehension,annotators disagree on correct vs wrong,wrong,tawhid=correct/none; shejan=wrong/entity,contradiction | entity | numeric | relational,"সুই সম্রাট ওয়েন প্রতিষ্ঠিত সুই সাম্রাজ্যের রাজধানী ছিল চাং'আন, ৫৮১ থেকে ৬০৫ সাল পর্যন্ত তা ডাক্সিন নামে পরিচিত ছিল এবং পরে ৬০৫ থেকে ৬১৪ পর্যন্ত লুওইয়াং নামে পরিচিত ছিল। সম্রাট ওয়েন এবং ইয়াং বেশ কিছু সংস্কার কাজ করেন, যার মধ্যে অন্যতম হল কৃষিতে সমতা প্রদান, যাতে অর্থনৈতিক অসমতা হ্রাস পায় এবং কৃষিতে উৎপাদন বৃদ্ধি পায়; তিন বিভাগ ও ছয় মন্ত্রণালয় পদ্ধতি; এবং প্রাচীন চীনের মুদ্রা প্রচলন ব্যবস্থাকে নির্দিষ্ট মানদণ্ডে নিয়ে আসা ও পুনরায় একত্রিত করা। তারা বৌদ্ধ ধর্মের প্রচার করে এবং লোকজনকে এই ধর্ম গ্রহণে উতসাহিত করে। এই সাম্রাজ্যের মাঝামাঝিতে সম্রাট ওয়েনের সময়ে জনসংখ্যা বৃদ্ধি স্বত্তেও কৃষি উৎপাদনের উদ্বৃত্ত দেখা যায়। তাই এই সময়কে এই সাম্রজ্যের সোনালি যুগ বলে গণ্য করা হয়।",সুই সাম্রাজ্যের প্রতিষ্ঠাতা কে ছিলেন ?,ইয়াং সম্রাট ওয়েন,,
test_0954,test,has_context,law,marked unsure or unreadable,wrong,tawhid=wrong/numeric; shejan=unsure/none,contradiction | entity | numeric | relational,ভারতীয় উপমহাদেশে সাংবিধানিক ধারার বিকাশ ঘটে ১৭৭৩ সালের রেগুলেটিং অ্যাক্ট পাসের মধ্য দিয়ে এবং ক্রমান্বয়ে তা পরিবর্তিত হতে থাকে ১৯৩৫ সালের ভারত শাসন আইন পর্যন্ত।,সাইমন কমিশন গঠিত হয় কোন সালে?,১৯৩০ সালে,,
test_0958,test,has_context,reading_comprehension,"human says correct, corpus says wrong",wrong,tawhid=correct/none; shejan=correct/none,contradiction | entity | numeric | relational,"অলকা সাদাত (ফার্সি: الکا سادات, (জন্ম ১৯৮৮) একজন আফগান ডকুমেন্টারি এবং পূর্ণদৈর্ঘ্য চলচ্চিত্র প্রযোজক, পরিচালক এবং ক্যামেরাম্যান। তিনি তার প্রথম ২৫ মিনিটের চলচ্চিত্র হাফ ভ্যালু লাইফের মাধ্যমে বিখ্যাত হয়েছিলেন, যা সামাজিক অন্যায় ও অপরাধকে তুলে ধরে; ছবিটি বেশ কয়েকটি পুরস্কার জিতেছে। তিনি প্রথম আফগান নারী চলচ্চিত্র প্রযোজক ও পরিচালক রোয়া সাদাতের ছোট বোন। দুই বোন ২০০৪ থেকে অনেক চলচ্চিত্র প্রযোজনায় সহযোগিতা করেছেন এবং রোয়া ফিল্ম হাউস প্রতিষ্ঠায় সহায়ক ছিলেন। তার প্রথম চলচ্চিত্রের জন্য তিনি আফগান শান্তি পুরস্কার পেয়েছিলেন এবং তারপর থেকে তিনি অনেক প্রামাণ্যচিত্র তৈরি করেছেন যার জন্য তিনি প্",অলকা সাদাত কবে জন্মগ্রহণ করেন?,১৯৮৮,,
test_0962,test,has_context,reading_comprehension,annotators chose different types,wrong,tawhid=wrong/numeric; shejan=wrong/entity,contradiction | entity | numeric | relational,"আইওএসের প্রধান হালনাগাদ সংস্করনগুলো আসে বাতসরিক ভিত্তিতে। আইওএস ১২, আইওএসের সর্বশেষ সংস্করন ২০১৭ সালের ১৯ সেপ্টেম্বর প্রকাশিত হয়। এটি ৬৪ বিট প্রসেসরের সমস্ত আইওএস যন্ত্রের জন্য উপযোগী। আইফোন ৫এস থেকে আইফোনের পরবর্তী মডেলগুলো, ৫ম প্রজন্মের আইপ্যাড, আইপ্যাড এয়ার ও এয়ার ২, সব আইপ্যাড প্রো সংস্করণ এবং ৬ষ্ঠ প্রজন্মের আইপড টাচ আইওএস ১২ পেয়েছে[3]।",প্রদত্ত তথ্য অনুযায়ী “আইওএস ১২ আইওএসের সর্বশেষ সংস্করন” সম্পর্কে কী জানা যায়?,"আইওএস ১৩, আইওএসের সর্বশেষ সংস্করন ২০১৭ সালের ১৯ সেপ্টেম্বর প্রকাশিত হয়।",,
test_0974,test,has_context,reading_comprehension,annotators disagree on correct vs wrong,wrong,tawhid=wrong/numeric; shejan=correct/none,contradiction | entity | numeric | relational,আলচি বৌদ্ধবিহারের প্রতিষ্ঠাতা হিসেবে রিন-ছেন-ব্জাং-পো (জীবনকাল: ৯৫৮-১০৫৫) নামক বিখ্যাত তিব্বতী বৌদ্ধ পন্ডিতের উল্লেখ করা হয়। কিন্তু রজার গোয়েপ্পার এই বিহারের সবচেয়ে পুরাতন ভবনগুলির মধ্য অন্যতম গ্সুম-ব্র্তসেগ্স মন্দিরটি ত্রয়োদশ শতাব্দীর প্রথম চতুর্থাংশে নির্মিত হয়েছিল বলে হিসেব করেছেন। এই মন্দিরের তৃতীয় তলার প্রবেশদ্বারের দেওয়ালে 'ব্রি-কুং-ব্কা'-ব্র্গ্যুদ ধর্মসম্প্রদায়ের যোগীদের চিত্রে এই ধর্মসম্প্রদায়ের প্রতিষ্ঠাতা 'জিগ-র্তেন-ম্গোন-পো-রিন-ছেন-দ্পালের (জীবনকাল: ১১৪৩-১২১৭) চিত্র শেষে আঁকা হয়েছে বলে মনে করা হয় যে এই মন্দির 'জিগ-র্তেন-ম্গোন-পো-রিন-ছেন-দ্পালের মৃত্যুর পর ত্রয়োদশ শতাব্দীর শুরুতে নির্মিত হয়েছে।[4]:৭৩[5][6] এই সময় আলচি সহ নিম্ন লাদাখ মধ্য তিব্বতের 'ব্রো নামক পরিবারগোষ্ঠীর শাসনাধীন ছিল।,পাঠ্যাংশ থেকে “৭৩ আলচি সহ নিম্ন লাদাখ” সম্পর্কিত সঠিক তথ্যটি লিখুন।,:৭৪ এই সময় আলচি সহ নিম্ন লাদাখ মধ্য তিব্বতের 'ব্রো নামক পরিবারগোষ্ঠীর শাসনাধীন ছিল।,,
test_0981,test,has_context,history,annotators chose different types,wrong,tawhid=wrong/entity; shejan=wrong/contradiction,contradiction | entity | numeric | relational,মুহাম্মাদ পড়তে এবং লিখতে জানতেন না।[১৩][১৪],মুহাম্মাদ পড়তে ও লিখতে জানতেন কি?,"হ্যাঁ, তিনি ইস্তানবুলে শিক্ষালাভ করে পড়তে-লিখতে জানতেন",,
test_0995,test,has_context,history,annotators disagree on correct vs wrong,wrong,tawhid=correct/none; shejan=wrong/relational,contradiction | entity | numeric | relational,বিজ্ঞানী সত্যেন্দ্রনাথ বসু ১৯৫৮ সালে লন্ডনের রয়্যাল সোসাইটির ফেলো নির্বাচিত হন। তিনি ১৯৫২ সাল থেকে কিছুকাল পর্যন্ত পশ্চিমবঙ্গ রাজ্যসভার মনোনীত সদস্য হিসেবেও দায়িত্ব পালন করেন। এ লক্ষ্যে তিনি কলকাতায় 'বঙ্গীয় বিজ্ঞান পরিষদ' প্রতিষ্ঠা করেন এবং এ পরিষদের মুখপত্ররূপে মাসিক 'জ্ঞান ও বিজ্ঞান' প্রকাশ করেন। আন্তর্জাতিক খ্যাতিসম্পন্ন এই বিজ্ঞানীকে বিশ্বভারতী বিশ্ববিদ্যালয় কর্তৃপক্ষ 'দেশিকোত্তম' এবং ভারত সরকার 'পদ্মভূষণ' উপাধিতে ভূষিত করে।,সত্যেন্দ্রনাথ বসুকে বিশ্বভারতী বিশ্ববিদ্যালয় কর্তৃপক্ষ কোন উপাধিতে ভূষিত করে?,পদ্মভূষণ,,
test_1000,test,has_context,history,annotators chose different types,wrong,tawhid=wrong/relational; shejan=wrong/entity,contradiction | entity | numeric | relational,"পদ্যে বিকাশ লাভ করলে কয়েকজন কবি প্রসিদ্ধি লাভ করলেও সুই সাম্রাজ্যের স্বল্প স্থায়িত্ব, চীনা পদ্যে পরিবর্তন, স্বাতন্ত্রের অভাব, অপর ছয় সাম্রাজ্যের সাথে যোগসূত্র ও তাং সময়কালের পদ্যের বিকাশের ফলে বাকিরা হারিয়ে যায়। সুই সাম্রাজ্যের কবিদের মধ্যে অন্যতম ছিলেন ইয়াং গুয়াং, দ্বিতীয় সুই সম্রাট ও পদ্য সমালোচক এবং তার একজন উপপত্নী লেডি হউ।[19]",সুই সাম্রাজ্যের দ্বিতীয় সম্রাটের নাম কী ?,সুই সাম্রাজ্যের দ্বিতীয় সম্রাট ছিলেন ইয়াং ইউ।,,
test_1015,test,has_context,reading_comprehension,annotators chose different types,wrong,tawhid=wrong/relational; shejan=wrong/numeric,contradiction | entity | numeric | relational,"পান্ডে ১৯৮৭ সালে বলিউড চলচ্চিত্রে কাজ শুরু করেন, তার অভিনীত প্রথম সিনেমা হল নিলাম কোঠারীর বিপরীতে আগ হি আগ (Aag Hi Aag)। পান্ডে সকলের নজরে আসেন মুন্না’র (অনিল কাপুর) বন্ধু হিসেবে সহ-অভিনেতা হিসেবে ১৯৮৮ সালের চলচ্চিত্র তেজাব (Tezaab) সিনেমায় অভিনয়ে মাধ্যমে, যা সে বছরের বৃহৎ ব্লকবাস্টার ছিল।[1] এটা ছিল পান্ডের প্রথম বৃহৎ কাজ যার জন্য তিনি ফিল্মফেয়ার সহ-অভিনেতা হিসেবে মনোনয়নলাভ করেন।",পাঠ্যাংশ থেকে “এটা পান্ডের বৃহৎ কাজ জন্য” সম্পর্কিত সঠিক তথ্যটি লিখুন।,এটা ছিল পান্ডের দ্বিতীয় বৃহৎ কাজ যার জন্য তিনি ফিল্মফেয়ার সহ-অভিনেতা হিসেবে মনোনয়নলাভ করেন।,,
test_1029,test,has_context,reading_comprehension,marked unsure or unreadable,wrong,tawhid=wrong/relational; shejan=unsure/none,contradiction | entity | numeric | relational,"“ভাগোয়া বা গেরুয়া রঙ ত্যাগ ও বৈরাগ্যের প্রতীক। আমাদের নেতৃবৃন্দকে পার্থিব লাভের প্রতি উদাসীন ও আপন আপন কাজে যত্নবান হইতে হইবে। মধ্যস্থলে সাদা আমাদের আত্মনিয়ন্ত্রণ ও স্বভাবের পথপ্রদর্শক সত্যপথ আলোর প্রতীক। সবুজ মৃত্তিকা তথা সকল প্রাণের প্রাণ উদ্ভিজ্জ জগতের সহিত আমাদের সম্বন্ধটি ব্যক্ত করিতেছে। সাদা অংশের কেন্দ্রস্থলে অশোকচক্র ধর্ম অনুশাসনের প্রতীক। সত্য ও ধর্ম এই পতাকাতলে কর্মরত সকলের নিয়ন্ত্রণনীতি হইবে। এতদ্ভিন্ন, চক্রটি গতিরও প্রতীক। স্থবিরতায় আসে মৃত্যু। জীবন গতিরই মধ্যে। পরিবর্তনকে বাধাদান ভারতের আর উচিত হইবে না, তাহাকে সম্মুখে অগ্রসর হইতে হইবেই। এই চক্রটি শান্তিপূর্ণ পরিবর্তনের গতিশীলতার প্রতীক।[10]”",অনুচ্ছেদের আলোকে “এতদ্ভিন্ন চক্রটি গতিরও প্রতীক” বিষয়ে প্রাসঙ্গিক তথ্যটি কী?,"অনুশাসনের, চক্রটি গতিরও প্রতীক।",,
test_1037,test,has_context,reading_comprehension,annotators chose different types,wrong,tawhid=wrong/relational; shejan=wrong/numeric,contradiction | entity | numeric | relational,আন্তর্জাতিক কলকাতা পুস্তকমেলা (পূর্বনাম কলিকাতা পুস্তকমেলা) পশ্চিমবঙ্গের রাজধানী কলকাতায় আয়োজিত একটি বার্ষিক আন্তর্জাতিক বইমেলা। এই মেলাটি কলকাতা বইমেলা নামেই সমধিক পরিচিত। ১৯৭৬ সালে প্রবর্তিত এই বইমেলা ১৯৮৪ সালে আন্তর্জাতিক বইমেলার স্বীকৃতি অর্জন করে।[1] বর্তমানে জানুয়ারি মাসের শেষ বুধবার বারোদিনব্যাপী এই বইমেলার উদ্বোধন হয়। মেলার বর্তমান আয়োজনস্থল পূর্ব কলকাতার মিলন মেলা প্রাঙ্গণ।,অনুচ্ছেদে “আন্তর্জাতিক কলকাতা পুস্তকমেলা পূর্বনাম কলিকাতা” প্রসঙ্গে কোন তথ্য উল্লেখ আছে?,আন্তর্জাতিক কলকাতা পুস্তকমেলা (পূর্বনাম কলিকাতা পুস্তকমেলা) পশ্চিমবঙ্গের রাজধানী কলকাতায় আয়োজিত দুটি বার্ষিক আন্তর্জাতিক বইমেলা।,,
test_1044,test,has_context,reading_comprehension,annotators chose different types,wrong,tawhid=wrong/relational; shejan=wrong/contradiction,contradiction | entity | numeric | relational,"ইলেইন লুসিল লারসন (জন্ম ২৭ এপ্রিল ১৯৪৩) একজন আমেরিকান সংক্রামক রোগ বিশেষজ্ঞ। কলাম্বিয়া বিশ্ববিদ্যালয় মেইলম্যান স্কুল অফ পাবলিক হেলথ-এর এপিডেমিওলজির অধ্যাপক হিসেবে তিনি সংক্রমণ প্রতিরোধ ও নিয়ন্ত্রণ, রোগের এপিডেমিওলজি এবং সংশ্লিষ্ট বিষয়ে চারটি বই এবং চারশোরও বেশি নিবন্ধ প্রকাশ করেছেন। ২০১৭ সালে লারসনকে আমেরিকান অ্যাকাডেমি অফ নার্সিং কর্তৃক ""লিভিং লিজেন্ড"" হিসেবে অভিহিত করা হয়, যা এই অ্যাকাডেমির সর্বোচ্চ সম্মান।",পাঠ্যাংশ থেকে “কলাম্বিয়া বিশ্ববিদ্যালয় মেইলম্যান স্কুল অফ” সম্পর্কিত সঠিক তথ্যটি লিখুন।,"কলাম্বিয়া বিশ্ববিদ্যালয় মেইলম্যান স্কুল অফ পাবলিক হেলথ-এর এপিডেমিওলজির অধ্যাপক হিসেবে তিনি সংক্রমণ প্রতিরোধ ও নিয়ন্ত্রণ, রোগের এপিডেমিওলজি এবং সংশ্লিষ্ট বিষয়ে চারটি বই এবং চারশোরও কম নিবন্ধ প্রকাশ করেছেন।",,
test_1046,test,has_context,history,annotators chose different types,wrong,tawhid=wrong/relational; shejan=wrong/entity,contradiction | entity | numeric | relational,"রাষ্ট্রপতি ফ্রাঙ্কলিন রুজভেল্ট অ্যাডমিরাল আর্নেস্ট জে কিং, ইউএস নেভি অ্যাডমিরাল হ্যারল্ড আর স্টার্ক, মার্কিন নেভি জেনারেল জর্জ সি মার্শাল, মার্কিন সেনা রাষ্ট্রপতি উপদেষ্টা হ্যারি হপকিনস",আটলান্টিক সনদ বৈঠকে ইউএস নেভির প্রতিনিধি হিসেবে কোন অ্যাডমিরাল উপস্থিত ছিলেন?,অ্যাডমিরাল চেস্টার নিমিৎজ।,,
test_1067,test,has_context,reading_comprehension,annotators chose different types,wrong,tawhid=wrong/entity; shejan=wrong/relational,contradiction | entity | numeric | relational,"ঈসা খাঁ - খিজিরপুর বা কত্রাভূ, প্রতাপাদিত্য - যশোর বা চ্যাণ্ডিকান, চাঁদ রায়, কেদার রায় - শ্রীপুর বা বিক্রমপুর, কন্দর্প রায় ও রামচন্দ্ররায় - বাক‌্লা বা চন্দ্রদ্বীপ, লক্ষ্মণমাণিক্য - ভুলুয়া, মুকুন্দরাম রায় ভূষণা বা ফতেহাবাদ, ফজল গাজী - ভাওয়াল ও চাঁদপ্রতাপ, হামীর মল্ল বা বীর হাম্বীর - বিষ্ণুপুর, কংসনারায়ন - তাহিরপুর, রামকৃষ্ণ - সাতৈর বা সান্তোল, পীতম্বর ও নীলম্বর - পুঁটিয়া, এবং ঈশা খাঁ লোহানী ও উসমান খাঁ লোহানীঃ - উড়িষ্যা ও হিজলী।[1]",চাঁদ রায় কোথাকার জমিদার ছিলেন ?,চাঁদ রায় মূলত যশোর বা চ্যাণ্ডিকানের জমিদার ছিলেন।,,
test_1074,test,has_context,others,annotators disagree on correct vs wrong,wrong,tawhid=correct/none; shejan=wrong/numeric,contradiction | entity | numeric | relational,শরৎচন্দ্র চট্টোপাধ্যায় ১৯২৩ সালে কলকাতা বিশ্ববিদ্যালয় থেকে জগত্তারিণী স্বর্ণপদক পান। ১৯৩৬ সালে ঢাকা বিশ্ববিদ্যালয় তাঁকে ডি.লিট উপাধি দেয়।,শরৎচন্দ্র চট্টোপাধ্যায় কলিকাতা বিশ্ববিদ্যালয় থেকে জগত্তারিণী স্বর্ণপদক কত সালে পান?,১৯৩৬ সালে।,,
test_1075,test,has_context,history,marked unsure or unreadable,wrong,tawhid=unsure/none; shejan=unsure/none,contradiction | entity | numeric | relational,"উমাইয়া মসজিদটি আকারে আয়তক্ষেত্র যার আয়তন দৈর্ঘ্যে ৯৭ মিঃ (৩১৮ ফুট) ও প্রস্থে ১৫৬ মিঃ (৫১২ ফুট)। ১৭৫৯ সালের ভূমিকম্পে এর প্রাঙ্গনের উত্তরাংশ ধ্বসে যায়। এই মসজিদের সর্ববৃহৎ গম্বুজটি কুব্বাত আন-নিস্‌র বা ডোম অব ঈগল নামে পরিচিত। ১৮৯৩ সালের অগ্নিকান্ডের পর এর কাঠের তৈরী গম্বুজের স্থানে পাথরের তৈরী গম্বুজ তৈরী হয়, যার উচ্চতা ৩৬ মিঃ (১১৮ ফুট)।",উমাইয়া মসজিদের সর্ববৃহৎ গম্বুজের আরবি নাম কী?,কুব্বাত আন-নিষর,,
test_1083,test,has_context,reading_comprehension,annotators chose different types,wrong,tawhid=wrong/numeric; shejan=wrong/entity,contradiction | entity | numeric | relational,"বনি অ্যারনস (জন্ম ৯ সেপ্টেম্বর, ১৯৬০) একজন মার্কিন অভিনেত্রী। তিনি দ্য কনজ্যুরিং ইউনিভার্সে (২০১৬–বর্তমান) শয়তান ভ্যালাকের রূপ দানকারী সন্ন্যাসিনী বা 'দ্য নান' চরিত্রে অভিনয়ের জন্য সবচেয়ে বেশি পরিচিত। তিনি The Conjuring 2 (২০১৬), দ্য নান (২০১৮) এবং The Nun II (২০২৩) চলচ্চিত্রে অভিনয় করেছেন। তার অন্যান্য ভূমিকার মধ্যে রয়েছে মালহল্যান্ড ড্রাইভ (২০০১)-এ দ্য বাম, দ্য প্রিন্সেস ডায়েরিজ (২০০১) এবং এর সিক্যুয়াল The Princess Diaries 2: Royal Engagement (২০০৪)-এ ব্যারনেস জয় ফন ট্রোকেন।",অনুচ্ছেদে “তিনি The Conjuring ২০১৬ দ্য” প্রসঙ্গে কোন তথ্য উল্লেখ আছে?,"তিনি The Conjuring 3 (২০১৬), দ্য নান (২০১৮) এবং The Nun II (২০২৩) চলচ্চিত্রে অভিনয় করেছেন।",,
test_1086,test,has_context,history,marked unsure or unreadable,wrong,tawhid=unsure/none; shejan=unsure/none,contradiction | entity | numeric | relational,সাকিব ১৮ সেপ্টেম্বর ২০১৭ সালে এমসিসি ওয়ার্ল্ড ক্রিকেট কমিটির সদস্য মনোনিত হন। ক্রিকেট খেলার যাবতীয় নিয়ম কানুন ও নানা পরিবর্তনসহ খেলার ভালো-মন্দ নিয়ে আইসিসিকে সুপারিশ করে এ কমিটি।,এমসিসি ওয়ার্ল্ড ক্রিকেট কমিটি কোন বিষয়ে আইসিসিকে সুপারিশ করে?,ক্রিকেট খেলার নিয়মকানুন ও পরিবর্তন সংক্রান্ত বিসয়ে,,
test_1093,test,has_context,reading_comprehension,"human says correct, corpus says wrong",wrong,tawhid=correct/none; shejan=correct/none,contradiction | entity | numeric | relational,"মোহাম্মদ মোসাদ্দেক আলী ফালু (জন্ম ৭ এপ্রিল ১৯৬০) একজন বাংলাদেশী উদ্যোক্তা এবং একজন রাজনীতিবিদ যিনি বিএনপির সাবেক সংসদ সদস্য ছিলেন। তিনি ২০০১ থেকে ২০০৪ সাল পর্যন্ত সে সময়ের বাংলাদেশের প্রধানমন্ত্রী বেগম খালেদা জিয়ার রাজনৈতিক সচিব হিসেবে দায়িত্ব পালন করেন। ফালু ২০০৩ সালে, বাংলাদেশের প্রথম অটোমেশন ভিত্তিক বেসরকারি স্যাটেলাইট টেলিভিশন স্টেশন ইন্টারন্যাশনাল টেলিভিশন চ্যানেল লিমিটেড (এনটিভি) চালু করেন। তিনি আরও একটি বেসরকারি স্যাটেলাইট চ্যানেল আরটিভি এবং বাংলা দৈনিক পত্রিকা দৈনিক আমার দেশ প্রতিষ্ঠা করেন। তিনি টেলিভিশন চ্যানেল মালিকদের (এসটিসিও) সমিতির প্রতিষ্ঠাতা সভাপতি।",মোসাদ্দেক আলী ফালু কবে জন্মগ্রহণ করেন?,৭ এপ্রিল ১৯৬০,,
test_1097,test,has_context,reading_comprehension,annotators chose different types,wrong,tawhid=wrong/relational; shejan=wrong/entity,contradiction | entity | numeric | relational,মিশেল ফুকো ১৯২৬ সালের অক্টোবর ১৫ তারিখে ফ্রান্সের Poitiers নামক স্থানের এক সম্ভ্রান্ত প্রাদেশিক পরিবারে জন্মগ্রহণ করেন। জন্মের সময় তার নাম ছিল পল-মিশেল ফুকো। বাবার নাম পল ফুকো যিনি ফ্রান্সের বিশিষ্ট সার্জন ছিলেন। তার বাবার ইচ্ছা ছিল পড়াশোনা শেষে ফুকো বাবার পেশাকেই বেছে নেবেন। তার প্রাথমিক শিক্ষা খুবই স্বাভাবিক গতিতে এগিয়েছে। খুব একটা ভাল বা খারাপ করেননি কখনও। কিন্তু জেসুইট কলেজ সেন্ট-স্টানিসলাসে ভর্তির পর তিনি পড়াশোনায় বিশেষ সাফল্য অর্জন করেন। সে সময় Poitiers অঞ্চলটি Vichy France-এর অন্তর্ভুকত ছিল। পরবর্তিতে তা জার্মানির অন্তর্ভুক্ত হয়। দ্বিতীয় বিশ্বযুদ্ধের পরে ফুকো École Normale Supérieure-তে প্রবেশের সুযোগ পান। এই প্রতিষ্ঠানটি ছিল ফ্রান্সের মানবিক বিভাগের শিক্ষা সংশ্লিষ্ট কর্মক্ষেত্রের সবচেয়ে গুরুত্বপূর্ণ অঙ্গ।,অনুচ্ছেদের ভিত্তিতে “দ্বিতীয় বিশ্বযুদ্ধের পরে ফুকো cole” বিষয়ে কোন বক্তব্যটি সঠিক?,প্রথম বিশ্বযুদ্ধের পরে ফুকো École Normale Supérieure-তে প্রবেশের সুযোগ পান।,,
test_1102,test,no_context,grammar,annotators disagree on correct vs wrong,wrong,tawhid=wrong/fabricated; shejan=correct/none,fabricated | overclaim,,"এখন থেকেই তোমার পড়া উচিত, তবেই পরীক্ষায় প্রথম হতে পারবে।  এটা কোন বাক্যের উদাহরণ?",যৌগিক বাক্য,,
test_1106,test,has_context,history,annotators chose different types,wrong,tawhid=wrong/entity; shejan=wrong/contradiction,contradiction | entity | numeric | relational,"আবদুল্লাহ মেয়ারকে বলেন, ""রাষ্ট্র অর্জনের জন্য আপনারা এত তাড়াহুড়ো কেন করছেন? কয়েক বছর অপেক্ষা করছেন না কেন? আমি সমগ্র দেশ অধিকার করব এবং আপনি আমার সংসদের প্রতিনিধি হবেন। আমি আপনার সাথে খুবই ভাল ব্যবহার করব এবং কোন যুদ্ধ হবে না।""",১৯৪৮ সালের ১১ মে গোল্ডা মেয়ারের সাথে সাক্ষাতে আবদুল্লাহ কী বলেন বলে উদ্ধৃত করা হয়?,তিনি ফিলিস্তিন ভাগ মেনে নিয়ে যৌথ সরকার গঠন করবেন,,
test_1116,test,has_context,history,marked unsure or unreadable,wrong,tawhid=wrong/relational; shejan=unsure/none,contradiction | entity | numeric | relational,১৯৭২ সালের এপ্রিল মাসে কলকাতা রবীন্দ্রসদন সম্মুখস্ত মাঠে আয়োজিত হয় প্রথম 'বাংলাদেশ-ভারত মৈত্রী মেলা'। সেখানে মুনীর চৌধুরীর বাণার্ড শ'য়ের 'নেভার ক্যান টেল' এর বাংলা রুপান্তর 'কেউ কিছু বলতে পারে না' নাটকটি ঢাকা বিশ্ববিদ্যালয় ছাত্রছাত্রীরা মঞ্চস্থ করে।,মৈত্রী মেলায় ঢাকা বিশ্ববিদ্যালয়ের ছাত্রছাত্রীরা কোন নাটক মঞ্চস্থ করে?,মুনীর চৌধুরীর 'কেউ কিছু বলতে পারে ণা',,
test_1119,test,has_context,reading_comprehension,annotators disagree on correct vs wrong,wrong,tawhid=correct/none; shejan=wrong/contradiction,contradiction | entity | numeric | relational,"সুই সম্রাট ওয়েন প্রতিষ্ঠিত সুই সাম্রাজ্যের রাজধানী ছিল চাং'আন, ৫৮১ থেকে ৬০৫ সাল পর্যন্ত তা ডাক্সিন নামে পরিচিত ছিল এবং পরে ৬০৫ থেকে ৬১৪ পর্যন্ত লুওইয়াং নামে পরিচিত ছিল। সম্রাট ওয়েন এবং ইয়াং বেশ কিছু সংস্কার কাজ করেন, যার মধ্যে অন্যতম হল কৃষিতে সমতা প্রদান, যাতে অর্থনৈতিক অসমতা হ্রাস পায় এবং কৃষিতে উৎপাদন বৃদ্ধি পায়; তিন বিভাগ ও ছয় মন্ত্রণালয় পদ্ধতি; এবং প্রাচীন চীনের মুদ্রা প্রচলন ব্যবস্থাকে নির্দিষ্ট মানদণ্ডে নিয়ে আসা ও পুনরায় একত্রিত করা। তারা বৌদ্ধ ধর্মের প্রচার করে এবং লোকজনকে এই ধর্ম গ্রহণে উতসাহিত করে। এই সাম্রাজ্যের মাঝামাঝিতে সম্রাট ওয়েনের সময়ে জনসংখ্যা বৃদ্ধি স্বত্তেও কৃষি উৎপাদনের উদ্বৃত্ত দেখা যায়। তাই এই সময়কে এই সাম্রজ্যের সোনালি যুগ বলে গণ্য করা হয়।",পাঠ্যাংশে “তাই সময়কে সাম্রজ্যের সোনালি যুগ” কীভাবে বর্ণিত হয়েছে?,তাই এই সময়কে এই সাম্রজ্যের সোনালি যুগ বলে গণ্য করা হয় না।,,
test_1121,test,has_context,reading_comprehension,annotators chose different types,wrong,tawhid=wrong/relational; shejan=wrong/entity,contradiction | entity | numeric | relational,"এরোপ্লেন জেলি বার্ট অ্যাপলেরথের তৈরি অস্ট্রেলিয়ার একটি জেলি ব্র্যান্ড। অ্যাপলেরথ পারিবারিক ব্যবসা প্রতিষ্ঠান ট্রেডারস প্রোপাইটারি লিমিটেড, অস্ট্রেলিয়ার অন্যতম বৃহত্তম পারিবারিক খাদ্য প্রস্তুতকারী প্রতিষ্ঠানে পরিণত হয় এবং পরবর্তীতে ১৯৯৫ সালে যুক্তরাষ্ট্র ভিত্তিক ম্যাককরমিক অ্যান্ড কোম্পানির সহায়ক প্রতিষ্ঠান ম্যাককরমিক ফুডস অস্ট্রেলিয়ার অধিনে বিক্রি হয়ে যায়। বার্ষিক ১৮ মিলিয়ন প্যাকেট বিক্রি করে অস্ট্রেলিয়ার জেলির বাজারে এরোপ্লেন জেলি শীর্ষস্থানে অবস্থান নিয়েছে। সবচেয়ে বিক্রিত আস্বাদন (ফ্লেভার) হল স্ট্রবেরি।[2]",এরোপ্লেন জেলির বর্তমানে (২০১৯) কোন কোম্পানির পণ্য ?,ম্যাককরমিক ফুডস প্রস্তুতকারী,,
test_1123,test,has_context,history,annotators disagree on correct vs wrong,wrong,tawhid=correct/none; shejan=wrong/relational,contradiction | entity | numeric | relational,লালবাজার ক্যাপ্টেন এ আর আজম চৌধুরী বনপুর ক্যাপ্টেন মোস্তাফিজুর রহমান,৮ নম্বর সেক্টরের লালবাজার উপ-সেক্টরের কমান্ডার কে ছিলেন?,ক্যাপ্টেন মোস্তাফিজুর রহমান,,
test_1131,test,has_context,reading_comprehension,annotators chose different types,wrong,tawhid=wrong/relational; shejan=wrong/entity,contradiction | entity | numeric | relational,"হিন্দু শব্দটি এসেছে (পার্সিয়ান হয়ে) সংস্কৃত শব্দ সিন্ধু (ঐতিহাসিক স্থানীয় সিন্ধু নদী বা ইন্ডাস্ রিভার) থেকে। এর অবস্থান ছিল ভারতীয় উপমহাদেশের উত্তরপশ্চিম অংশে (বর্তমানে পাকিস্তান এবং উত্তর ভারতের অংশে)।[5][lower-alpha 1] গেবিন ফ্লাডের মতে, ""আসল পরিভাষা হিন্দু প্রথম দেওয়া হয় পার্সিয়ান ভৌগোলিক পরিভাষা থেকে যা দ্বারা সিন্ধু নদীর পাশে বসবাসকারী লোকেদের বোঝানো হত[5]। শব্দটি দিয়ে তখন ভৌগোলিক অবস্থান বোঝানো হত এবং এর দ্বারা কোন ধর্মকে বোঝানো হত না।[lower-alpha 2]",হিন্দু শব্দের উৎপত্তি কোন শব্দ থেকে ?,অবস্থান শব্দ সিন্ধু,,
test_1140,test,has_context,reading_comprehension,annotators chose different types,wrong,tawhid=wrong/relational; shejan=wrong/entity,contradiction | entity | numeric | relational,আলেকজান্ডার ৩২৩ খ্রিষ্টপূর্ব জুন মাসের ১১ অথবা ১২ তারিখে ব্যাবিলনে দ্বিতীয় নেবুচাদনেজারের প্রাসাদে মৃত্যুবরণ করেন। মৃত্যুর সময় তার বয়স ছিল ৩২ বছর।[117],আলেকজান্ডারের মৃত্যু কোথায় হয় ?,ব্যাবিলনে প্রথম নেবুচাদনেজারের প্রাসাদে,,
test_1141,test,has_context,history,marked unsure or unreadable,wrong,tawhid=unsure/none; shejan=correct/none,contradiction | entity | numeric | relational,"উমাইয়া মসজিদ কমপ্লেক্সে মোট তিনটি মিনার আছে। মাধানাত আল-আরুস (দ্য মিনারেট অব দ্য ব্রাইড) হল নির্মিত প্রথম মিনার, যা মসজিদের উত্তরদিকের দেয়ালে অবস্থিত। মাধানাত ঈসা (দ্য মিনারেট অব জেসাস) মসজিদ কমপ্লেক্সের দক্ষিণ-পূর্ব দিকে অবস্থিত ও উচ্চতম মিনার, যার উচ্চতা প্রায় ৭৭ মিঃ (২৫৩ ফুট); এর বর্তমান কাঠামো ১২৪৭ সালে নির্মিত হয়। মাধানাত আল-ঘারবিয়্যা যা মিনার অব কাইতবাই নামেও পরিচিত, তা মামলুক সুলতান কাইতবাঈ ১৪৮৮ সালে নির্মাণ করেন।",মাধানাত আল-ঘারবিয়্যা মিনারটি অন্য কী নামে পরিচিত?,মিনার অব কাইতবাঈ,,
test_1143,test,has_context,history,annotators chose different types,wrong,tawhid=wrong/relational; shejan=wrong/entity,contradiction | entity | numeric | relational,অতএব এটা নিশ্চিতভাবে বলা যায় যে বঙ্গভঙ্গ ও তার রদকে কেন্দ্র করেই ব্রিটিশ ভারতে মুসলিম জাতীয়তাবাদের জন্ম হয়। [হেলাল উদ্দিন আহমেদ],বঙ্গভঙ্গ ও তার রদকে কেন্দ্র করে ব্রিটিশ ভারতে কীসের জন্ম হয়?,বাঙালি জাতীয়তাবাদের জন্ম,,
test_1157,test,has_context,reading_comprehension,annotators chose different types,wrong,tawhid=wrong/relational; shejan=wrong/entity,contradiction | entity | numeric | relational,১৯২৫ সালে মওলানা আব্দুল হামিদ খান ভাসানী জয়পুরহাটের পাঁচবিবি উপজেলার জমিদার শামসুদ্দিন আহম্মদ চৌধুরীর মেয়ে আলেমা খাতুনকে বিবাহ করেন। পরবর্তীতে তিনি বিয়ে করেন হামিদা খানম ভাসানী কে (পীর মা হিসেবে ভুরুঙ্গামারীতে খ্যাত) কামাত আঙ্গারিয়া গ্রামে (বর্তমানে এই গ্রামটি প্রতিষ্ঠা পেয়েছে ভাসানী নগর হিসেবে) এটি সীমান্ত ঘেষা একটি অজপাড়াগাঁ।,মওলানা আবদুল হামিদ খান ভাসানীর স্ত্রীর নাম কী ?,কামাত খাতুন,,
test_1167,test,has_context,reading_comprehension,annotators chose different types,wrong,tawhid=wrong/relational; shejan=wrong/entity,contradiction | entity | numeric | relational,"রিচার্ড উইড উইডমার্ক (ডিসেম্বর ২৬, ১৯১৪-মার্চ ২৪, ২০০৮) একজন মার্কিন চলচ্চিত্র, মঞ্চ, এবং টেলিভিশন অভিনেতা ও প্রযোজক। তিনি তাঁর সর্বপ্রথম অভিনীত চলচ্চিত্র “কিস অফ ডেথ” – এ টমি উডো নামে একজন খলনায়কের ভূমিকায় অভিনয়ের জন্য অস্কার মনোনয়ন পেয়েছিলেন। তিনি গোল্ডেন গ্লোব জয়ী হন সবচেয়ে উজ্জ্বল নবাগত হিসেবে। অভিনয় জীবনের শুরুর দিকে তিনি নোয়া চলচ্চিত্রে খলনায়কের ভূমিকায় বেশী অভিনয় করেন, তবে পরে তিনি নায়কের চরিত্রে অভিনয় করেন ওয়েস্টার্ন, নাট্য এবং ভয়ের চলচ্চিত্রে। চলচ্চিত্র জগতে অবদানের জন্য হলিউড ওয়াক অফ ফেইম-এ উইডমার্কের একটি তারকা আছে।","মার্কিন চলচ্চিত্র, মঞ্চ, এবং টেলিভিশন অভিনেতা ও প্রযোজক রিচার্ড উইড উইডমার্কের অভিনীত প্রথম চলচ্চিত্রের নাম কী ?",আছে অফ ডেথ,,
test_1180,test,has_context,reading_comprehension,annotators disagree on correct vs wrong,wrong,tawhid=correct/none; shejan=wrong/contradiction,contradiction | entity | numeric | relational,"নূহ-উল-আলম লেনিন (জন্ম ১৭ এপ্রিল ১৯৪৭) একজন বাংলাদেশি রাজনীতিবিদ, গবেষক, লেখক ও সংগঠক। তিনি বাংলাদেশ আওয়ামী লীগ এর কেন্দ্রীয় কমিটির সাবেক প্রেসিডিয়াম সদস্য এবং বাংলাদেশ আওয়ামী লীগ এর মুখপত্র মাসিক 'উত্তরণ' এর সম্পাদক ও প্রকাশক। ১৯৯৮ সাল থেকে তিনি সামাজিক সাংস্কৃতিক প্রত্নতাত্ত্বিক সংগঠন অগ্রসর বিক্রমপুর ফাউন্ডেশনের প্রতিষ্ঠাতা সভাপতির দায়িত্ব পালন করছেন।",অনুচ্ছেদের আলোকে “তিনি বাংলাদেশ আওয়ামী লীগ কেন্দ্রীয়” বিষয়ে প্রাসঙ্গিক তথ্যটি কী?,তিনি বাংলাদেশ আওয়ামী লীগ এর কেন্দ্রীয় কমিটির সাবেক প্রেসিডিয়াম সদস্য এবং বাংলাদেশ আওয়ামী লীগ এর মুখপত্র মাসিক 'উত্তরণ' এর সম্পাদক ও প্রকাশক নয়।,,
test_1181,test,has_context,law,annotators chose different types,wrong,tawhid=wrong/relational; shejan=wrong/entity,contradiction | entity | numeric | relational,প্রত্যেক ইউনিয়ন পরিষদ প্রতি অর্থ বৎসর শুরু হইবার অন্যূন ৬০ (ষাট) দিন পূর্বে নির্ধারিত পদ্ধতিতে ওয়ার্ড সভা হইতে প্রাপ্ত অগ্রাধিকারের ভিত্তিতে উক্ত অর্থ বৎসরের সম্ভাব্য আয় ও ব্যয় বিবরণী সম্বলিত একটি বাজেট প্রণয়ন করিবে।,"প্রদত্ত প্রসঙ্গ অনুযায়ী স্থানীয় সরকার (ইউনিয়ন পরিষদ) আইন, ২০০৯-এর ধারা ৫৭ সম্পর্কে কী বলা হয়েছে?",প্রত্যেক উপজেলা পরিষদ প্রতি অর্থ বৎসর শুরু হইবার অন্যূন ৬০ (ষাট) দিন পূর্বে নির্ধারিত পদ্ধতিতে ওয়ার্ড সভা হইতে প্রাপ্ত অগ্রাধিকারের ভিত্তিতে উক্ত অর্থ বৎসরের সম্ভাব্য আয় ও ব্যয় বিবরণী সম্বলিত একটি বাজেট প্রণয়ন করিবে।,,
test_1182,test,no_context,grammar,annotators disagree on correct vs wrong,wrong,tawhid=correct/none; shejan=wrong/fabricated,fabricated | overclaim,,কোনটি মধ্যাবস্থিত পশ্চাৎ স্বরধ্বনি?,অ,,
test_1185,test,has_context,history,annotators chose different types,wrong,tawhid=wrong/entity; shejan=wrong/contradiction,contradiction | entity | numeric | relational,"যেহেতু বিষয়টি ব্রিটিশ রাজা পঞ্চম জর্জের ভারত সফরের সঙ্গে সম্পর্কিত ছিল, তাই রাজা দিল্লি সফরের সময় নিজেই ঘোষণাটি দেওয়ার ইচ্ছা পোষণ করলেন। সেই পর্যন্ত ভাইসরয়কে বিষয়টি গোপন রাখার জন্য নির্দেশনা দেওয়া হলো।",রাজার ঘোষণার আগ পর্যন্ত ভাইসরয়কে বঙ্গভঙ্গ রদের বিষয়ে কী নির্দেশনা দেওয়া হয়েছিল?,বিষয়টি সংবাদপত্রে প্রকাশ করার নির্দেশনা,,
test_1190,test,has_context,reading_comprehension,annotators disagree on correct vs wrong,wrong,tawhid=correct/none; shejan=wrong/contradiction,contradiction | entity | numeric | relational,মোহাম্মদ হামিদুর রহমানের জন্ম ১৯৫৩ সালের ২ ফেব্রুয়ারি তদানিন্তন যশোর জেলার (বর্তমানে ঝিনাইদহ জেলা) মহেশপুর উপজেলার খর্দ্দ খালিশপুর গ্রামে।[1][4][5] তাঁর পিতার নাম আক্কাস আলী মন্ডল এবং মায়ের নাম মোসাম্মাৎ কায়মুন্নেসা। শৈশবে তিনি খালিশপুর প্রাথমিক বিদ্যালয় এবং পরবর্তীকালে স্থানীয় নাইট স্কুলে সামান্য লেখাপড়া করেন।,পাঠ্যাংশ থেকে “তাঁর পিতার আক্কাস আলী মন্ডল” সম্পর্কিত সঠিক তথ্যটি লিখুন।,তাঁর পিতার নাম আক্কাস আলী মন্ডল এবং মায়ের নাম মোসাম্মাৎ কায়মুন্নেসা নয়।,,
test_1195,test,has_context,law,marked unsure or unreadable,wrong,tawhid=wrong/numeric; shejan=unsure/none,contradiction | entity | numeric | relational,ভারতীয় উপমহাদেশে সাংবিধানিক ধারার বিকাশ ঘটে ১৭৭৩ সালের রেগুলেটিং অ্যাক্ট পাসের মধ্য দিয়ে এবং ক্রমান্বয়ে তা পরিবর্তিত হতে থাকে ১৯৩৫ সালের ভারত শাসন আইন পর্যন্ত।,লাহোর প্রস্তাব (পাকিস্তান প্রস্তাব) কবে গৃহীত হয়?,১৯৪৭ সালের ১৪ আগস্ট,,
test_1196,test,has_context,history,marked unsure or unreadable,wrong,tawhid=unsure/none; shejan=unsure/none,contradiction | entity | numeric | relational,"নবান্নের অবস্থান: ৩২৫, শরৎ চ্যাটার্জি রোড, শিবপুর, হাওড়া, পশ্চিমবঙ্গ। এটি হুগলি নদীর তীরে কলকাতার ঠিক বিপরীতে অবস্থিত। বামফ্রন্ট সরকারের আমলে ভবনটি মূলত তৈরি করা হয়েছিল বস্ত্রবয়ন শিল্পের জন্য। পরবর্তীতে মুখ্যমন্ত্রী মমতা বন্দ্যোপাধ্যায় মহাকরণ (রাইটার্স বিল্ডিং)-এর সংস্কারের কারণে এটিকে রাজ্য সচিবালয়ে রূপান্তর করেন।",নবান্ন ভবন কোন নদীর তীরবর্তী?,হুগলী,,
test_1219,test,has_context,reading_comprehension,annotators chose different types,wrong,tawhid=wrong/relational; shejan=wrong/entity,contradiction | entity | numeric | relational,"বাংলায় মারাঠা আক্রমণ বলতে মারাঠা সাম্রাজ্য কর্তৃক ১৭৪২ সাল থেকে ১৭৫১ সাল পর্যন্ত দীর্ঘ নয় বছরব্যাপী বারবার বাংলা আক্রমণ এবং এর ফলে বাংলার নবাবের সঙ্গে মারাঠাদের সংঘর্ষকে বোঝানো হয় (বাংলার জনগণ মারাঠা আক্রমণকে বর্গির হাঙ্গামা হিসেবে নামকরণ করেছিল)। এই সংঘর্ষে মারাঠাদের নেতৃত্ব দিয়েছিলেন নাগপুর রাজ্যের মারাঠা মহারাজা রঘুজী ভোঁসলে ও তাঁর সেনাপতিরা। মারাঠারা ১৭৪২ থেকে ১৭৫১ সাল পর্যন্ত পরপর পাঁচ বার বাংলা আক্রমণ করে, কিন্তু বাংলার নবাব আলীবর্দী খান তাদের প্রতিটি আক্রমণ ব্যর্থ করে দেন[1][8]। তা সত্ত্বেও মারাঠাদের অবিরত আক্রমণের ফলে বাংলার জনসাধারণ এবং অর্থনীতি মারাত্মক ক্ষয়ক্ষতির সম্মুখীন হয়, এবং শেষ পর্যন্ত ১৭৫১ সালে একটি শান্তিচুক্তি স্বাক্ষরের মধ্য দিয়ে বাংলায় মারাঠা আক্রমণের অবসান ঘটে[1]। এই চুক্তির ফলে উড়িষ্যা কার্যত মারাঠাদের হস্তগত হয় এবং আলীবর্দী মারাঠাদের বার্ষিক হারে চৌথ প্রদান করতে রাজি হন[1][3][10]।",বাংলায় মারাঠা আক্রমণের সময় মারাঠাদের হয়ে কে নেতৃত্ব দিয়েছিলো ?,রঘুজী ভোঁসলে ও তাঁর বছরব্যাপী,,
test_1220,test,has_context,history,marked unsure or unreadable,wrong,tawhid=unsure/none; shejan=unsure/none,contradiction | entity | numeric | relational,"নবান্নের অবস্থান: ৩২৫, শরৎ চ্যাটার্জি রোড, শিবপুর, হাওড়া, পশ্চিমবঙ্গ। এটি হুগলি নদীর তীরে কলকাতার ঠিক বিপরীতে অবস্থিত। বামফ্রন্ট সরকারের আমলে ভবনটি মূলত তৈরি করা হয়েছিল বস্ত্রবয়ন শিল্পের জন্য। পরবর্তীতে মুখ্যমন্ত্রী মমতা বন্দ্যোপাধ্যায় মহাকরণ (রাইটার্স বিল্ডিং)-এর সংস্কারের কারণে এটিকে রাজ্য সচিবালয়ে রূপান্তর করেন।",নবান্ন ভবন কোন শহরের বিপরীতে অবস্থিত?,কলকাতার বিপরীথে,,
test_1231,test,has_context,reading_comprehension,"human says correct, corpus says wrong",wrong,tawhid=correct/none; shejan=correct/none,contradiction | entity | numeric | relational,"করিনা বাথ (জন্ম ১৯৬৩) একজন জার্মান কম্পিউটার বিজ্ঞানী এবং বিশ্ববিদ্যালয়ের প্রভাষক। ২০১২ থেকে ২০২২ সাল পর্যন্ত লিঙ্গ, প্রযুক্তি এবং গতিশীলতা বিষয়ে মারিয়া গোয়েপার্ট-মেয়ার প্রফেসশিপ পদে থাকার পর, তিনি বর্তমানে ডুইসবার্গ-এসেন বিশ্ববিদ্যালয়ের উইমেন'স স্টাডিজ অ্যান্ড জেন্ডার স্টাডিজ নেটওয়ার্কের সমন্বয় ও গবেষণা কেন্দ্রের প্রধান হিসেবে কর্মরত আছেন।",করিনা বাথ কবে জন্মগ্রহণ করেন?,১৯৬৩,,
test_1239,test,has_context,reading_comprehension,annotators disagree on correct vs wrong,wrong,tawhid=correct/none; shejan=wrong/contradiction,contradiction | entity | numeric | relational,"গর্ভধারণের সময় ছাড়া মানুষের জরায়ু আকারে মাত্র কয়েক সেন্টিমিটার ব্যাস বিশিস্ট। জরায়ু একটি পেশিবহুল অঙ্গ। এর আকৃতি অনেকটা নাশপাতির মতো। জরায়ুকে চারটি পর্বে ভাগ করা যায়। যথা: ফান্ডাস (জরায়ু), কর্পাস, সারভিক্স, এবং অন্তঃস্থ অরফিস।",প্রদত্ত অনুচ্ছেদে “যথা ফান্ডাস জরায়ু কর্পাস সারভিক্স” সম্পর্কে মূল বক্তব্যটি কী?,"যথা: ফান্ডাস (জরায়ু), কর্পাস, সারভিক্স, এবং অন্তঃস্থ অরফিস নয়।",,
test_1243,test,has_context,reading_comprehension,annotators chose different types,wrong,tawhid=wrong/relational; shejan=wrong/entity,contradiction | entity | numeric | relational,"প্রচলিত বিশ্বাস অনুযায়ী, মহাভারত-এর রচয়িতা ব্যাসদেব। অনেক গবেষক এই মহাকাব্যের ঐতিহাসিক বিকাশ ও রচনাকালীন স্তরগুলি নিয়ে গবেষণা করেছেন। অধুনা প্রাপ্ত পাঠটির প্রাচীনতম অংশটি মোটামুটি ৪০০ খ্রিষ্টপূর্বাব্দ নাগাদ রচিত হয়।[27] মহাভারতের মূলপাঠটি তার বর্তমান রূপটি পরিগ্রহ করে গুপ্তযুগের প্রথমাংশে (খ্রিষ্টীয় চতুর্থ শতাব্দী)।[28] মহাভারত কথাটির অর্থ হল ভরত বংশের মহান উপাখ্যান। গ্রন্থেই উল্লিখিত হয়েছে যে ভারত নামে ২৪,০০০ শ্লোকবিশিষ্ট একটি ক্ষুদ্রতর আখ্যান থেকে মহাভারত মহাকাব্যের কাহিনিটি বিস্তার লাভ করে।[29]",মহাভারত কথাটির অর্থ কী ?,ভরত বংশের মহান উল্লিখিত,,
test_1246,test,has_context,reading_comprehension,annotators chose different types,wrong,tawhid=wrong/relational; shejan=wrong/numeric,contradiction | entity | numeric | relational,"উইলিয়াম আব্রাহাম সাইমন ঔডারল্যান্ড (Dutch: Wiliam Ouderland) (জন্ম: ৬ ডিসেম্বর, ১৯১৭ — মৃত্যু: ১৮ই মে, ২০০১) ছিলেন একজন ওলন্দাজ-অস্ট্রেলীয় সামরিক কমান্ডো অফিসার। তিনি দ্বিতীয় বিশ্বযুদ্ধে সক্রিয়ভাবে অংশগ্রহণ করেন। বাংলাদেশের মুক্তিযুদ্ধে প্রত্যক্ষ অবদানের জন্য বাংলাদেশ সরকার তাঁকে বাংলাদেশের চতুর্থ সর্বোচ্চ সামরিক খেতাব বীর প্রতীক প্রদান করে। তিনিই একমাত্র বিদেশী যিনি এই রাষ্ট্রীয় খেতাবে ভূষিত হয়েছেন।[1][2][3] বাংলাদেশের প্রতি অপরিমেয় ভালবাসার জন্য বাঙ্গালী জাতির কাছে তিনি বিশেষভাবে সম্মানিত ও স্মরণীয় ব্যক্তিত্ব।[4] তাঁর স্মৃতির প্রতি শ্রদ্ধার নিদর্শনস্বরূপ বাংলাদেশের রাজধানী ঢাকার গুলশানের একটি রাস্তার নামকরণ করা হয়েছে।",অনুচ্ছেদের আলোকে “তাঁর স্মৃতির প্রতি শ্রদ্ধার নিদর্শনস্বরূপ” বিষয়ে প্রাসঙ্গিক তথ্যটি কী?,তাঁর স্মৃতির প্রতি শ্রদ্ধার নিদর্শনস্বরূপ বাংলাদেশের রাজধানী ঢাকার গুলশানের দুটি রাস্তার নামকরণ করা হয়েছে।,,
test_1251,test,has_context,history,annotators chose different types,wrong,tawhid=wrong/contradiction; shejan=wrong/numeric,contradiction | entity | numeric | relational,"যদিও বিভিন্ন বাহিনী দ্বারা বহুবার অবরোধ করা হয়েছিল, কনস্টান্টিনোপলের প্রতিরক্ষা প্রায় নয়শ বছর ধরে দুর্ভেদ্য প্রমাণিত হয়েছিল।",কনস্টান্টিনোপলের প্রতিরক্ষা প্রায় কত বছর ধরে দুর্ভেদ্য প্রমাণিত হয়েছিল?,প্রায় পাঁচশ বছর,,
test_1253,test,has_context,law,annotators chose different types,wrong,tawhid=wrong/relational; shejan=wrong/entity,contradiction | entity | numeric | relational,[(২) নির্বাচন সম্পন্ন হইবার পর অবিলম্বে চেয়ারম্যান ও সদস্যের নাম সরকারি গেজেটে প্রকাশিত হইবে এবং তাঁহাদের শপথ গ্রহণের তারিখ হইতে পরবর্তী ১০ (দশ) কার্যদিবসের মধ্যে ইউনিয়ন পরিষদের প্রথম সভা অনুষ্ঠিত হইবে|]।,"প্রদত্ত প্রসঙ্গ অনুযায়ী স্থানীয় সরকার (ইউনিয়ন পরিষদ) আইন, ২০০৯-এর ধারা ২৯ সম্পর্কে কী বলা হয়েছে?",[(২) নির্বাচন সম্পন্ন হইবার পর অবিলম্বে চেয়ারম্যান ও সদস্যের নাম সরকারি গেজেটে প্রকাশিত হইবে এবং তাঁহাদের শপথ গ্রহণের তারিখ হইতে পরবর্তী ১০ (দশ) কার্যদিবসের মধ্যে উপজেলা পরিষদের প্রথম সভা অনুষ্ঠিত হইবে|]।,,
test_1254,test,has_context,others,annotators disagree on correct vs wrong,wrong,tawhid=correct/none; shejan=wrong/entity,contradiction | entity | numeric | relational,কোরআনের প্রথম দিকের অনুবাদ ফারসি ভাষায় হয় বলে সাধারণ জ্ঞানসূত্রে উল্লেখ করা হয়। বাংলা ভাষায় পূর্ণাঙ্গ কোরআন অনুবাদের কৃতিত্ব গিরিশচন্দ্র সেনের।,প্রথম কোন ভাষায় কুরআনের অনুবাদ হয় ?,বাংলা ভাষায়।,,
test_1268,test,has_context,grammar,annotators chose different types,wrong,tawhid=wrong/relational; shejan=wrong/entity,contradiction | entity | numeric | relational,'জন্মান্ধ' শব্দটির ব্যাসবাক্য হলো: জন্ম থেকে অন্ধ।,"ব্যাসবাক্য অনুযায়ী, 'জন্মান্ধ' শব্দটি কোন সমাসের উদাহরণ?",ষষ্ঠী তৎপুরুষ,,
test_1272,test,has_context,others,annotators disagree on correct vs wrong,wrong,tawhid=correct/none; shejan=wrong/contradiction,contradiction | entity | numeric | relational,"ভালো-মন্দ, ন্যায়-অন্যায় ও উচিত-অনুচিতের বিচার নৈতিক মূল্যবোধের অন্তর্ভুক্ত। অর্থনৈতিক মূল্যবোধ লাভ-ক্ষতি বা সম্পদ ব্যবহারের সঙ্গে সম্পর্কিত।",ভালো-মন্দ কোন ধরনের মূল্যবোধ?,অর্থনৈতিক মূল্যবোধ।,,
test_1286,test,has_context,history,marked unsure or unreadable,wrong,tawhid=unsure/none; shejan=unsure/none,contradiction | entity | numeric | relational,"কলেজটি প্রায় ৯৮ একর (৪০ হেক্টর) জুড়ে অবস্থিত। সম্পত্তির উপর নির্মিত ভবনগুলোর মধ্যে রয়েছে একটি মসজিদ, একটি দ্বিতল শিক্ষা ব্লক, নাঈম হল (প্রাক্তন ক্যাডেট ক্যাপ্টেন নাঈম আক্তার শহীদের স্মরণে), খাতলানী হল ও হুসেন শাহ হল নামে দুটি ক্যাডেট মেস, একটি সুইমিং পুল, একটি ১-শয্যা বিশিষ্ট হাসপাতাল।",নাঈম হল কার স্মরণে নামকরণ করা হয়েছে?,প্রাক্তন ক্যাডেট ক্যাপ্টেন নাঈম আক্তার (শহীধ),,
test_1307,test,has_context,reading_comprehension,annotators disagree on correct vs wrong,wrong,tawhid=correct/none; shejan=wrong/contradiction,contradiction | entity | numeric | relational,হরপ্রসাদ শাস্ত্রী ব্রিটিশ বাংলা প্রদেশের খুলনা জেলার কুমিরা গ্রামে জন্মগ্রহণ করেন। তবে তাঁদের আদি নিবাস ছিল উত্তর চব্বিশ পরগনা জেলার নৈহাটিতে। তাঁর পারিবারিক পদবী ছিল ভট্টাচার্য। গ্রামের স্কুলে প্রাথমিক শিক্ষা অর্জনের পর হরপ্রসাদ কলকাতার সংস্কৃত কলেজিয়েট স্কুল ও প্রেসিডেন্সি কলেজে পড়াশোনা করেন। কলকাতায় তিনি তাঁর বড়দা নন্দকুমার ন্যায়চঞ্চুর বন্ধু তথা বিশিষ্ট সমাজ সংস্কারক ও পণ্ডিত ঈশ্বরচন্দ্র বিদ্যাসাগরের সঙ্গে থাকতেন।[1][2] ১৮৭১ সালে হরপ্রসাদ প্রবেশিকা পরীক্ষায় উত্তীর্ণ হন। ১৮৭৩ সালে পাস করেন ফার্স্ট আর্টস পরীক্ষা। ১৮৭৬ সালে বি.এ. ডিগ্রি অর্জন করেন। ১৮৭৭ সালে সংস্কৃতে সাম্মানিক হন। পরে এম.এ. পরীক্ষায় পাস করে তিনি 'শাস্ত্রী' উপাধি লাভ করেন। উক্ত পরীক্ষায় হরপ্রসাদই ছিলেন প্রথম শ্রেণীতে উত্তীর্ণ একমাত্র ছাত্র।,অনুচ্ছেদে “হরপ্রসাদ শাস্ত্রী ব্রিটিশ বাংলা প্রদেশের” প্রসঙ্গে কোন তথ্য উল্লেখ আছে?,হরপ্রসাদ শাস্ত্রী ব্রিটিশ বাংলা প্রদেশের খুলনা জেলার কুমিরা গ্রামে জন্মগ্রহণ করেননি।,,
test_1317,test,has_context,reading_comprehension,annotators chose different types,wrong,tawhid=wrong/relational; shejan=wrong/entity,contradiction | entity | numeric | relational,"চঞ্চল চৌধুরী বাংলাদেশের পাবনা জেলার সুজানগর উপজেলার নজিরগঞ্জ ইউনিয়নের কামারহাট গ্রামে জন্মগ্রহণ করেন। তার পিতার নাম রাধা গোবিন্দ চৌধুরী এবং মায়ের নাম নমিতা চৌধুরী। তিনি গ্ৰামের স্কুল কামারহাট সরকারী প্রাথমিক বিদ্যালয় থেকে প্রাথমিক শিক্ষা এবং উদয়পুর উচ্চ বিদ্যালয় থেকে মাধ্যমিক এবং রাজবাড়ি সরকারি কলেজ থেকে উচ্চমাধ্যমিকে পড়াশোনা করেন। উচ্চমাধ্যমিক শেষ করার পর তিনি ঢাকা বিশ্ববিদ্যালয়ে চারুকলায় ভর্তি হন। ছোটবেলা থেকেই তার গানবাজনা, আবৃত্তি আর নাটকের প্রতি নেশা ছিল। পরে তার মঞ্চনাটকের প্রতি একটা আগ্রহ সৃষ্টি হয়।","বাংলাদেশী অভিনেতা, মডেল, শিক্ষক ও গায়ক চঞ্চল চৌধুরীর বাবার নাম কী ?",রাধা আবৃত্তি চৌধুরী,,
test_1323,test,has_context,reading_comprehension,annotators chose different types,wrong,tawhid=wrong/relational; shejan=wrong/entity,contradiction | entity | numeric | relational,"১৯২৪ খ্রিস্টাব্দের ১৯ সেপ্টেম্বর সুচিত্রা মিত্রের জন্ম। তাঁর পিতা রামায়ণ-অনুবাদক কবি কৃত্তিবাস ওঝা’র উত্তর পুরুষ সৌরীন্দ্রমোহন মুখোপাধ্যায় (১৮৮৪-১৯৬৬) ছিলেন বিশিষ্ট লেখক ও অনুবাদক; মায়ের নাম সুবর্ণলতা দেবী। পিতা-মাতার চতুর্থ সন্তান সুচিত্রা মিত্রের জন্ম হয়েছিল ঝাড়খণ্ডের ডিহিরী জংশন লাইনে শালবন ঘেরা গুঝাণ্টি নামে একটি রেলস্টেশনের কাছে, ট্রেনের কামরায়। তাঁদের পৈতৃক নিবাস ছিল উত্তর কলকাতার হাতিবাগান অঞ্চলে। কলকাতার বেথুন কলেজিয়েট স্কুলে তিনি লেখাপড়া করেছেন। স্কুল বসার আগে প্রার্থনা সংগীতের মতো করে গাওয়া হতো রবীন্দ্রনাথের গান। এখানে পড়ার সময় গানের চর্চা শুরু হয় দুই শিক্ষক অমিতা সেন এবং অনাদিকুমার দস্তিদারের কাছে। বিদ্যান্বেষী সুচিত্রা মিত্র পরবর্তীকালে পড়াশোনা করেছেন স্কটিশ চার্চ কলেজ, কলকাতা বিশ্ববিদ্যালয় ও বিশ্বভারতী বিশ্ববিদ্যালয়ে।",অনুচ্ছেদে “তাঁদের পৈতৃক নিবাস উত্তর কলকাতার” প্রসঙ্গে কোন তথ্য উল্লেখ আছে?,তাঁদের পৈতৃক নিবাস ছিল দক্ষিণ কলকাতার হাতিবাগান অঞ্চলে।,,
test_1330,test,has_context,law,marked unsure or unreadable,wrong,tawhid=wrong/numeric; shejan=unsure/none,contradiction | entity | numeric | relational,ভারতীয় উপমহাদেশে সাংবিধানিক ধারার বিকাশ ঘটে ১৭৭৩ সালের রেগুলেটিং অ্যাক্ট পাসের মধ্য দিয়ে এবং ক্রমান্বয়ে তা পরিবর্তিত হতে থাকে ১৯৩৫ সালের ভারত শাসন আইন পর্যন্ত।,মুসলিম লীগ মন্ত্রিমিশন পরিকল্পনা গ্রহণ করে কবে?,১৯৪৭ সালের ৩ জুন,,
test_1334,test,has_context,reading_comprehension,"human says correct, corpus says wrong",wrong,tawhid=correct/none; shejan=correct/none,contradiction | entity | numeric | relational,ভীষ্মদেব চক্রবর্তী (জন্ম: ২ জুন ১৯৬৭) হাইকোর্ট বিভাগের একজন বাংলাদেশী বিচারক। ২০১৫ সালে তাকে নিয়োগ দেওয়া হয়েছিল।,ভীষ্মদেব চক্রবর্তী কবে জন্মগ্রহণ করেন?,২ জুন ১৯৬৭,,
test_1340,test,no_context,grammar,marked unsure or unreadable,wrong,tawhid=unsure/none; shejan=wrong/fabricated,fabricated | overclaim,,কোন বাক্যটির অথর্ ভিন্ন?,সোনায় সোহাগা,,
test_1350,test,has_context,reading_comprehension,"human says correct, corpus says wrong",wrong,tawhid=correct/none; shejan=correct/none,contradiction | entity | numeric | relational,"নিকোলাস আন্দ্রেস বুরদিসো (জন্ম ১২ এপ্রিল ১৯৮১) হলেন একজন আর্জেন্টিনীয় ফুটবল ম্যানেজার এবং প্রাক্তন পেশাদার খেলোয়াড় যিনি সেন্টার ব্যাক হিসেবে খেলতেন। বুরদিসো বোকা জুনিয়র্সের সাথে তার কর্মজীবন শুরু করেন। এখানে তিনি আর্জেন্টিনীয় চ্যাম্পিয়নশিপ, তিনটি কোপা লিবার্তাদোরেস এবং দুটি আন্তঃমহাদেশীয় কাপ জিতেছেন। ২০০৪ সালে ইতালীয় ক্লাব ইন্টার মিলানের সাথে চারটি সেরিয়ে আ শিরোপা জিতেছিলেন, একটি কোপা ইতালিয়া এবং সুপারকোপা ইতালিয়ানা জিতেছিলেন। ২০০৯ সালে তিনি রোমা এবং পরে জেনোয়া এবং তোরিনোতে চলে যান। একজন প্রাক্তন আর্জেন্টিনা আন্তর্জাতিক খেলোয়াড় হিসেবে ২০০৩ সালে অভিষেকের পর থেকে তিনি ৪৯টি ম্যাচ খে",নিকোলাস বুরদিসো কবে জন্মগ্রহণ করেন?,১২ এপ্রিল ১৯৮১,,
test_1355,test,has_context,reading_comprehension,annotators disagree on correct vs wrong,wrong,tawhid=correct/none; shejan=wrong/contradiction,contradiction | entity | numeric | relational,"পিটক শব্দটি পালি এর অর্থ - ঝুড়ি, পাত্র, বাক্স ইত্যাদি, অর্থ যেখানে কোনো কিছু সংরক্ষন করা হয়।[1] এটি থেরবাদী বৌদ্ধদের মূল ধর্মীয় গ্রন্থ। খ্রীষ্ট পূর্ব ৩য় শতকে সম্রাট অশোকের রাজত্বকালে ত্রিপিটক পূর্ণাঙ্গ গ্রন্থ হিসাবে স্বিকৃত হয়। এই গ্রন্থের গ্রন্থনের কাজ শুরু হয়েছিল গৌতম বুদ্ধ এর পরিনির্বানের তিন মাস পর অর্থাৎ খ্রিষ্ট পূর্ব ৫৪৩ অব্ধে এবং সমাপ্তি ঘটে খ্রিষ্ট পূর্ব প্রায় ২৩৬ অব্ধে। প্রায় তিনশ বছরে তিনটি সঙ্ঘায়নের মধ্যে এর গ্রন্থায়নের কাজ শেষ হয়।[2]",পাঠ্যাংশ থেকে “পিটক শব্দটি পালি অর্থ ঝুড়ি” সম্পর্কিত সঠিক তথ্যটি লিখুন।,"পিটক শব্দটি পালি এর অর্থ - ঝুড়ি, পাত্র, বাক্স ইত্যাদি, অর্থ যেখানে কোনো কিছু সংরক্ষন করা হয় না।",,
train_0047,train,no_context,law,"human says correct, corpus says wrong",wrong,annotator=correct/none,fabricated | overclaim,,স্বাধীনতার পর বাংলাদেশের প্রথম প্রধানমন্ত্রী কে ছিলেন?,তাজউদ্দিন আহমদ,,
train_0074,train,has_context,history,marked unsure or unreadable,wrong,annotator=unsure/none,contradiction | entity | numeric | relational,গ্যালারী ১১: প্রতিকৃতি (১) — নানা কাজে ঢাকার খাজা পরিবারের লোকেরা সমসাময়িক কালের যেসব খ্যাতনামা ব্যক্তির সংস্পর্শে এসেছিলেন তাঁদেরকে দর্শকদের সামনে তুলে ধরাই এই গ্যালারীর পরিকল্পনার উদ্দেশ্য। গ্যালারী ১২: নওয়াব সলিমুল্লাহ স্মরণে — নওয়াব স্যার খাজা সলিমুল্লাহ বাহাদুরের প্রতি বিশেষ সম্মান দেখানোর উদ্দেশ্যে কক্ষটিকে সাজানো হয়েছে।,আহসান মঞ্জিলের গ্যালারি ১২ কার স্মরণে উৎসর্গ করা হয়েছে?,নওয়াব স্যার খাজা সলিমুল্লাহ বাহাদুরের স্মরনে,,
train_0106,train,has_context,history,marked unsure or unreadable,wrong,annotator=unsure/none,contradiction | entity | numeric | relational,"১৮৮৮ সালের ৭ এপ্রিল প্রবল ভূমিকম্পে পুরো আহসান মঞ্জিলের ব্যাপক ক্ষতি সাধিত হয়। ক্ষতিগ্রস্ত আহসান মঞ্জিল পুনর্নির্মাণের সময় বর্তমান উঁচু গম্বুজটি সংযোজন করা হয়। পুনর্নির্মাণ ও মেরামতের জন্য রাণীগঞ্জ থেকে উন্নতমানের ইট আনা হয়। মেরামতকর্ম পরিচালনা করেন প্রকৌশলী গোবিন্দ চন্দ্র রায়। ১৮৯৭ সালে ১২ই জুন ঢাকায় ভূমিকম্প আঘাত হানলে আহসান মঞ্জিলের ব্যাপক ক্ষয়-ক্ষতি হয়। আহসান মঞ্জিলের দক্ষিণের বারান্দাসহ ইসলামপুর রোড সংলগ্ন নহবত খানাটি সম্পূর্ণ ভেঙ্গে পড়ে, পরবর্তীকালে নবাব আহসানুল্লাহ তা পুনঃনির্মাণ করেন।",১৮৯৭ সালের ভূমিকম্পে ক্ষতিগ্রস্ত অংশ কে পুনঃনির্মাণ করেন?,নবাব আহসানূল্লাহ,,
train_0119,train,has_context,reading_comprehension,"human says correct, corpus says wrong",wrong,annotator=correct/none,contradiction | entity | numeric | relational,"মিরিয়াম জেন অ্যালিস ডেভিস (জন্ম ২ জুন ১৯৭৫), মিমস ডেভিস নামে পরিচিত, একজন ব্রিটিশ কনজারভেটিভ পার্টির রাজনীতিবিদ যিনি ২০১৯ সাল থেকে মিড সাসেক্সের সংসদ সদস্য (এমপি) হিসাবে দায়িত্ব পালন করছেন। তিনি ডিসেম্বর ২০২৩ সাল থেকে প্রতিবন্ধী ব্যক্তি, স্বাস্থ্য ও কর্ম প্রতিমন্ত্রী হিসাবে দায়িত্ব পালন করেছেন। তিনি এর আগে অক্টোবর ২০২২ থেকে ডিসেম্বর ২০২৩ পর্যন্ত সামাজিক গতিশীলতা, যুব ও অগ্রগতির জন্য সংসদীয় আন্ডার সেক্রেটারি এবং সেপ্টেম্বর থেকে সেফগার্ডিং-এর জন্য সংসদীয় আন্ডার-সেক্রেটারি অফ স্টেট হিসেবে দায়িত্ব পালন করেন। অক্টোবর ২০২২। ডেভিস প্রথম মে ২০১৫ সালে ইস্টলেগের সংসদ সদস্য (এমপি) হিসাবে নির্বাচি",মিমস ডেভিস কবে জন্মগ্রহণ করেন?,২ জুন ১৯৭৫,,
train_0168,train,no_context,science,marked unsure or unreadable,wrong,annotator=unsure/none,fabricated | overclaim,,এডিসন কত সালে তার আবিষ্কৃত যন্ত্রটি পেটেন্ট করেন?,১৯৯৮ সালে,,
train_0192,train,has_context,reading_comprehension,"human says correct, corpus says wrong",wrong,annotator=correct/none,contradiction | entity | numeric | relational,আবু বকর ৫৭৩ সালের দিকে মক্কার কুরাইশ বংশের বনু তাইম গোত্রে জন্মগ্রহণ করেছেন।[6] তার বাবার নাম আবু কুহাফা ও মায়ের নাম সালমা বিনতে সাখার।,ইসলামের প্রথম খলিফা আবু বকর কবে জন্মগ্রহণ করেন ?,৫৭৩ সালে,,
train_0206,train,has_context,history,marked unsure or unreadable,wrong,annotator=unsure/none,contradiction | entity | numeric | relational,১৯৫২ সালের ৩০শে জানুয়ারি ঢাকায় ছাত্র ধর্মঘট পালিত হয় এবং আতাউর রহমান খানের সভাপতিত্বে অনুষ্ঠিত সভায় 'সর্বদলীয় কর্মপরিষদ' গঠিত হয়। ২০শে ফেব্রুয়ারি সন্ধ্যায় নুরুল আমিন সরকার ঢাকায় ১৪৪ ধারা জারি করে।,একুশে ফেব্রুয়ারির আগে ৩০শে জানুয়ারি ১৯৫২ সালে কার সভাপতিত্বে 'সর্বদলীয় কর্মপরিষদ' গঠিত হয়?,আতাউর রহমান খানের সভাপতিত্ভে,,
train_0211,train,has_context,history,marked unsure or unreadable,wrong,annotator=unsure/none,contradiction | entity | numeric | relational,"১৮৯৯ থেকে ১৯০৭ পর্যন্ত সময়ব্যাপী জগদীশ বসু জীব ও জড়ের উদ্দীপনায় সাড়া দেওয়ার ক্ষমতা নিয়ে গভীর অধ্যয়ন ও গবেষণায় ব্যাপৃত থাকেন। বসু পরীক্ষার মাধ্যমে প্রদর্শন করেন যে, জীব ও জড় বস্তুর মধ্য দিয়ে বিদ্যুৎপ্রবাহ তাদের আণবিক গঠনে একই রূপ উদ্দীপনার সৃষ্টি করে।",১৮৯৯ থেকে ১৯০৭ সাল পর্যন্ত জগদীশ বসু কোন বিষয়ে গবেষণা করেন?,জীব ও জড়ের উদ্দীপনায় সাড়া দেওয়ার ক্ষমতা নীয়ে,,
train_0215,train,has_context,history,marked unsure or unreadable,wrong,annotator=unsure/none,contradiction | entity | numeric | relational,"স্টডার্টের ১৮৯৭/৯৮ সালের অস্ট্রেলিয়া সফরের পাঁচটি টেস্টের মধ্যে চারটিতে ওয়েনরাইট খেলেছিলেন, কিন্তু সফরের কিছুদিনের মধ্যেই তিনি বুঝতে পারেন যে তার অফ স্পিনে টার্ন কমে যাচ্ছে। বোলারের চেয়ে ব্যাটসম্যান হিসেবে ওয়েনরাইট বেশি ভালো ছিলেন। তাঁর সেরা ইনিংসগুলোর মধ্যে অন্যতম ছিল ১৯০০ সালে কেন্টের বিপক্ষে ম্যাচ জেতানো ১১৬ রানের ইনিংসটি।",১৮৯৭/৯৮ সালের অস্ট্রেলিয়া সফরে কোন অধিনায়কের নেতৃত্বে ইংল্যান্ড দল যায়?,স্টডার্টের নেতৃত্ভে,,
train_0320,train,has_context,reading_comprehension,"human says correct, corpus says wrong",wrong,annotator=correct/none,contradiction | entity | numeric | relational,"একসময় ভারতে প্রচুর বিভিন্নরকম সাপের অর্চনার সমর্পণ বিদ্যমান ছিল। উত্তর ভারতে, সাপের এক নাগরাজ নামের এবং ""সাপদের রাজা"" নামে জ্ঞাত পুং রূপের উপাসনা হত। দক্ষিণ ভারতে ""সাপদের রাজার"" বদলে সত্যিকারের সাপের পূজা করা হত(, পৃ.১)। বাংলা, ভারতে মনসা- অর্চনা, অবশ্য, নরত্মারুপের সর্প দেবী, প্রতি উৎসর্গিত ছিল(, পৃ.১)।",ভারতের কোন জায়গায় সাপের উপাসনা করা হয় ?,দক্ষিণ ভারতে প্রধানত সাপের উপাসনা করা হয়।,,
train_0329,train,has_context,history,marked unsure or unreadable,wrong,annotator=unsure/none,contradiction | entity | numeric | relational,"বাংলা ভাষা আন্দোলন তথা রাষ্ট্রভাষা আন্দোলন ১৯৪৭ থেকে ১৯৫৬ পর্যন্ত পাকিস্তানের তৎকালীন প্রদেশ পূর্ববঙ্গে (১৯৫৬ সালের পর পূর্ব পাকিস্তান, বর্তমানে বাংলাদেশ) সংঘটিত একটি সাংস্কৃতিক ও রাজনৈতিক আন্দোলন। ১৯৪৭ সালে দ্বিজাতি তত্ত্বের ভিত্তিতে ব্রিটিশ শাসিত ভারত বিভাজিত হয়ে পাকিস্তান অধিরাজ্য ও ভারত অধিরাজ্যের উদ্ভব হয়।",ভাষা আন্দোলনের সময় পূর্ববঙ্গ কোন দেশের একটি প্রদেশ ছিল?,পাকিস্তাণের,,
train_0359,train,has_context,history,marked unsure or unreadable,wrong,annotator=unsure/none,contradiction | entity | numeric | relational,"১৮৮৮ সালের ৭ এপ্রিল প্রবল ভূমিকম্পে পুরো আহসান মঞ্জিলের ব্যাপক ক্ষতি সাধিত হয়। ক্ষতিগ্রস্ত আহসান মঞ্জিল পুনর্নির্মাণের সময় বর্তমান উঁচু গম্বুজটি সংযোজন করা হয়। পুনর্নির্মাণ ও মেরামতের জন্য রাণীগঞ্জ থেকে উন্নতমানের ইট আনা হয়। মেরামতকর্ম পরিচালনা করেন প্রকৌশলী গোবিন্দ চন্দ্র রায়। ১৮৯৭ সালে ১২ই জুন ঢাকায় ভূমিকম্প আঘাত হানলে আহসান মঞ্জিলের ব্যাপক ক্ষয়-ক্ষতি হয়। আহসান মঞ্জিলের দক্ষিণের বারান্দাসহ ইসলামপুর রোড সংলগ্ন নহবত খানাটি সম্পূর্ণ ভেঙ্গে পড়ে, পরবর্তীকালে নবাব আহসানুল্লাহ তা পুনঃনির্মাণ করেন।",আহসান মঞ্জিল পুনর্নির্মাণকাজে ইট কোথা থেকে আনা হয়?,রাণীগঞ্জ থেখে,,
train_0375,train,has_context,reading_comprehension,"human says correct, corpus says wrong",wrong,annotator=correct/none,contradiction | entity | numeric | relational,"সৈয়দ সাজিদ শাহ (জন্ম ১৯ অক্টোবর, ১৯৭৪) হচ্ছেন একজন পাকিস্তানি প্রথম-শ্রেণীর ক্রিকেটার। একজন ডানহাতি ফাস্ট-মিডিয়াম বোলার। ১৯৯৩/৯৪ সালে আত্মপ্রকাশ করেন এবং তারপর থেকে প্রথম-শ্রেণীর খেলায় ৫০০ টিরও বেশি উইকিকেট নিয়েছেন।২০০২ সালে একটি ঘরোয়া একদিনের ম্যাচে বল অবৈধ প্রভাব বিস্তার করা জন্য পিসিবি তাকে জরিমানা করে ছিল। তিনি পরে একজন অভিনেতা হয়ে ওঠেন এবং এখন হাইসাম হোসেনের ১৯৭১ ভিত্তিক নাটক জো বিছার গায়েতে কাজ করছেন।",সাজিদ শাহ কবে জন্মগ্রহণ করেন?,"১৯ অক্টোবর, ১৯৭৪",,
train_0403,train,no_context,bcs,"human says correct, corpus says wrong",wrong,annotator=correct/none,fabricated | overclaim,,'পরিবার থেকেই শিক্ষার শুরু'- এখানে 'থেকে' শব্দের সাথে যুক্ত 'ই'-এর ব্যাকরণিক পরিচয় কী?,বিভক্তি,,
train_0417,train,no_context,mathematics,marked unsure or unreadable,wrong,annotator=unsure/none,fabricated | overclaim,,"রিয়া একটি তাক তৈরি করতে কাঠের টুকরো কাটছে। তিনি কাঠটি ১৪৩ সেন্টিমিটারে কেটেছিলেন, কিন্তু তিনি যে বুকশেলফ তৈরি করছেন তাতে এটি মাপসই করাটা খুবই দীর্ঘ কাজ। তিনি বোর্ড থেকে ২৫ সেমি কেটে ফেলার সিদ্ধান্ত নেন। তবে এটি অন্যান্য বোর্ডের তুলনায় দীর্ঘতর হয়েছে। সেগুলিকে একই আকারের করতে প্রতিটি থেকে ৭ সেন্টিমিটার কেটে ফেলতে হয়েছিল। ৭ সেমি কেটে দেওয়ার আগে বোর্ডগুলি কতটুকু ছিল?",১৫২,,
train_0431,train,no_context,mathematics,marked unsure or unreadable,wrong,annotator=unsure/none,fabricated | overclaim,,কামাল পাখি দেখার সময় করিমের চেয়ে ৩ টি কাক এবং চারগুণ বেশি তোতা পাখি দেখেছিল। তিনি করিমের চেয়ে দ্বিগুণ নীল জেস এবং করিমের চেয়ে তিনগুণেরও বেশি চড়ুই দেখেছেন। কামাল কতটি পাখি দেখেছেন?,১৫,,
train_0442,train,has_context,history,marked unsure or unreadable,wrong,annotator=unsure/none,contradiction | entity | numeric | relational,২০০৭ সালে অভ্র কিবোর্ডের বহনযোগ্য সংস্করণ প্রকাশ করা হয়। এতে অভ্র কিবোর্ড পূর্ণ সংস্করণের সমস্ত সুবিধা রয়েছে। এছাড়া কম্পিউটারে অ্যাডমিন অ্যাক্সেস নেই এমন কম্পিউটারে অভ্র কিবোর্ড চলাকালীন অবস্থায় অস্থায়ীভাবে বাংলা ফন্ট ইন্সটল করার জন্য রয়েছে 'ভার্চুয়াল বাংলা ফন্ট ইন্সটলার' নামে একটি প্রোগ্রাম।,অভ্র বহনযোগ্য সংস্করণে অ্যাডমিন অ্যাক্সেসবিহীন কম্পিউটারে কীভাবে বাংলা ফন্ট ব্যবহার করা যায়?,'ভার্চুয়াল বাংলা ফন্ট ইন্সটলার' এর মাধ্যমে অস্থায়ীভাভে,,
train_0448,train,has_context,history,marked unsure or unreadable,wrong,annotator=unsure/none,contradiction | entity | numeric | relational,"শোকাবহ এ ঘটনার অভিঘাতে সমগ্র প্রদেশে তীব্র ক্ষোভ ছড়িয়ে পড়ে। ২২শে ও ২৩শে ফেব্রুয়ারি ছাত্র, শ্রমিক, সাহিত্যিক, বুদ্ধিজীবী, শিক্ষক ও সাধারণ জনতা পূর্ণ হরতাল পালন করে এবং সভা-শোভাযাত্রাসহ ১৪৪ ধারা ভঙ্গ করে। ২২শে ফেব্রুয়ারি পুলিশের গুলিতেও মানুষ মারা যায়।",ভাষা আন্দোলনের প্রতিক্রিয়ায় সমগ্র প্রদেশে কী ছড়িয়ে পড়ে?,তীব্র ক্ষোব,,
train_0514,train,has_context,history,marked unsure or unreadable,wrong,annotator=unsure/none,contradiction | entity | numeric | relational,"ক্যাডেট কলেজ, হাসান আবদাল (সিসিএইচ) একটি আবাসিক মাধ্যমিক বিদ্যালয়, যা পাকিস্তানের পাঞ্জাবের এটক জেলার হাসান আবদালে অবস্থিত। কলেজটিতে ১৩-১৯ বছর বয়সী ৫০০-এরও বেশি শিক্ষার্থী রয়েছে। প্রতিটি ক্লাসে আনুমানিক ১১০ জন শিক্ষার্থী রয়েছে। একাডেমিক কর্মসূচির মূল লক্ষ্য শিক্ষার্থীদের পাকিস্তানি সেনাবাহিনীতে ভবিষ্যতের কর্মকর্তা হওয়ার প্রশিক্ষণ দেওয়া।",ক্যাডেট কলেজ হাসান আবদাল কী ধরনের বিদ্যালয়?,একটি আবাসিক মাধ্যমিক বিদ্জালয়,,
train_0549,train,has_context,history,marked unsure or unreadable,wrong,annotator=unsure/none,contradiction | entity | numeric | relational,"১৯৭৪ সালের ৯ ডিসেম্বর বিশ্ববিদ্যালয়ের এক বিশেষ সমাবর্তনে অধ্যাপক সত্যেন্দ্রনাথ বসু (মরণোত্তর), ড. মুহম্মদ শহীদুল্লাহ (মরণোত্তর), কাজী নজরুল ইসলাম, ওস্তাদ আলী আকবর খান, ড. হিরেন্দ্রলাল দে, ড. মুহম্মদ কুদরত-ই-খুদা, অধ্যাপক কাজী মোতাহার হোসেন ও অধ্যাপক আবুল ফজলকে সম্মানসূচক ডক্টরেট ডিগ্রি দান করা হয়। গণপ্রজাতন্ত্রী বাংলাদেশ সরকার ১৯৭৫ সালে জাতীয় অধ্যাপক পদ প্রচলন করে এবং ঐ বছর ১৮ মার্চ কাজী মোতাহার হোসেন, আবদুর রাজ্জাক ও জয়নুল আবেদীনকে ঐ পদে নিযুক্ত করা হয়।",১৯৭৫ সালের ১৮ মার্চ প্রথম কাদের জাতীয় অধ্যাপক পদে নিযুক্ত করা হয়?,"কাজী মোতাহার হোসেন, আবদুর রাজ্জাক ও জয়নুল আবেদীণ",,
train_0559,train,has_context,reading_comprehension,marked unsure or unreadable,wrong,annotator=unsure/none,contradiction | entity | numeric | relational,মিশরের প্রথম রাজবংশের ফারাওদের অধীনেই মিশর প্রথম একটি ঐক্যবদ্ধ রাজ্য হিসেবে আত্মপ্রকাশ করে। শুরুর দিকে এর প্রশাসনিক কেন্দ্র ছিল থিনিস।[1] দ্বিতীয় রাজবংশের সাথে একত্রে প্রথম রাজবংশের শাসনকালকে মিশরের আদি রাজত্ব হিসেবে সাধারণভাবে গণ্য করা হয়ে থাকে।,মিশরের প্রথম রাজবংশের নাম কী ?,ফারাও নয়।,,
train_0567,train,has_context,reading_comprehension,"human says correct, corpus says wrong",wrong,annotator=correct/none,contradiction | entity | numeric | relational,আরমান মিয়া (জন্ম: ১০ অক্টোবর ১৯৭৭) একজন অবসরপ্রাপ্ত বাংলাদেশী পেশাদার ফুটবলার যিনি আক্রমণাত্মক মিডফিল্ডার হিসেবে খেলেন। তিনি ১৯৯৩ থেকে ২০০৬ সাল পর্যন্ত বাংলাদেশ জাতীয় দলের হয়ে খেলেছেন,আরমান মিয়া কবে জন্মগ্রহণ করেন?,১০ অক্টোবর ১৯৭৭,,
train_0606,train,has_context,reading_comprehension,"human says correct, corpus says wrong",wrong,annotator=correct/none,contradiction | entity | numeric | relational,"ইউসুফ আলী চৌধুরী (মোহন মিয়া) (২৯ ডিসেম্বর ১৯০৫ - ২৬ নভেম্বর ১৯৭১) ভারতীয় উপমহাদেশের একজন প্রভাবশালী বাঙ্গালি রাজনীতিবিদ, যিনি ভারত-বিভাগ ও পাকিস্তান প্রতিষ্ঠায় এবং মুসলমান সমাজের উন্নয়নে গুরুত্বপূর্ণ ভূমিকা রেখেছেন। তাঁর পিতা চৌধুরী ময়েজউদ্দীন বিশ্বাস ছিলেন জমিদার। নিজে জমিদার পরিবারের সন্তান হয়েও তিনি ব্রিটিশ আমলে নির্যাতিত প্রজাদের জন্য আন্দোলন শুরু করেন। ব্রিটিশ শাসন বিরোধী আন্দোলনে তাঁর সক্রিয় ভূমিকা ছিল। তাঁর জন্ম: ১৯০৫ খ্রিস্টাব্দের ২৯শে ডিসেম্বর, মৃত্যু: ১৯৭১ খ্রিস্টাব্দের ২৬শে নভেম্বর। ১৯৫৪ খ্রিস্টাব্দের যুক্তফ্রন্ট নির্বাচনে অংশ নিয়ে তিনি পূর্ব পাকিস্তানের প্রাদেশিক পরিষদের সদ",ইউসুফ আলী চৌধুরী কবে জন্মগ্রহণ করেন?,২৯ ডিসেম্বর ১৯০৫,,
train_0727,train,has_context,history,marked unsure or unreadable,wrong,annotator=unsure/none,contradiction | entity | numeric | relational,২০২৩-বর্তমান: ইংল্যান্ডের বিপক্ষে তৃতীয় ওডিআই ম্যাচে তিনি এক দিনের আন্তর্জাতিক ক্রিকেটে প্রথম বাংলাদেশী বোলার এবং সামগ্রিকভাবে ১৪তম বোলার হিসেবে ৩০০ উইকেট শিকারি হন। ১৮ই মার্চ আয়ারল্যান্ডের বিপক্ষে প্রথম ওডিআইয়ে ৯৩ রান করেন এবং সনাথ জয়াসুরিয়া ও শহীদ আফ্রিদির পর তৃতীয় ক্রিকেটার হিসেবে ৭০০০ রান ও ৩০০ উইকেট শিকারি হন।,সাকিব ছাড়া আর কোন দুই ক্রিকেটার ৭০০০ রান ও ৩০০ উইকেটের মাইলফলক স্পর্শ করেছেন?,সনাথ জয়াসুরিয়া ও শহীদ আফ্রিদী,,
train_0873,train,has_context,history,marked unsure or unreadable,wrong,annotator=unsure/none,contradiction | entity | numeric | relational,"উল্লেখযোগ্য প্রাক্তন ছাত্র: অ্যাডমিরাল জাফর মাহমুদ আব্বাসি – পাকিস্তান নৌবাহিনীর দায়িত্বে থাকা চিফ। মুহাম্মদ জাকাউল্লাহ – প্রাক্তন চিফ অফ নেভাল স্টাফ, পাকিস্তান নেভি। খালিদ শামীম ওয়াইন – জয়েন্ট চিফস অফ স্টাফ কমিটির চেয়ারম্যান। আব্বাস খাত্তাক – বিমান বাহিনী প্রধান, পাকিস্তান বিমান বাহিনী।","ক্যাডেট কলেজ হাসান আবদালের একজন উল্লেখযোগ্য প্রাক্তন ছাত্র যিনি পাকিস্তান নৌবাহিনীর চিফ ছিলেন, তার নাম কী?",অ্যাডমিরাল জাফর মাহমুদ আব্বাসী,,
train_0900,train,no_context,science,marked unsure or unreadable,wrong,annotator=unsure/none,fabricated | overclaim,,সোডিয়াম সালফাইডের জারণে কোন পদার্থ ঋণাত্মক অণুঘটক হিসেবে কাজ করে?,ম্যাঙ্গানিজ ডাই অক্সাইড,,
train_0910,train,has_context,reading_comprehension,marked unsure or unreadable,wrong,annotator=unsure/none,contradiction | entity | numeric | relational,"বিশ্বজনীন অবস্থান-নির্ণায়ক ব্যবস্থা, যাকে মূল ইংরেজিতে Global Positioning System (গ্লোবাল পজিশনিং সিস্টেম) ও সংক্ষেপে GPS (জিপিএস) নামে ডাকা হয়, মার্কিন যুক্তরাষ্ট্রের প্রতিরক্ষা মন্ত্রণালয় কর্তৃক ১৯৭০-এর দশকের শুরুর দিকে উদ্ভাবিত একটি প্রযুক্তি।[1] প্রথম দিকে এর প্রয়োগ ছিল পুরোপুরি সামরিক। পরে জনসাধারণের নিমিত্তে এর ব্যবহার উন্মুক্ত করা হয়। এটি একটি কৃত্রিম উপগ্রহভিত্তিক যোগাযোগ ব্যবস্থা। যেকোন আবহাওয়াতে পৃথিবী যেকোনো চলমান অবস্থান আর সময়ের তথ্য সরবরাহ করাটা এর মূল কাজ। জিপিএস এক ধরনের একমুখী ব্যবস্থা কারণ ব্যবহারকারীগণ উপগ্রহ প্রেরিত সঙ্কেত শুধুমাত্র গ্রহণ করতে পারে।",বিশ্বজনীন অবস্থান-নির্ণায়ক ব্যবস্থা প্রথম কোথায় চালু হয় ?,১৯৭০-এর দশকের শুরুর দিকে,,
train_0914,train,has_context,history,marked unsure or unreadable,wrong,annotator=unsure/none,contradiction | entity | numeric | relational,প্রথম টেস্টে অস্ট্রেলিয়ার প্রথম ইনিংসে উইকেটরক্ষক হিল্ডা হিলস নাক ভেঙে ২ রানে আহত হয়ে মাঠ ছাড়েন। এরপর হিলস আর ম্যাচে অংশ নেননি এবং তার পরিবর্তে হ্যাজেল প্রিচার্ড উইকেটরক্ষকের দায়িত্ব নেন। ম্যাকল্যাগান ৭২ রান করার পর পঞ্চম নারী ব্যাটসম্যান হিসেবে আউট হন।,প্রথম টেস্টে ইংল্যান্ড কত ওভারে অস্ট্রেলিয়াকে অলআউট করে?,"নির্দিষ্ট ওভার উল্লেখ নেই, তবে ৫০ রানে অলআউট হয়",,
train_0959,train,has_context,reading_comprehension,"human says correct, corpus says wrong",wrong,annotator=correct/none,contradiction | entity | numeric | relational,দামোদর দেব (১৪৮৮-১৫৯৮) ষোড়শ শতকের এক শরণ নামধর্মের একজন বিখ্যাত ধর্ম প্রচারক। ১৪৮৮ খ্রীষ্টাব্দে নগাঁও জেলার নালচাতে তার জন্ম হয়েছিল। দামোদর দেব শ্রীমন্ত শংকরদেব-এর সামসাময়িক ছিলেন এবং ভট্টদেব-এর মত সাহিত্যিককে প্রেরণা যুগিয়েছিলেন।,দামোদর দেব কবে জন্মগ্রহণ করেন?,১৪৮৮,,
train_0970,train,has_context,history,marked unsure or unreadable,wrong,annotator=unsure/none,contradiction | entity | numeric | relational,"শ্রীপুর সরকারি কলেজ দ্বারা বোঝানো হতে পারে -শ্রীপুর সরকারি কলেজ, গাজীপুর - ১৯৬৮ সালে বাংলাদেশের গাজীপুরে প্রতিষ্ঠিত কলেজ।শ্রীপুর সরকারি কলেজ, মাগুরা - ১৯৬৯ সালে বাংলাদেশের মাগুরায় প্রতিষ্ঠিত কলেজ।",শ্রীপুর সরকারি কলেজ কত সালে প্রতিষ্ঠিত হয়?,১৯৬৮,,
train_0974,train,has_context,reading_comprehension,"human says correct, corpus says wrong",wrong,annotator=correct/none,contradiction | entity | numeric | relational,জেসিকা ফিত্রিয়ানা মার্তাসারি আলফারিসি (জন্ম ৩১ মার্চ ১৯৯৫) হলেন একজন ইন্দোনেশীয় মডেল এবং বিউটি পেজেন্ট খেতাবধারী। তিনি পুত্যেরি ইন্দোনেশিয়া পারিওয়িসাতা ২০১৯ বা 'মিস সুপ্রান্যাশনাল ইন্দোনেশিয়া ২০১৯' খেতাব অর্জন করেন। তিনি মিস সুপ্রান্যাশনাল ২০১৯ প্রতিযোগিতায় ইন্দোনেশিয়ার প্রতিনিধিত্ব করেন এবং সেখানে দ্বিতীয় রানার-আপ হন। এটি মিস সুপ্রান্যাশনাল প্রতিযোগিতায় ইন্দোনেশিয়ার অর্জন করা সর্বোচ্চ স্থানগুলোর একটি। জেসিকা হলেন এই প্রতিযোগিতার ফাইনালে পৌঁছানো ষষ্ঠ ইন্দোনেশীয় এবং তার মাধ্যমে টানা পাঁচ বছর ইন্দোনেশিয়া এই প্রতিযোগিতায় স্থান ধরে রাখে। জেসিকা ইন্দোনেশিয়ার পর্যটন মন্ত্রণালয়ের ব্র্য,জেসিকা ফিত্রিয়ানা কবে জন্মগ্রহণ করেন?,৩১ মার্চ ১৯৯৫,,
train_1024,train,has_context,history,marked unsure or unreadable,wrong,annotator=unsure/none,contradiction | entity | numeric | relational,"ইউনেস্কো ১৯৯৯ সালের ১৭ নভেম্বর বাংলা ভাষা আন্দোলন, মানুষের ভাষা এবং কৃষ্টির অধিকারের প্রতি সম্মান জানিয়ে ২১শে ফেব্রুয়ারিকে আন্তর্জাতিক মাতৃভাষা দিবস হিসেবে ঘোষণা করে যা বৈশ্বিক পর্যায়ে সাংবার্ষিকভাবে গভীর শ্রদ্ধা ও যথাযোগ্য মর্যাদার সাথে উদ্‌যাপন করা হয়।",ইউনেস্কো আন্তর্জাতিক মাতৃভাষা দিবস ঘোষণা করার সময় কোন বিষয়ের প্রতি সম্মান জানায়?,মানুষের ভাষা ও কৃষ্টির অধিখার,,
train_1036,train,has_context,reading_comprehension,"human says correct, corpus says wrong",wrong,annotator=correct/none,contradiction | entity | numeric | relational,"শচীন রমেশ টেন্ডুলকর (বিকল্প প্রতিবর্ণীকরণ: শচীন টেন্ডুলকার, শচিন টেন্ডুলকার) (/səˈtʃɪn tɛnˈduːlkər/(listen)) (Marathi: सचिन तेंडुलकर; জন্ম এপ্রিল ২৪, ১৯৭৩) একজন প্রাক্তন ভারতীয় ক্রিকেটার, ক্রিকেট ইতিহাসের সর্বোচ্চমানের ব্যাটসম্যান হিসেবে বিশ্বব্যাপী স্বীকৃত।[1][2] শচীনের মাত্র ষোলো বছর বয়সে পাকিস্তানের বিরুদ্ধে টেস্ট ক্রিকেটে অভিষেক হয় এবং এরপর থেকে প্রায় চব্বিশ বছর তিনি আন্তর্জাতিক স্তরে ভারতের হয়ে ক্রিকেট খেলেন। তিনি টেস্ট ক্রিকেট ও একদিনের আন্তর্জাতিক ক্রিকেট খেলায় সর্বোচ্চসংখ্যক শতকের অধিকারীসহ বেশ কিছু বিশ্বরেকর্ড ধারণ করে আছেন। তিনি প্রথম ক্রিকেটার হিসেবে একদিনের আন্তর্জাতিক ক্রিকেট খেলা ও টেস্ট ক্রিকেট ম্যাচ মিলিয়ে শততম শতক করেন। বাংলাদেশের বিপক্ষে ২০১২ সালের এশিয়া কাপ চারদেশীয় ক্রিকেট ম্যাচে তিনি এই রেকর্ড করেন।[3] একদিনের আন্তর্জাতিক ক্রিকেট খেলার ইতিহাসে প্রথম দ্বি-শতরানের মালিক তিনি।[4][5][6][7] ২০১৩ খ্রিষ্টাব্দের ৫ই অক্টোবর, তিনি সমস্ত ধরণের স্বীকৃত ক্রিকেট খেলায় প্রথম ভারতীয় হিসেবে মোট ৫০,০০০ রানের মালিক হন।[8][9][10]",শচীন তেন্ডুলকর কবে জন্মগ্রহণ করেন ?,"এপ্রিল ২৪, ১৯৭৩",,
train_1075,train,has_context,history,marked unsure or unreadable,wrong,annotator=unsure/none,contradiction | entity | numeric | relational,"৬৩৪ সালে মুসলিম আরব শাসক খালিদ-ইবন-ওয়ালিদ দামেস্ককে নতুনভাবে নির্মাণ ও অন্য উচ্চতায় নিয়ে যান। ষষ্ঠ উমাইয়া খলিফা আল-ওয়ালিদ (৭০৫-৭১৫) ৭০৬ সালে বায়জানাইথ ক্যাথেড্রাল এর পাশে একটি মসজিদ নির্মাণের জন্য একটি কমিশন গঠন করেন। মসজিদের নির্মাণকাজ শেষ হয় ৭১৫ খ্রিষ্টাব্দে, তার উত্তরাধিকার সুলায়মান ইবন আব্দ-আল-মালিক (৭১৫-৭১৭) এর শাসনামলে।",৭০৬ সালে কোন খলিফা মসজিদ নির্মাণের কমিশন গঠন করেছিলেন?,ষষ্ঠ উমাইয়া খলিফা আল-ওয়ালিধ,,
train_1115,train,has_context,history,marked unsure or unreadable,wrong,annotator=unsure/none,contradiction | entity | numeric | relational,ওয়েস্ট ইন্ডিজ আয়োজিত '২০০৭ ক্রিকেট বিশ্বকাপ' এ হাবিবুল বাশারের নেতৃত্বাধীন বাংলাদেশ স্কোয়াডে ডাক পান এই তরুণ ক্রিকেটার। টুর্নামেন্টের দ্বিতীয় পর্বে যেতে সক্ষম হয় এই দল এবং ৭ নম্বর টিম হিসেবে টুর্নামেন্ট শেষ করে। বাংলাদেশের পক্ষে সর্বোচ্চ রান করেন মোহাম্মদ আশরাফুল (২১৬)।,২০০৭ বিশ্বকাপে বাংলাদেশ দলের অধিনায়ক কে ছিলেন?,হাবিবুল বাসার,,
train_1189,train,has_context,history,"human says correct, corpus says wrong",wrong,annotator=correct/none,contradiction | entity | numeric | relational,প্রথম শহীদ স্মৃতিস্তম্ভ রাজশাহী নামে খ্যাত স্তম্ভটি ১৯৫২ সালের ২১ ফেব্রুয়ারি সন্ধ্যায় রাজশাহী কলেজ মুসলিম হোস্টেলের এফ ব্লকের সামনে ইট-কাদা দিয়ে নির্মাণ করা হয়। এই স্মৃতিস্তম্ভটি ২২ ফেব্রুয়ারি পুলিশ প্রশাসন দ্বারা ভেঙে ফেলা হয়।,প্রথম শহীদ স্মৃতিস্তম্ভ কোথায় নির্মিত হয়?,রাজশাহী কলেজ মুসলিম হোস্টেলে,,
train_1201,train,has_context,history,marked unsure or unreadable,wrong,annotator=unsure/none,contradiction | entity | numeric | relational,"কলকাতা বিশ্ববিদ্যালয় কমিশন ঢাকা বিশ্ববিদ্যালয় প্রতিষ্ঠার ব্যাপারে তেরোটি সুপারিশ করেছিল, এবং কিছু রদবদল সহ তা ১৯২০ সালের ভারতীয় আইন সভায় গৃহীত হয়। ভারতের তদানীন্তন গভর্নর জেনারেল ১৯২০ সালের ২৩শে মার্চ তাতে সম্মতি প্রদান করেন। স্যাডলার কমিশনের অন্যতম সদস্য লন্ডন বিশ্ববিদ্যালয়ের একাডেমিক রেজিস্টার পি. জে. হার্টগ ১৯২০ সালের ১লা ডিসেম্বর ঢাকা বিশ্ববিদ্যালয়ের উপাচার্য হিসেবে নিয়োগ প্রাপ্ত হন। ১৯২১ সালের ১লা জুলাই ঢাকা বিশ্ববিদ্যালয় আনুষ্ঠানিক ভাবে কার্যক্রম শুরু করে।",১৯২০ সালের ডিসেম্বরে ঢাকা বিশ্ববিদ্যালয়ের উপাচার্য কে হন?,পি. জে. হার্টঘ,,
